"year_month","regional_office_name","regional_office_code","icb_name","icb_code","pco_name","pco_code","practice_name","practice_code","address_1","address_2","address_3","address_4","postcode","bnf_chemical_substance_code","bnf_chemical_substance","bnf_presentation_code","bnf_presentation_name","bnf_chapter_plus_code","quantity","items","total_quantity","adq_usage","nic","actual_cost","unidentified","snomed_code"
"2026-07","MIDLANDS","Y60","NHS SHROPSHIRE, TELFORD AND WREKIN INTEGRATED CARE BOARD","QOC","NHS SHROPSHIRE, TELFORD AND WREKIN ICB - M2L0M","M2L0M","PLAS FFYNNON MEDICAL CTRE","M82005","PLAS FFYNNON MEDICAL CTRE","MIDDLETON ROAD","OSWESTRY","SHROPSHIRE","SY11 2RB","0407020Q0","Morphine sulfate","0407020Q0BKAAEF","Zomorph 10mg modified-release capsules","04: Central Nervous System","112.","1","112.","11.2","6.48","6.5924","N","3652111000001109"
"2026-07","NORTH EAST AND YORKSHIRE","Y63","NHS SOUTH YORKSHIRE INTEGRATED CARE BOARD","QF7","NHS SOUTH YORKSHIRE ICB - 02P","02P00","WOODLAND DRIVE MEDICAL CENTRE","C85006","WOODLAND DRIVE","","BARNSLEY","","S70 6QW","0913161A0","Powder thickener - gum based (0913161)","0913161A0BBABAE","Thick & Easy Clear powder","09: Nutrition and Blood","252.","3","756.","0.","41.7","39.6603","N","29093911000001102"
"2026-07","SOUTH EAST","Y59","NHS SURREY AND SUSSEX INTEGRATED CARE BOARD","S9B9J","NHS SURREY AND SUSSEX ICB - 70F","70F00","PARK SURGERY","H82039","THE PARK SURGERY","ST.FLORA'S ROAD","LITTLEHAMPTON","WEST SUSSEX","BN17 6BF","0212000Y0","Simvastatin","0212000Y0AAADAD","Simvastatin 40mg tablets","02: Cardiovascular System","28.","26","728.","970.66667","26.52","26.8424","N","42382311000001100"
"2026-07","SOUTH WEST","Y58","NHS GLOUCESTERSHIRE INTEGRATED CARE BOARD","QR1","NHS GLOUCESTERSHIRE ICB - 11M","11M00","DEAN MEDICAL PRACTICE","L84029","DEAN MEDICAL PRACTICE","MILLEND","BLAKENEY","GLOUCESTERSHIRE","GL15 4ED","0411000E0","Rivastigmine","0411000E0AAAFAF","Rivastigmine 4.6mg/24hours transdermal patches","04: Central Nervous System","30.","1","30.","0.","77.97","74.09905","N","44115111000001106"
"2026-07","EAST OF ENGLAND","Y61","NHS ESSEX INTEGRATED CARE BOARD","D7T5G","NHS ESSEX ICB - 99E","99E00","TILE HOUSE SURGERY","F81038","TILE HOUSE SURGERY","33 SHENFIELD ROAD","BRENTWOOD","ESSEX","CM15 8AQ","0302000C0","Beclometasone dipropionate","0302000C0BPACBV","Clenil Modulite 200micrograms/dose inhaler","03: Respiratory System","1.","3","3.","600.","48.51","46.13112","N","10619311000001107"
"2026-07","MIDLANDS","Y60","NHS DERBY AND DERBYSHIRE INTEGRATED CARE BOARD","QJ2","NHS DERBY AND DERBYSHIRE ICB - 15M","15M00","PARKSIDE SURGERY","C81053","PARKSIDE SURGERY","ALFRETON PRIMARY CARE CTR","CHURCH STREET, ALFRETON","DERBYSHIRE","DE55 7AH","0304010D0","Loratadine","0304010D0AAAFAF","Loratadine 5mg/5ml oral solution sugar free","03: Respiratory System","200.","1","200.","20.","7.56","7.19587","N","36904111000001102"
"2026-07","LONDON","Y56","NHS SOUTH WEST LONDON INTEGRATED CARE BOARD","QWE","NHS SOUTH WEST LONDON ICB - 36L","36L00","MITCHAM & TOOTING HEALTH","H85024","THE MITCHAM MEDICAL CTR","81 HASLEMERE AVENUE","MITCHAM","SURREY","CR4 3PR","0401010AD","Melatonin","0401010ADAAAAAA","Melatonin 2mg modified-release tablets","04: Central Nervous System","60.","1","60.","0.","5.34","5.3524","N","8025411000001104"
"2026-07","SOUTH EAST","Y59","NHS HAMPSHIRE AND ISLE OF WIGHT INTEGRATED CARE BOARD","QRL","NHS HAMPSHIRE AND ISLE OF WIGHT ICB - D9Y0V","D9Y0V","COASTAL MEDICAL PARTNERSHIP","J82007","MILTON MEDICAL CENTRE","AVENUE ROAD","NEW MILTON","HAMPSHIRE","BH25 5JP","0601060D0","Glucose blood testing reagents","0601060D0CUABA0","GlucoRx Nexus testing strips","06: Endocrine System","100.","39","3900.","0.","698.1","629.68983","N","18334511000001103"
"2026-07","MIDLANDS","Y60","NHS DERBY AND DERBYSHIRE INTEGRATED CARE BOARD","QJ2","NHS DERBY AND DERBYSHIRE ICB - 15M","15M00","WOODVILLE SURGERY","C81060","THE SURGERY","71 BURTON ROAD, WOODVILLE","SWADLINCOTE","DERBYSHIRE","DE11 7JE","0105010B0","Mesalazine (Systemic)","0105010B0BIAAAS","Octasa 800mg MR gastro-resistant tablets","01: Gastro-Intestinal System","360.","1","360.","180.","161.5","161.5124","N","18482611000001107"
"2026-07","NORTH WEST","Y62","NHS CHESHIRE AND MERSEYSIDE INTEGRATED CARE BOARD","QYG","NHS CHESHIRE AND MERSEYSIDE ICB - 99A","99A00","THE VILLAGE SURGERY","N82034","SOUTH LIVERPOOL NHS T.CTR","32 CHURCH ROAD","LIVERPOOL","","L19 2LW","1304000F0","Betamethasone valerate","1304000F0AACCCC","Betamethasone valerate 0.1% / Fusidic acid 2% cream","13: Skin","30.","12","360.","0.","76.56","72.89567","N","41892811000001109"
"2026-07","SOUTH EAST","Y59","NHS HAMPSHIRE AND ISLE OF WIGHT INTEGRATED CARE BOARD","QRL","NHS HAMPSHIRE AND ISLE OF WIGHT ICB - D9Y0V","D9Y0V","ST.HELENS MEDICAL CENTRE","J84007","ST.HELENS MEDICAL CENTRE","UPPER GREEN ROAD","ST.HELENS","ISLE OF WIGHT","PO33 1UG","0101021B0","Alginic acid compound preparations","0101021B0BIABAH","Peptac liquid peppermint","01: Gastro-Intestinal System","500.","12","6000.","0.","56.28","53.62573","N","9525811000001103"
"2026-07","NORTH WEST","Y62","NHS GREATER MANCHESTER INTEGRATED CARE BOARD","QOP","NHS GREATER MANCHESTER ICB - 00T","00T00","STONEHILL MEDICAL CENTRE","P82008","STONEHILL MEDICAL CENTRE","PIGGOTT ST,FARNWORTH","BOLTON","LANCASHIRE","BL4 9QZ","0205051R0","Ramipril","0205051R0AAADAD","Ramipril 10mg capsules","02: Cardiovascular System","14.","7","98.","196.","10.15","10.9368","N","42381211000001101"
"2026-07","NORTH EAST AND YORKSHIRE","Y63","NHS NORTH EAST AND NORTH CUMBRIA INTEGRATED CARE BOARD","QHM","NHS NORTH EAST AND NORTH CUMBRIA ICB - 99C","99C00","HADRIAN HEALTH CENTRE","A87029","ELTON STREET EAST","","WALLSEND","TYNE & WEAR","NE28 8QU","0103050P0","Omeprazole","0103050P0AAAFAF","Omeprazole 10mg gastro-resistant capsules","01: Gastro-Intestinal System","14.","5","70.","35.","2.05","2.20104","N","42356211000001101"
"2026-07","EAST OF ENGLAND","Y61","NHS ESSEX INTEGRATED CARE BOARD","D7T5G","NHS ESSEX ICB - 99F","99F00","CONNER & PARTNERS","F81061","RIVERSIDE MEDICAL CENTRE","175 FERRY ROAD","HULLBRIDGE, HOCKLEY","ESSEX","SS5 6JH","0304010D0","Loratadine","0304010D0AAAAAA","Loratadine 10mg tablets","03: Respiratory System","28.","1","28.","28.","0.68","0.65608","N","42192711000001108"
"2026-07","LONDON","Y56","NHS WEST AND NORTH LONDON INTEGRATED CARE BOARD","Z9B2Z","NHS WEST AND NORTH LONDON ICB - 93C","93C00","COCKFOSTERS MEDICAL CTRE","F85016","COCKFOSTERS MEDICAL CTRE","HEDDON COURT AVENUE","COCKFOSTERS, BARNET","HERTFORDSHIRE","EN4 9NB","0902013S0","Sodium bicarbonate","0902013S0AAACAC","Sodium bicarbonate 500mg capsules","09: Nutrition and Blood","28.","4","112.","0.","10.44","8.79672","N","41988711000001107"
"2026-07","MIDLANDS","Y60","NHS STAFFORDSHIRE AND STOKE-ON-TRENT INTEGRATED CARE BOARD","QNC","NHS STAFFORDSHIRE AND STOKE-ON-TRENT ICB - 05W","05W00","MEIR PARK & WESTON COYNEY MEDICAL PRACT","M83047","MEIR PARK SURGERY","LYSANDER ROAD, MEIR","STOKE ON TRENT","STAFFORDSHIRE","ST3 7TW","0209000C0","Clopidogrel","0209000C0AAAAAA","Clopidogrel 75mg tablets","02: Cardiovascular System","60.","1","60.","60.","2.01","1.61946","N","39689111000001106"
"2026-07","SOUTH EAST","Y59","NHS KENT AND MEDWAY INTEGRATED CARE BOARD","QKS","NHS KENT AND MEDWAY ICB - 91Q","91Q00","ST ANDREWS MEDICAL CENTRE","G82137","133 LONDON ROAD","SOUTHBOROUGH","TUNBRIDGE WELLS","KENT","TN4 0NA","1003020AF","Diclofenac diethyl","1003020AFBBAAAA","Voltarol 1.16% Emulgel","10: Musculoskeletal and Joint Diseases","100.","1","100.","0.","4.63","4.4118","N","2894011000001109"
"2026-07","LONDON","Y56","NHS WEST AND NORTH LONDON INTEGRATED CARE BOARD","Z9B2Z","NHS WEST AND NORTH LONDON ICB - W2U3Z","W2U3Z","ALBANY PRACTICE","E85004","THE ALBANY PRACTICE","BRENTFORD HEALTH CENTRE","BOSTON MANOR ROAD","BRENTFORD, MIDDLESEX","TW8 8DS","0407020Q0","Morphine sulfate","0407020Q0BCAGCN","Oramorph 10mg/5ml oral solution","04: Central Nervous System","300.","2","600.","12.","10.9","10.38192","N","3164311000001109"
"2026-07","SOUTH WEST","Y58","NHS DORSET INTEGRATED CARE BOARD","QVV","NHS DORSET ICB - 11J","11J00","WYKE REGIS & LANEHOUSE MEDICAL PRACTICE","J81051","WYKE REGIS MEDICAL PRACT","PORTLAND ROAD, WYKE REGIS","WEYMOUTH","DORSET","DT4 9BE","0408010N0","Phenobarbital","0408010N0AAALAL","Phenobarbital 60mg tablets","04: Central Nervous System","56.","2","112.","74.66667","18.4","18.4248","N","42134011000001108"
"2026-07","LONDON","Y56","NHS SOUTH WEST LONDON INTEGRATED CARE BOARD","QWE","NHS SOUTH WEST LONDON ICB - 36L","36L00","WIMBLEDON VILLAGE SURGERY","H85027","35A HIGH STREET","","WIMBLEDON","LONDON","SW19 5BY","1310020H0","Clotrimazole","1310020H0AAABAB","Clotrimazole 1% cream","13: Skin","50.","2","100.","0.","7.66","6.14922","N","41894811000001103"
"2026-07","MIDLANDS","Y60","NHS NORTHAMPTONSHIRE INTEGRATED CARE BOARD","QPM","NHS NORTHAMPTONSHIRE ICB - 78H","78H00","THE PARKS MEDICAL PRACTICE","K83052","ROADE MEDICAL CENTRE","16 LONDON ROAD","ROADE","NORTHAMPTON","NN7 2NN","0906040G0","Colecalciferol","0906040G0BRABBW","Calcichew D3 Forte chewable tablets","09: Nutrition and Blood","30.","1","30.","0.","2.12","1.88405","N","45611000001108"
"2026-07","LONDON","Y56","NHS WEST AND NORTH LONDON INTEGRATED CARE BOARD","Z9B2Z","NHS WEST AND NORTH LONDON ICB - W2U3Z","W2U3Z","BELMONT HEALTH CENTRE","E84069","BELMONT HEALTH CENTRE","516 KENTON LANE, KENTON","HARROW","MIDDLESEX","HA3 7LT","0402010AD","Aripiprazole","0402010ADAAABAB","Aripiprazole 15mg tablets","04: Central Nervous System","7.","9","63.","0.","2.43","2.95447","N","42268211000001103"
"2026-07","NORTH WEST","Y62","NHS GREATER MANCHESTER INTEGRATED CARE BOARD","QOP","NHS GREATER MANCHESTER ICB - 00Y","00Y00","LEESBROOK SURGERY","P85005","LEESBROOK SURGERY","MELLOR STREET","LEES, OLDHAM","","OL4 3DG","0409020S0","Procyclidine hydrochloride","0409020S0AAAEAE","Procyclidine 5mg tablets","04: Central Nervous System","14.","2","28.","9.33333","1.32","1.28018","N","42040411000001103"
"2026-07","NORTH WEST","Y62","NHS CHESHIRE AND MERSEYSIDE INTEGRATED CARE BOARD","QYG","NHS CHESHIRE AND MERSEYSIDE ICB - 99A","99A00","STANLEY MEDICAL CENTRE","N82651","BOUSFIELD HEALTH CENTRE","WESTMINISTER ROAD","","LIVERPOOL","L4 4PP","0408010A0","Levetiracetam","0408010A0AAABAB","Levetiracetam 500mg tablets","04: Central Nervous System","7.","4","28.","9.33333","1.36","1.53696","N","42131311000001108"
"2026-07","NORTH WEST","Y62","NHS LANCASHIRE AND SOUTH CUMBRIA INTEGRATED CARE BOARD","QE1","NHS LANCASHIRE AND SOUTH CUMBRIA ICB - 00Q","00Q00","WITTON MEDICAL CENTRE","P81022","WITTON MEDICAL CENTRE","PRESTON OLD RD, WITTON","BLACKBURN","LANCASHIRE","BB2 2SU","0601060W0","Ketone blood testing reagents","0601060W0BKAAA0","Glucofix Tech beta-ketone Sensor testing strips","06: Endocrine System","10.","6","60.","0.","59.7","53.88275","N","41761611000001104"
"2026-07","MIDLANDS","Y60","NHS COVENTRY AND WARWICKSHIRE INTEGRATED CARE BOARD","QWU","NHS COVENTRY AND WARWICKSHIRE ICB - B2M3M","B2M3M","PARK LEYS MEDICAL PRACTICE","M84012","PARK LEYS MED PRACTICE","KERESLEY GREEN MED CENTRE","COVENTRY","WEST MIDLANDS","CV6 2FL","1002020T0","Tizanidine hydrochloride","1002020T0AAABAB","Tizanidine 2mg tablets","10: Musculoskeletal and Joint Diseases","56.","1","56.","0.","2.16","1.83939","N","42043411000001106"
"2026-07","NORTH WEST","Y62","NHS CHESHIRE AND MERSEYSIDE INTEGRATED CARE BOARD","QYG","NHS CHESHIRE AND MERSEYSIDE ICB - 01J","01J00","CORNERWAYS MEDICAL CENTRE","N83025","NORTH HUYTON PCRC","WOOLFALL HEATH AVENUE","HUYTON","MERSEYSIDE","L36 3TN","0106010E0","Ispaghula husk","0106010E0AAADAD","Ispaghula husk 3.5g efferv gran sach gluten free sugar free","01: Gastro-Intestinal System","28.","1","28.","14.","5.9","5.71855","N","38897111000001108"
"2026-07","MIDLANDS","Y60","NHS HEREFORDSHIRE AND WORCESTERSHIRE INTEGRATED CARE BOARD","QGH","NHS HEREFORDSHIRE AND WORCESTERSHIRE ICB - 18C","18C00","HILLVIEW MEDICAL CENTRE","M81041","HILLVIEW MEDICAL CENTRE","60 BROMSGROVE ROAD","REDDITCH","WORCESTERSHIRE","B97 4RN","1001030U0","Methotrexate","1001030U0AAABAB","Methotrexate 2.5mg tablets","10: Musculoskeletal and Joint Diseases","48.","1","48.","0.","2.78","2.8924","N","41792011000001100"
"2026-07","SOUTH EAST","Y59","NHS KENT AND MEDWAY INTEGRATED CARE BOARD","QKS","NHS KENT AND MEDWAY ICB - 91Q","91Q00","CITY WAY SURGERY","G82051","CITY WAY SURGERY","67 CITY WAY","ROCHESTER","KENT","ME1 2AY","0704020AA","Duloxetine hydrochloride","0704020AAAAAAAA","Duloxetine 20mg gastro-resistant capsules","07: Obstetrics, Gynaecology and Urinary-Tract Disorders","56.","1","56.","18.66667","5.24","4.20195","N","8013111000001100"
"2026-07","NORTH WEST","Y62","NHS GREATER MANCHESTER INTEGRATED CARE BOARD","QOP","NHS GREATER MANCHESTER ICB - 02A","02A00","DELAMERE MEDICAL PRACTICE","P91018","THE DELAMERE MED PRACT","DELAMERE AVENUE","STRETFORD","MANCHESTER","M32 0DF","0106040M0","Macrogol 3350","0106040M0BGABAA","CosmoCol Orange Flavour oral powder sachets","01: Gastro-Intestinal System","30.","2","60.","0.","13.2","12.56736","N","24577211000001105"
"2026-07","MIDLANDS","Y60","NHS BIRMINGHAM AND SOLIHULL INTEGRATED CARE BOARD","QHL","NHS BIRMINGHAM AND SOLIHULL ICB - 15E","15E00","COTMORE SURGERY","M85792","169 OLD OSCOTT LANE","GREAT BARR","BIRMINGHAM","","B44 8TU","0406000T0","Prochlorperazine maleate","0406000T0AAAGAG","Prochlorperazine 5mg tablets","04: Central Nervous System","10.","1","10.","5.","0.31","0.36026","N","42040311000001105"
"2026-07","SOUTH EAST","Y59","NHS THAMES VALLEY INTEGRATED CARE BOARD","S0E4D","NHS THAMES VALLEY ICB - 15A","15A00","COLEY PARK SURGERY","K81636","80 WENSLEY ROAD","COLEY PARK","READING","BERKSHIRE","RG1 6DN","1306010H0","Adapalene","1306010H0BBABAB","Differin 0.1% cream","13: Skin","50.","1","50.","0.","18.26","17.36295","N","54911000001103"
"2026-07","SOUTH EAST","Y59","NHS THAMES VALLEY INTEGRATED CARE BOARD","S0E4D","NHS THAMES VALLEY ICB - 14Y","14Y00","THE CROSS KEYS PRACTICE","K82021","THE CROSS KEYS PRACTICE","60 HIGH STREET","PRINCES RISBOROUGH","BUCKINGHAMSHIRE","HP27 0AX","0103050L0","Lansoprazole","0103050L0AAABAB","Lansoprazole 15mg gastro-resistant capsules","01: Gastro-Intestinal System","84.","1","84.","63.","2.43","1.95527","N","42354511000001109"
"2026-07","NORTH WEST","Y62","NHS CHESHIRE AND MERSEYSIDE INTEGRATED CARE BOARD","QYG","NHS CHESHIRE AND MERSEYSIDE ICB - 01J","01J00","MARSS NHS KNOWSLEY CCG","Y07340","17-20 GLACIER BUILDINGS","HARRINGTON ROAD","LIVERPOOL","MERSEYSIDE","L3 4BH","2385","Skin Protectors","23854108549","Salts Aloe ring 25mm","23: Stoma Appliances","60.","1","60.","0.","79.12","79.12","N","22268611000001103"
"2026-07","EAST OF ENGLAND","Y61","NHS CENTRAL EAST INTEGRATED CARE BOARD","S1Y5D","NHS CENTRAL EAST ICB - M1J4Y","M1J4Y","LEIGHTON ROAD SURGERY","E81044","LEIGHTON ROAD SURGERY","1 LEIGHTON ROAD, LINSLADE","LEIGHTON BUZZARD","BEDFORDSHIRE","LU7 1LB","2101","Other Appliances","21011200250","Ring pessary 1.25cm thick, 50-80mm diameter, PVC","21: Appliances","1.","1","1.","0.","2.68","2.42792","N","3441911000001102"
"2026-07","MIDLANDS","Y60","NHS STAFFORDSHIRE AND STOKE-ON-TRENT INTEGRATED CARE BOARD","QNC","NHS STAFFORDSHIRE AND STOKE-ON-TRENT ICB - 05V","05V00","RISING BROOK","M83036","RISING BROOK SURGERY","THE HEALTH CTR,MERREY RD","STAFFORD","STAFFORDSHIRE","ST17 9LY","0408010A0","Levetiracetam","0408010A0BBACAC","Keppra 1g tablets","04: Central Nervous System","120.","1","120.","80.","190.68","190.6924","N","3637411000001100"
"2026-07","SOUTH WEST","Y58","NHS BATH AND NORTH EAST SOMERSET, SWINDON AND WILTSHIRE INTEGRATED CARE BOARD","QOX","NHS BATH AND NORTH EAST SOMERSET, SWINDON AND WILTSHIRE ICB - 92G","92G00","BOX SURGERY","J83013","LONDON ROAD","BOX","CORSHAM","WILTSHIRE","SN13 8NA","2101","Other Appliances","21010900703","GlucoRx CarePoint hypod insulin needles for pre-filled / reusable pen injectors screw on 4mm/31gauge","21: Appliances","200.","1","200.","0.","5.5","4.96962","N","19800111000001105"
"2026-07","SOUTH WEST","Y58","NHS BATH AND NORTH EAST SOMERSET, SWINDON AND WILTSHIRE INTEGRATED CARE BOARD","QOX","NHS BATH AND NORTH EAST SOMERSET, SWINDON AND WILTSHIRE ICB - 92G","92G00","ST MELOR HOUSE SURGERY","J83048","ST MELOR HOUSE SURGERY","EDWARDS ROAD","AMESBURY","WILTSHIRE","SP4 7LT","0906040G0","Colecalciferol","0906040G0BKABDI","Accrete D3 One a Day 1000mg/880unit chewable tablets","09: Nutrition and Blood","60.","1","60.","0.","7.16","6.81579","N","34608211000001107"
"2026-07","NORTH WEST","Y62","NHS GREATER MANCHESTER INTEGRATED CARE BOARD","QOP","NHS GREATER MANCHESTER ICB - 02A","02A00","DELAMERE MEDICAL PRACTICE","P91018","THE DELAMERE MED PRACT","DELAMERE AVENUE","STRETFORD","MANCHESTER","M32 0DF","0206010K0","Isosorbide mononitrate","0206010K0CNAAAE","Monomil XL 60mg tablets","02: Cardiovascular System","11.","11","121.","0.","18.59","18.90051","N","4633311000001103"
"2026-07","SOUTH WEST","Y58","NHS DEVON INTEGRATED CARE BOARD","QJK","NHS DEVON ICB - 15N","15N00","PATHFIELDS MEDICAL GROUP","L83008","PLYMPTON HC MUDGEWAY","","PLYMPTON","","PL7 1AD","2230","Incontinence Sheaths","22302083001","Libra latex free sheath standard 28mm","22: Incontinence Appliances","30.","1","30.","0.","53.09","53.09","N","25145211000001103"
"2026-07","SOUTH WEST","Y58","NHS SOMERSET INTEGRATED CARE BOARD","QSL","NHS SOMERSET ICB - 11X","11X00","PRESTON GROVE MEDICAL CENTRE, YEOVIL","L85015","PRESTON GROVE MEDICAL CTR","PRESTON GROVE","YEOVIL","SOMERSET","BA20 2BQ","1001040V0","Febuxostat","1001040V0BBAAAA","Adenuric 80mg tablets","10: Musculoskeletal and Joint Diseases","56.","1","56.","0.","48.72","46.30586","N","17031111000001103"
"2026-07","LONDON","Y56","NHS SOUTH EAST LONDON INTEGRATED CARE BOARD","QKK","NHS SOUTH EAST LONDON ICB - 72Q","72Q00","ST GILES SURGERY","G85042","ST.GILES SURGERY","40 ST.GILES ROAD","CAMBERWELL","LONDON","SE5 7RF","0304010G0","Chlorphenamine maleate","0304010G0AAACAC","Chlorphenamine 4mg tablets","03: Respiratory System","28.","1","28.","0.","0.72","0.58806","N","39708211000001102"
"2026-07","NORTH EAST AND YORKSHIRE","Y63","NHS NORTH EAST AND NORTH CUMBRIA INTEGRATED CARE BOARD","QHM","NHS NORTH EAST AND NORTH CUMBRIA ICB - 00L","00L00","RIVERSDALE SURGERY","A84035","RIVERSDALE SURGERY","OAKLANDS HEALTH CENTRE","FRONT STREET","PRUDHOE","NE42 5DQ","0205052C0","Candesartan cilexetil","0205052C0AAAAAA","Candesartan 2mg tablets","02: Cardiovascular System","84.","2","168.","42.","25.92","25.9448","N","42371811000001107"
"2026-07","SOUTH EAST","Y59","NHS HAMPSHIRE AND ISLE OF WIGHT INTEGRATED CARE BOARD","QRL","NHS HAMPSHIRE AND ISLE OF WIGHT ICB - D9Y0V","D9Y0V","RED AND GREEN PRACTICE","J82056","WATERSIDE HEALTH CENTRE","BEAULIEU ROAD, HYTHE","SOUTHAMPTON","HAMPSHIRE","SO45 5WX","2130","Eye Products","21300000119","Tear-Lac Hypromellose 0.3% eye drops preservative free","21: Appliances","10.","1","10.","0.","5.8","5.24001","N","19800411000001100"
"2026-07","NORTH WEST","Y62","NHS CHESHIRE AND MERSEYSIDE INTEGRATED CARE BOARD","QYG","NHS CHESHIRE AND MERSEYSIDE ICB - 27D","27D00","THE KILTEARN MEDICAL CTR.","N81047","KILTEARN MEDICAL CENTRE","CHURCH VIEW PCC","NANTWICH","CHESHIRE","CW5 5NX","040201030","Risperidone","040201030AAAAAA","Risperidone 1mg tablets","04: Central Nervous System","28.","3","84.","16.8","3.48","3.11957","N","42278711000001101"
"2026-07","SOUTH WEST","Y58","NHS BRISTOL, NORTH SOMERSET AND SOUTH GLOUCESTERSHIRE INTEGRATED CARE BOARD","QUY","NHS BRISTOL, NORTH SOMERSET AND SOUTH GLOUCESTERSHIRE ICB - 15C","15C00","THE FAMILY PRACTICE","L81090","THE FAMILY PRACTICE","WESTERN COLLEGE,COTHAM RD","BRISTOL","","BS6 6DF","0604011G0","Estradiol","0604011G0BFAABL","Evorel 50 patches","06: Endocrine System","24.","14","336.","0.","194.17","184.67282","N","2942311000001102"
"2026-07","EAST OF ENGLAND","Y61","NHS ESSEX INTEGRATED CARE BOARD","D7T5G","NHS ESSEX ICB - 99E","99E00","ROSE VILLA SURGERY","F81645","6 RECTORY PARK DRIVE","PITSEA","BASILDON","ESSEX","SS13 3DW","0103050L0","Lansoprazole","0103050L0AAAAAA","Lansoprazole 30mg gastro-resistant capsules","01: Gastro-Intestinal System","84.","2","168.","252.","6.48","5.20577","N","42354611000001108"
"2026-07","EAST OF ENGLAND","Y61","NHS ESSEX INTEGRATED CARE BOARD","D7T5G","NHS ESSEX ICB - 07H","07H00","HIGH STREET SURGERY, EPPING","F81072","301 HIGH STREET","","EPPING","ESSEX","CM16 4DA","1001010P0","Naproxen","1001010P0AAADAD","Naproxen 250mg tablets","10: Musculoskeletal and Joint Diseases","84.","3","252.","84.","8.64","6.94517","N","42107511000001103"
"2026-07","EAST OF ENGLAND","Y61","NHS CENTRAL EAST INTEGRATED CARE BOARD","S1Y5D","NHS CENTRAL EAST ICB - M1J4Y","M1J4Y","WHEATFIELD SURGERY","E81008","WHEATFIELD SURGERY","60 WHEATFIELD ROAD","LEWSEY FARM, LUTON","BEDFORDSHIRE","LU4 0TR","1001010C0","Diclofenac sodium","1001010C0AAAEAE","Diclofenac sodium 50mg gastro-resistant tablets","10: Musculoskeletal and Joint Diseases","28.","1","28.","14.","4.73","4.7424","N","42101911000001102"
"2026-07","SOUTH WEST","Y58","NHS DEVON INTEGRATED CARE BOARD","QJK","NHS DEVON ICB - 15N","15N00","BIDEFORD MEDICAL CENTRE","L83083","BIDEFORD MEDICAL CENTRE","ABBOTSHAM ROAD","BIDEFORD","DEVON","EX39 3AF","0403010V0","Nortriptyline","0403010V0AAADAD","Nortriptyline 10mg tablets","04: Central Nervous System","168.","2","336.","44.8","9.64","9.8648","N","39701411000001105"
"2026-07","LONDON","Y56","NHS SOUTH WEST LONDON INTEGRATED CARE BOARD","QWE","NHS SOUTH WEST LONDON ICB - 36L","36L00","PORTLAND MEDICAL CENTRE","H83001","PORTLAND MEDICAL CENTRE","184 PORTLAND ROAD","SOUTH NORWOOD","LONDON","SE25 4QB","0212000X0","Pravastatin sodium","0212000X0AAABAB","Pravastatin 20mg tablets","02: Cardiovascular System","28.","5","140.","93.33333","5.2","4.21957","N","42379911000001103"
"2026-07","NORTH WEST","Y62","NHS CHESHIRE AND MERSEYSIDE INTEGRATED CARE BOARD","QYG","NHS CHESHIRE AND MERSEYSIDE ICB - 99A","99A00","SPEKE HC - DR SINGH & DR BICHA","N82650","SPEKE NEIGHBOURHOOD HC","75 SOUTH PARADE, SPEKE","LIVERPOOL","MERSEYSIDE","L24 2SF","0603010I0","Fludrocortisone acetate","0603010I0AAACAC","Fludrocortisone 100microgram tablets","06: Endocrine System","45.","1","45.","0.","4.22","3.48643","N","42082611000001106"
"2026-07","NORTH WEST","Y62","NHS GREATER MANCHESTER INTEGRATED CARE BOARD","QOP","NHS GREATER MANCHESTER ICB - 02H","02H00","LILFORD & PENNINGTON PARK SURGERY","Y00050","THE BRIDGEWATER MED CTR","HENRY STREET","LEIGH","GREATER MANCHESTER","WN7 2PE","0803042N0","Leuprorelin acetate","0803042N0BBADAD","Prostap 3 DCS 11.25mg pdr and solvent for prolonged-rel inj","08: Malignant Disease and Immunosuppression","1.","1","1.","0.","225.72","225.7448","N","19305911000001101"
"2026-07","EAST OF ENGLAND","Y61","NHS NORFOLK AND SUFFOLK INTEGRATED CARE BOARD","T6Y0W","NHS NORFOLK AND SUFFOLK ICB - 26A","26A00","PROSPECT MEDICAL PRACTICE","D82087","PROSPECT MEDICAL PRACTICE","95 AYLSHAM ROAD","NORWICH","NORFOLK","NR3 2HW","0102000T0","Peppermint oil","0102000T0AAAAAA","Peppermint oil 0.2ml gastro-resistant capsules","01: Gastro-Intestinal System","84.","6","504.","168.","42.24","40.21061","N","14610311000001100"
"2026-07","MIDLANDS","Y60","NHS LEICESTER, LEICESTERSHIRE AND RUTLAND INTEGRATED CARE BOARD","QK1","NHS LEICESTER, LEICESTERSHIRE AND RUTLAND ICB - 04V","04V00","DESFORD MEDICAL CENTRE","C82650","THE OLD SCHOOL","54 MAIN STREET","DESFORD","LEICESTERSHIRE","LE9 9GR","0403030Q0","Sertraline hydrochloride","0403030Q0AAAAAA","Sertraline 50mg tablets","04: Central Nervous System","4.","8","32.","32.","1.12","2.0192","N","39704111000001102"
"2026-07","SOUTH EAST","Y59","NHS KENT AND MEDWAY INTEGRATED CARE BOARD","QKS","NHS KENT AND MEDWAY ICB - 91Q","91Q00","AMHERST MEDICAL PRACTICE","G82013","AMHERST MEDICAL PRACTICE","21 ST BOTOLPHS ROAD","SEVENOAKS","KENT","TN13 3AQ","0304010G0","Chlorphenamine maleate","0304010G0AAACAC","Chlorphenamine 4mg tablets","03: Respiratory System","28.","2","56.","0.","1.44","1.17613","N","39708211000001102"
"2026-07","MIDLANDS","Y60","NHS LEICESTER, LEICESTERSHIRE AND RUTLAND INTEGRATED CARE BOARD","QK1","NHS LEICESTER, LEICESTERSHIRE AND RUTLAND ICB - 04V","04V00","FOREST HOUSE SURGERY","C82064","FOREST HOUSE SURGERY","25 LEICESTER RD, SHEPSHED","LOUGHBOROUGH","LEICESTERSHIRE","LE12 9DF","2101","Other Appliances","21010900606","BD AutoShield Duo hypod insulin needles for pre-filled / reusable pen injectors screw on 5mm/30gauge","21: Appliances","100.","1","100.","0.","25.","22.54521","N","19881711000001104"
"2026-07","MIDLANDS","Y60","NHS DERBY AND DERBYSHIRE INTEGRATED CARE BOARD","QJ2","NHS DERBY AND DERBYSHIRE ICB - 15M","15M00","GOYT VALLEY MEDICAL PRACTICE","C81080","GOYT VALLEY MEDICAL PRAC","CHAPEL ST, WHALEY BRIDGE","HIGH PEAK","DERBYSHIRE","SK23 7SR","0105010B0","Mesalazine (Systemic)","0105010B0BCACAI","Pentasa 500mg modified-release tablets","01: Gastro-Intestinal System","112.","1","112.","35.","34.43","32.82759","N","737811000001104"
"2026-07","MIDLANDS","Y60","NHS STAFFORDSHIRE AND STOKE-ON-TRENT INTEGRATED CARE BOARD","QNC","NHS STAFFORDSHIRE AND STOKE-ON-TRENT ICB - 05W","05W00","NORTH STAFFS GP FEDERATION","Y05540","BASFORD HOUSE","511 ETRURIA RD, BASFORD","STOKE ON TRENT","","ST4 6HT","0602010V0","Levothyroxine sodium","0602010V0AABXBX","Levothyroxine sodium 50microgram tablets","06: Endocrine System","28.","1","28.","14.","0.72","0.58806","N","39698611000001106"
"2026-07","MIDLANDS","Y60","NHS HEREFORDSHIRE AND WORCESTERSHIRE INTEGRATED CARE BOARD","QGH","NHS HEREFORDSHIRE AND WORCESTERSHIRE ICB - 18C","18C00","ABBOTTSWOOD MEDICAL CENTRE","M81046","ABBOTTSWOOD MEDICAL CTR","DEFFORD ROAD","PERSHORE","WORCESTERSHIRE","WR10 1HZ","0403030E0","Fluoxetine hydrochloride","0403030E0AAAAAA","Fluoxetine 20mg capsules","04: Central Nervous System","56.","5","280.","280.","11.65","9.87656","N","42271711000001106"
"2026-07","SOUTH EAST","Y59","NHS THAMES VALLEY INTEGRATED CARE BOARD","S0E4D","NHS THAMES VALLEY ICB - 14Y","14Y00","KINGSWOOD SURGERY","K82022","KINGSWOOD SURGERY","HOLLIS ROAD, TOTTERIDGE","HIGH WYCOMBE","BUCKINGHAMSHIRE","HP13 7UN","2345","Deodorants","23453364508","NaturCare Breeze deodorant aerosol spray","23: Stoma Appliances","150.","1","150.","0.","16.23","16.23","N","9535911000001105"
"2026-07","SOUTH EAST","Y59","NHS HAMPSHIRE AND ISLE OF WIGHT INTEGRATED CARE BOARD","QRL","NHS HAMPSHIRE AND ISLE OF WIGHT ICB - D9Y0V","D9Y0V","FRIARSGATE PRACTICE","J82130","THE FRIARSGATE PRACTICE","STOCKBRIDGE ROAD, WEEKE","WINCHESTER","HAMPSHIRE","SO22 6EL","2004","Gauzes & Gauze Tissue","20040200431","Activon Tulle gauze dressing 10cm x 10cm","20: Dressings","10.","1","10.","0.","39.2","35.34385","N","6066311000001104"
"2026-07","SOUTH WEST","Y58","NHS SOMERSET INTEGRATED CARE BOARD","QSL","NHS SOMERSET ICB - 11X","11X00","POLDEN MEDICAL PRACTICE","L85024","POLDEN MEDICAL PRACTICE","QUARRY GROUND, EDINGTON","BRIDGWATER","SOMERSET","TA7 9HA","0404000U0","Lisdexamfetamine dimesylate","0404000U0BCADAA","Elvanse 20mg capsules","04: Central Nervous System","7.","1","7.","0.","13.66","13.7724","N","32271111000001106"
"2026-07","NORTH EAST AND YORKSHIRE","Y63","NHS HUMBER AND NORTH YORKSHIRE INTEGRATED CARE BOARD","QOQ","NHS HUMBER AND NORTH YORKSHIRE ICB - 42D","42D00","BEECH HOUSE SURGERY","B82069","BEECH HOUSE SURGERY","1 ASH TREE ROAD","KNARESBOROUGH","NORTH YORKSHIRE","HG5 0UB","0403030Q0","Sertraline hydrochloride","0403030Q0AAAAAA","Sertraline 50mg tablets","04: Central Nervous System","28.","125","3500.","3500.","126.25","126.05267","N","39704111000001102"
"2026-07","MIDLANDS","Y60","NHS SHROPSHIRE, TELFORD AND WREKIN INTEGRATED CARE BOARD","QOC","NHS SHROPSHIRE, TELFORD AND WREKIN ICB - M2L0M","M2L0M","STIRCHLEY MEDICAL PRACTICE","M82003","THE HEALTH CENTRE","SANDINO ROAD, STIRCHLEY","TELFORD","SHROPSHIRE","TF3 1FB","2005","Tracheostomy & Laryngectomy Appliances","20050600251","Freevent XtraCare Mini HME O2 adaptor","20: Dressings","40.","1","40.","0.","65.8","65.8","N","40244011000001104"
"2026-07","LONDON","Y56","NHS NORTH EAST LONDON INTEGRATED CARE BOARD","QMF","NHS NORTH EAST LONDON ICB - A3A8R","A3A8R","SHREWSBURY ROAD SURGERY","F84006","SHREWSBURY ROAD HLTH CTR","SHREWSBURY ROAD","FOREST GATE","LONDON","E7 8QP","0106040M0","Macrogol 3350","0106040M0BCADAB","Laxido Paediatric Plain oral powder 6.9g sachets","01: Gastro-Intestinal System","14.","1","14.","0.","2.04","2.0508","N","29719811000001107"
"2026-07","LONDON","Y56","NHS SOUTH WEST LONDON INTEGRATED CARE BOARD","QWE","NHS SOUTH WEST LONDON ICB - 36L","36L00","LAMBTON ROAD MEDICAL PRACTICE","H85051","LAMBTON ROAD MEDICAL PRAC","1 LAMBTON RD, RAYNES PARK","WIMBLEDON","LONDON","SW20 0LW","0408010G0","Gabapentin","0408010G0AAAAAA","Gabapentin 100mg capsules","04: Central Nervous System","42.","1","42.","3.5","0.5","0.6124","N","42129511000001104"
"2026-07","MIDLANDS","Y60","NHS LEICESTER, LEICESTERSHIRE AND RUTLAND INTEGRATED CARE BOARD","QK1","NHS LEICESTER, LEICESTERSHIRE AND RUTLAND ICB - 03W","03W00","EMPINGHAM MEDICAL CENTRE","C82044","MAIN STREET","EMPINGHAM","OAKHAM","","LE15 8PR","0501030L0","Lymecycline","0501030L0AAABAB","Lymecycline 408mg capsules","05: Infections","42.","1","42.","21.","8.76","7.78504","N","41951411000001102"
"2026-07","NORTH EAST AND YORKSHIRE","Y63","NHS SOUTH YORKSHIRE INTEGRATED CARE BOARD","QF7","NHS SOUTH YORKSHIRE ICB - 03N","03N00","GLEADLESS MEDICAL CENTRE","C88019","GLEADLESS MEDICAL CENTRE","636 GLEADLESS ROAD","SHEFFIELD","SOUTH YORKSHIRE","S14 1PQ","0402030K0","Lithium carbonate","0402030K0BFAAAF","Priadel 400mg modified-release tablets","04: Central Nervous System","56.","2","112.","0.","20.84","20.02685","N","766311000001100"
"2026-07","NORTH EAST AND YORKSHIRE","Y63","NHS HUMBER AND NORTH YORKSHIRE INTEGRATED CARE BOARD","QOQ","NHS HUMBER AND NORTH YORKSHIRE ICB - 03Q","03Q00","MY HEALTH GROUP","B82080","SOUTHFIELDS ROAD","STRENSALL","YORK","","YO32 5UA","0801050P0","Hydroxycarbamide","0801050P0AAAAAA","Hydroxycarbamide 500mg capsules","08: Malignant Disease and Immunosuppression","100.","3","300.","0.","47.88","46.12851","N","41788411000001107"
"2026-07","NORTH WEST","Y62","NHS LANCASHIRE AND SOUTH CUMBRIA INTEGRATED CARE BOARD","QE1","NHS LANCASHIRE AND SOUTH CUMBRIA ICB - 01A","01A00","THE PENDLE MEDICAL PARTNERSHIP","P81065","THE SURGERY","EDWARD STREET, EARBY","BARNOLDSWICK","LANCASHIRE","BB18 6QT","0704020AB","Solifenacin","0704020ABAAABAB","Solifenacin 10mg tablets","07: Obstetrics, Gynaecology and Urinary-Tract Disorders","56.","1","56.","0.","2.67","2.24715","N","42042811000001100"
"2026-07","SOUTH WEST","Y58","NHS DORSET INTEGRATED CARE BOARD","QVV","NHS DORSET ICB - 11J","11J00","BEAUFORT ROAD SURGERY","J81018","BEAUFORT ROAD SURGERY","21 BEAUFORT ROAD","SOUTHBOURNE, BOURNEMOUTH","DORSET","BH6 5AJ","0906040G0","Colecalciferol","0906040G0AABYBY","Colecalciferol 400unit / Calcium carbonate 1.5g chewable tab","09: Nutrition and Blood","60.","4","240.","0.","21.96","20.91587","N","41983911000001104"
"2026-07","NORTH WEST","Y62","NHS CHESHIRE AND MERSEYSIDE INTEGRATED CARE BOARD","QYG","NHS CHESHIRE AND MERSEYSIDE ICB - 01F","01F00","THE BEECHES MEDICAL CTR","N81037","THE BEECHES MEDICAL CTR","20 DITCHFIELD ROAD","WIDNES","CHESHIRE","WA8 8QS","0304010E0","Fexofenadine hydrochloride","0304010E0AAABAB","Fexofenadine 180mg tablets","03: Respiratory System","21.","4","84.","126.","8.8","7.48549","N","42189211000001108"
"2026-07","NORTH EAST AND YORKSHIRE","Y63","NHS WEST YORKSHIRE INTEGRATED CARE BOARD","QWO","NHS WEST YORKSHIRE ICB - X2C4Y","X2C4Y","OAKLANDS HEALTH CENTRE","B85610","OAKLANDS HEALTH CENTRE","HUDDERSFIELD ROAD","HOLMFIRTH, HUDDERSFIELD","WEST YORKSHIRE","HD9 3TP","0402030K0","Lithium carbonate","0402030K0BFAAAF","Priadel 400mg modified-release tablets","04: Central Nervous System","7.","5","35.","0.","6.5","6.73826","N","766311000001100"
"2026-07","SOUTH WEST","Y58","NHS DORSET INTEGRATED CARE BOARD","QVV","NHS DORSET ICB - 11J","11J00","WEYMOUTH BAY MEDICAL PRACTICE","J81027","ROYAL CRESCENT SURGERY","25 CRESCENT STREET","WEYMOUTH","DORSET","DT4 7BY","0403030E0","Fluoxetine hydrochloride","0403030E0AAAAAA","Fluoxetine 20mg capsules","04: Central Nervous System","30.","90","2700.","2700.","112.5","91.06346","N","42271711000001106"
"2026-07","EAST OF ENGLAND","Y61","NHS CENTRAL EAST INTEGRATED CARE BOARD","S1Y5D","NHS CENTRAL EAST ICB - 06H","06H00","WILLOW TREE SURGERY","D81629","ORTON MEDICAL PRACTICE","BUSHFIELD HEALTH CENTRE","ORTON GOLDHAY","PETERBOROUGH, CAMBS","PE2 5RQ","0501050A0","Azithromycin","0501050A0AAABAB","Azithromycin 200mg/5ml oral suspension","05: Infections","60.","1","60.","4.8","22.08","20.99269","N","41941911000001107"
"2026-07","MIDLANDS","Y60","NHS LEICESTER, LEICESTERSHIRE AND RUTLAND INTEGRATED CARE BOARD","QK1","NHS LEICESTER, LEICESTERSHIRE AND RUTLAND ICB - 03W","03W00","THE WYCLIFFE MEDICAL PRACTICE","C82025","LUTTERWORTH HEALTH CENTRE","GILMORTON ROAD","LUTTERWORTH","LEICESTERSHIRE","LE17 4EB","0206020C0","Diltiazem hydrochloride","0206020C0BFAIAW","Adizem-XL 240mg capsules","02: Cardiovascular System","56.","3","168.","224.","69.12","65.71463","N","2886311000001102"
"2026-07","EAST OF ENGLAND","Y61","NHS ESSEX INTEGRATED CARE BOARD","D7T5G","NHS ESSEX ICB - 07G","07G00","THE RIGG-MILNER MEDICAL CENTRE","F81082","THE RIGG-MILNER MED CTR","2 BATA AVENUE","EAST TILBURY","ESSEX","RM18 8SD","0105010B0","Mesalazine (Systemic)","0105010B0BIAAAS","Octasa 800mg MR gastro-resistant tablets","01: Gastro-Intestinal System","49.","1","49.","24.5","21.98","22.0924","N","18482611000001107"
"2026-07","LONDON","Y56","NHS SOUTH WEST LONDON INTEGRATED CARE BOARD","QWE","NHS SOUTH WEST LONDON ICB - 36L","36L00","CLAREMONT MEDICAL CENTRE","H84619","CLAREMONT MEDICAL CENTRE","2A GLENBUCK ROAD","SURBITON","SURREY","KT6 6BS","0407020A0","Fentanyl","0407020A0BFACAF","Mezolar Matrix 50micrograms/hour transdermal patches","04: Central Nervous System","5.","3","15.","45.","60.39","60.4272","N","12882011000001103"
"2026-07","SOUTH EAST","Y59","NHS THAMES VALLEY INTEGRATED CARE BOARD","S0E4D","NHS THAMES VALLEY ICB - 14Y","14Y00","MARLOW MEDICAL GROUP","K82023","THE DOCTORS HOUSE SURGERY","VICTORIA ROAD","MARLOW","BUCKINGHAMSHIRE","SL7 1DN","020400040","Co-tenidone (Atenolol/chlortalidone)","020400040AAABAB","Co-tenidone 100mg/25mg tablets","02: Cardiovascular System","56.","1","56.","56.","2.44","1.96326","N","42373611000001107"
"2026-07","SOUTH EAST","Y59","NHS HAMPSHIRE AND ISLE OF WIGHT INTEGRATED CARE BOARD","QRL","NHS HAMPSHIRE AND ISLE OF WIGHT ICB - D9Y0V","D9Y0V","PRINCES GARDENS SURGERY","J82178","PRINCES GARDENS SURGERY","2A HIGH STREET","ALDERSHOT","HAMPSHIRE","GU11 1BJ","2128","Anal Irrigation System","21280000155","Qufora IrriSedo Klick 15 catheter set","21: Appliances","2.","1","2.","0.","277.26","277.26","N","36929411000001103"
"2026-07","LONDON","Y56","NHS NORTH EAST LONDON INTEGRATED CARE BOARD","QMF","NHS NORTH EAST LONDON ICB - A3A8R","A3A8R","NEWHAM PCN","Y06752","NEWHAM HEALTH COLLABORATI","VICARAGE LANE HEALTH CTR","STRATFORD","LONDON","E15 4ES","2101","Other Appliances","21012500100","Sodium bicarbonate 5% ear drops (T & R)","21: Appliances","10.","5","50.","0.","6.25","5.6952","N","438711000001101"
"2026-07","NORTH WEST","Y62","NHS CHESHIRE AND MERSEYSIDE INTEGRATED CARE BOARD","QYG","NHS CHESHIRE AND MERSEYSIDE ICB - 27D","27D00","PRINCEWAY SURGERIES","N81030","PRINCEWAY HEALTH CENTRE","","FRODSHAM","CHESHIRE","WA6 6RX","0503021C0","Aciclovir","0503021C0AAACAC","Aciclovir 400mg tablets","05: Infections","112.","1","112.","14.93333","5.34","5.3524","N","41485611000001107"
"2026-07","LONDON","Y56","NHS SOUTH WEST LONDON INTEGRATED CARE BOARD","QWE","NHS SOUTH WEST LONDON ICB - 36L","36L00","BATTERSEA FIELDS PRACTICE","H85111","BATTERSEA FIELDS PRACTICE","3 AUSTIN ROAD","BATTERSEA","LONDON","SW11 5JP","0501050B0","Clarithromycin","0501050B0AAADAD","Clarithromycin 500mg tablets","05: Infections","14.","5","70.","70.","10.05","8.09731","N","41946511000001109"
"2026-07","SOUTH EAST","Y59","NHS THAMES VALLEY INTEGRATED CARE BOARD","S0E4D","NHS THAMES VALLEY ICB - 14Y","14Y00","EDLESBOROUGH SURGERY","K82079","EDLESBOROUGH SURGERY","11 COW LANE,EDLESBOROUGH","DUNSTABLE","BEDFORDSHIRE","LU6 2HT","0407020AD","Oxycodone hydrochloride","0407020ADAAACAC","Oxycodone 5mg capsules","04: Central Nervous System","100.","1","100.","8.33333","20.41","20.5224","N","42016011000001103"
"2026-07","SOUTH WEST","Y58","NHS SOMERSET INTEGRATED CARE BOARD","QSL","NHS SOMERSET ICB - 11X","11X00","SUMMERVALE SURGERY","L85054","ILMINSTER MEDICAL CENTRE","CANAL WAY","ILMINSTER","SOMERSET","TA19 9FE","1106000P0","Dorzolamide","1106000P0AAABAB","Dorzolamide 20mg/ml eye drops 0.2ml unit dose preserv free","11: Eye","60.","5","300.","0.","120.9","111.942","N","10280311000001102"
"2026-07","SOUTH EAST","Y59","NHS HAMPSHIRE AND ISLE OF WIGHT INTEGRATED CARE BOARD","QRL","NHS HAMPSHIRE AND ISLE OF WIGHT ICB - D9Y0V","D9Y0V","WICKHAM SURGERY","J82034","HOUGHTON WAY","MILL LANE","WICKHAM","HAMPSHIRE","PO17 5GU","0604011G0","Estradiol","0604011G0BCAFBN","Estraderm MX 100 patches","06: Endocrine System","8.","14","112.","0.","93.24","82.86272","N","2937111000001101"
"2026-07","EAST OF ENGLAND","Y61","NHS NORFOLK AND SUFFOLK INTEGRATED CARE BOARD","T6Y0W","NHS NORFOLK AND SUFFOLK ICB - 06L","06L00","TWO RIVERS MEDICAL CENTRE","D83046","30 WOODBRIDGE ROAD EAST","","IPSWICH","SUFFOLK","IP4 5PB","1106000AE","Travoprost","1106000AEAAABAB","Travoprost 40micrograms/ml eye dps 0.1ml ud preserv free","11: Eye","30.","1","30.","0.","7.49","7.12935","N","41089611000001103"
"2026-07","NORTH EAST AND YORKSHIRE","Y63","NHS WEST YORKSHIRE INTEGRATED CARE BOARD","QWO","NHS WEST YORKSHIRE ICB - 02T","02T00","TODMORDEN GROUP PRACTICE","B84006","TODMORDEN HEALTH CENTRE","LOWER GEORGE STREET","TODMORDEN","WEST YORKSHIRE","OL14 5RN","0205040D0","Doxazosin mesilate","0205040D0AAACAC","Doxazosin 4mg tablets","02: Cardiovascular System","28.","33","924.","924.","66.66","67.0692","N","42209311000001101"
"2026-07","LONDON","Y56","NHS SOUTH WEST LONDON INTEGRATED CARE BOARD","QWE","NHS SOUTH WEST LONDON ICB - 36L","36L00","FAIRHILL MEDICAL PRACTICE","H84020","FAIRHILL MEDICAL PRACTICE","81 KINGSTON HILL","KINGSTON-UPON-THAMES","SURREY","KT2 7PX","0408010W0","Sodium valproate","0408010W0BBAAAB","Epilim 100mg crushable tablets","04: Central Nervous System","270.","1","270.","22.5","15.12","14.37934","N","552511000001100"
"2026-07","NORTH EAST AND YORKSHIRE","Y63","NHS WEST YORKSHIRE INTEGRATED CARE BOARD","QWO","NHS WEST YORKSHIRE ICB - 02T","02T00","CHURCH LANE SURGERY","B84011","THE CHURCH LANE SURGERY","24 CHURCH LANE","BRIGHOUSE","WEST YORKSHIRE","HD6 1AT","0102000T0","Peppermint oil","0102000T0AAAAAA","Peppermint oil 0.2ml gastro-resistant capsules","01: Gastro-Intestinal System","56.","1","56.","18.66667","4.69","4.56881","N","14610311000001100"
"2026-07","SOUTH EAST","Y59","NHS KENT AND MEDWAY INTEGRATED CARE BOARD","QKS","NHS KENT AND MEDWAY ICB - 91Q","91Q00","THE OM MEDICAL CENTRE","G82682","THE OM MEDICAL CENTRE","WOOD STREET","SHEERNESS,ISLE OF SHEPPEY","KENT","ME12 1UA","0404000M0","Methylphenidate hydrochloride","0404000M0BKACAN","Xaggitin XL 36mg tablets","04: Central Nervous System","60.","1","60.","0.","42.44","42.4524","N","34248311000001109"
"2026-07","NORTH EAST AND YORKSHIRE","Y63","NHS SOUTH YORKSHIRE INTEGRATED CARE BOARD","QF7","NHS SOUTH YORKSHIRE ICB - 03N","03N00","CLOVER GROUP PRACTICE","C88069","DARNALL PRIMARY CARE CTR","290 MAIN ROAD, DARNALL","SHEFFIELD","SOUTH YORKSHIRE","S9 4QH","0906040G0","Colecalciferol","0906040G0BNAABY","Adcal-D3 chewable tablets tutti frutti","09: Nutrition and Blood","28.","1","28.","0.","2.63","2.61141","N","344111000001101"
"2026-07","NORTH WEST","Y62","NHS GREATER MANCHESTER INTEGRATED CARE BOARD","QOP","NHS GREATER MANCHESTER ICB - 01D","01D00","EDENFIELD ROAD SURGERY","P86003","EDENFIELD ROAD SURGERY","CUTGATE SHOPP PRECINCT","ROCHDALE","LANCASHIRE","OL11 5AQ","0205051R0","Ramipril","0205051R0AAALAL","Ramipril 2.5mg tablets","02: Cardiovascular System","56.","6","336.","168.","27.6","27.6744","N","42381511000001103"
"2026-07","LONDON","Y56","NHS WEST AND NORTH LONDON INTEGRATED CARE BOARD","Z9B2Z","NHS WEST AND NORTH LONDON ICB - W2U3Z","W2U3Z","HILLINGDON HEALTH CENTRE","E86036","HILLINGDON HEALTH CENTRE","4 FREEZELAND WAY","HILLINGDON","MIDDLESEX","UB10 9QF","0304010W0","Promethazine hydrochloride","0304010W0AAAPAP","Promethazine 5mg/5ml oral solution sugar free","03: Respiratory System","200.","4","800.","32.","32.64","31.06394","N","38753911000001106"
"2026-07","LONDON","Y56","NHS WEST AND NORTH LONDON INTEGRATED CARE BOARD","Z9B2Z","NHS WEST AND NORTH LONDON ICB - W2U3Z","W2U3Z","SPRING GROVE MEDICAL PRACTICE","E85750","SPRING GROVE MEDICAL PRAC","THORNBURY ROAD CENTRE","FOR HEALTH","THORNBURY RD,ISLEWORTH","TW7 4HG","0304010E0","Fexofenadine hydrochloride","0304010E0AAABAB","Fexofenadine 180mg tablets","03: Respiratory System","7.","8","56.","84.","5.84","5.56847","N","42189211000001108"
"2026-07","SOUTH WEST","Y58","NHS BATH AND NORTH EAST SOMERSET, SWINDON AND WILTSHIRE INTEGRATED CARE BOARD","QOX","NHS BATH AND NORTH EAST SOMERSET, SWINDON AND WILTSHIRE ICB - 92G","92G00","COMBE DOWN SURGERY","L81065","COMBE DOWN HOUSE","THE AVENUE, COMBE DOWN","BATH","","BA2 5EG","0402010AB","Quetiapine","0402010ABAAACAC","Quetiapine 100mg tablets","04: Central Nervous System","30.","3","90.","30.","3.57","3.19153","N","42278011000001103"
"2026-07","NORTH WEST","Y62","NHS LANCASHIRE AND SOUTH CUMBRIA INTEGRATED CARE BOARD","QE1","NHS LANCASHIRE AND SOUTH CUMBRIA ICB - 00X","00X00","ADLINGTON MEDICAL CENTRE","P81740","ADLINGTON MEDICAL CENTRE","22-24 BABYLON LANE","ANDERTON","CHORLEY, LANCASHIRE","PR6 9NW","0704020AB","Solifenacin","0704020ABAAAAAA","Solifenacin 5mg tablets","07: Obstetrics, Gynaecology and Urinary-Tract Disorders","60.","7","420.","0.","15.68","12.62348","N","42042911000001105"
"2026-07","LONDON","Y56","NHS SOUTH WEST LONDON INTEGRATED CARE BOARD","QWE","NHS SOUTH WEST LONDON ICB - 36L","36L00","SELSDON PARK MEDICAL PRACTICE","H83018","SELSDON PARK MED.PRACTICE","97 ADDINGTON RD, SELSDON","SOUTH CROYDON","SURREY","CR2 8LG","0107010AA","Diltiazem hydrochloride","0107010AAAAAJAJ","Diltiazem 2% cream","01: Gastro-Intestinal System","30.","1","30.","0.","10.21","9.71388","N","8783611000001108"
"2026-07","LONDON","Y56","NHS WEST AND NORTH LONDON INTEGRATED CARE BOARD","Z9B2Z","NHS WEST AND NORTH LONDON ICB - W2U3Z","W2U3Z","MILLBANK MEDICAL CENTRE","E87739","MILLBANK MEDICAL CENTRE","20 PAGE STREET","","LONDON","SW1P 4EN","0604012S0","Progesterone","0604012S0BDAAAL","Utrogestan 100mg capsules","06: Endocrine System","90.","1","90.","0.","19.8","18.82625","N","11758911000001105"
"2026-07","NORTH EAST AND YORKSHIRE","Y63","NHS NORTH EAST AND NORTH CUMBRIA INTEGRATED CARE BOARD","QHM","NHS NORTH EAST AND NORTH CUMBRIA ICB - 84H","84H00","DDES CCG FT COMMUNITY PRACTICE","Y04032","DARLINGTON MEMORIAL HPL","HOLLYHURST ROAD","DARLINGTON","COUNTY DURHAM","DL3 6HX","2003","Wound Management & Other Dressings","20030300028","L-Mesitran ointment dressing","20: Dressings","600.","1","600.","0.","120.6","108.71068","N","20596611000001104"
"2026-07","MIDLANDS","Y60","NHS LEICESTER, LEICESTERSHIRE AND RUTLAND INTEGRATED CARE BOARD","QK1","NHS LEICESTER, LEICESTERSHIRE AND RUTLAND ICB - 03W","03W00","THE JUBILEE MEDICAL PRACTICE","C82078","SYSTON HEALTH CENTRE","1330 MELTON ROAD, SYSTON","LEICESTER","LEICESTERSHIRE","LE7 2EQ","0906024N0","Pyridoxine hydrochloride","0906024N0AAAIAI","Pyridoxine 50mg tablets","09: Nutrition and Blood","56.","1","56.","0.","8.6","6.88838","N","41987911000001108"
"2026-07","NORTH EAST AND YORKSHIRE","Y63","NHS NORTH EAST AND NORTH CUMBRIA INTEGRATED CARE BOARD","QHM","NHS NORTH EAST AND NORTH CUMBRIA ICB - 99C","99C00","BRIDGE AND MONKSEATON MEDICAL PRACTICE","A87020","MONKSEATON MEDICAL CENTRE","CAULDWELL AVE, MONKSEATON","WHITLEY BAY","TYNE & WEAR","NE25 9PH","0302000N0","Fluticasone propionate (Inhalation)","0302000N0BDAABJ","Flutiform 125micrograms/dose / 5micrograms/dose inhaler","03: Respiratory System","1.","3","3.","0.","84.","79.85352","N","21019411000001101"
"2026-07","NORTH EAST AND YORKSHIRE","Y63","NHS HUMBER AND NORTH YORKSHIRE INTEGRATED CARE BOARD","QOQ","NHS HUMBER AND NORTH YORKSHIRE ICB - 03F","03F00","KINGSTON HEALTH (HULL)","B81011","WHEELER STREET HEALTHCARE","WHEELER STREET","ANLABY ROAD","KINGSTON UPON HULL","HU3 5QE","1001040C0","Allopurinol","1001040C0AAAAAA","Allopurinol 100mg tablets","10: Musculoskeletal and Joint Diseases","56.","33","1848.","0.","42.9","34.70917","N","42099411000001101"
"2026-07","SOUTH EAST","Y59","NHS SURREY AND SUSSEX INTEGRATED CARE BOARD","S9B9J","NHS SURREY AND SUSSEX ICB - 70F","70F00","PARK SURGERY","H82017","THE PARK SURGERY","ALBION WAY","HORSHAM","WEST SUSSEX","RH12 1BG","0913011M0","Ready to serve 1.5 kcal/ml juice style (0913011)","0913011M0BBABAE","Aymes Actagain Juce liquid (5 flavours)","09: Nutrition and Blood","2400.","1","2400.","0.","21.6","21.6124","N","40636411000001104"
"2026-07","EAST OF ENGLAND","Y61","NHS ESSEX INTEGRATED CARE BOARD","D7T5G","NHS ESSEX ICB - 06Q","06Q00","THE PUMP HOUSE SURGERY","F81119","NONANCOURT WAY","OFF MASSINGHAM DRIVE","EARLS COLNE","ESSEX","CO6 2SW","0204000T0","Sotalol hydrochloride","0204000T0AAACAC","Sotalol 80mg tablets","02: Cardiovascular System","56.","11","616.","308.","110.88","103.07653","N","42382711000001101"
"2026-07","LONDON","Y56","NHS NORTH EAST LONDON INTEGRATED CARE BOARD","QMF","NHS NORTH EAST LONDON ICB - A3A8R","A3A8R","FRANCIS ROAD MEDICAL CENTRE","F86696","FRANCIS ROAD MEDICAL CTRE","94 FRANCIS ROAD","LEYTON","LONDON","E10 6PP","2360","Ileostomy Bags","23605906305","SenSura Mio ileostomy bag with filter, maxi 10mm-55mm black","23: Stoma Appliances","30.","1","30.","0.","108.67","108.67","N","43013711000001101"
"2026-07","EAST OF ENGLAND","Y61","NHS NORFOLK AND SUFFOLK INTEGRATED CARE BOARD","T6Y0W","NHS NORFOLK AND SUFFOLK ICB - 26A","26A00","CUTLERS HILL SURGERY","D83035","CUTLERS HILL SURGERY","BUNGAY ROAD","HALESWORTH","SUFFOLK","IP19 8SG","0302000K0","Budesonide","0302000K0BBAHAG","Pulmicort 200 Turbohaler","03: Respiratory System","1.","2","2.","200.","28.5","27.10534","N","3112411000001105"
"2026-07","MIDLANDS","Y60","NHS LINCOLNSHIRE INTEGRATED CARE BOARD","QJM","NHS LINCOLNSHIRE ICB - 71E","71E00","BEACON MEDICAL PRACTICE","C83019","BEACON MEDICAL PRACTICE","CHURCHILL AVENUE","SKEGNESS","LINCOLNSHIRE","PE25 2RN","0407010H0","Paracetamol","0407010H0AAAAAA","Paracetamol 500mg capsules","04: Central Nervous System","168.","1","168.","28.","4.72","3.8862","N","42109411000001106"
"2026-07","MIDLANDS","Y60","NHS BIRMINGHAM AND SOLIHULL INTEGRATED CARE BOARD","QHL","NHS BIRMINGHAM AND SOLIHULL ICB - 15E","15E00","OAKLEAF","Y02794","OAKLEAF MEDICAL PRACTICE","4 CLODESHALL RD, SALTLEY","BIRMINGHAM","","B8 3SW","0501050B0","Clarithromycin","0501050B0AAADAD","Clarithromycin 500mg tablets","05: Infections","10.","11","110.","110.","15.84","13.901","N","41946511000001109"
"2026-07","NORTH WEST","Y62","NHS LANCASHIRE AND SOUTH CUMBRIA INTEGRATED CARE BOARD","QE1","NHS LANCASHIRE AND SOUTH CUMBRIA ICB - 00Q","00Q00","BENTHAM ROAD HEALTH CENTRE","Y02657","BENTHAM ROAD","","BLACKBURN","LANCASHIRE","BB2 4QD","0407020Q0","Morphine sulfate","0407020Q0BKABEG","Zomorph 30mg modified-release capsules","04: Central Nervous System","112.","1","112.","33.6","15.49","15.6024","N","3651611000001107"
"2026-07","MIDLANDS","Y60","NHS BLACK COUNTRY INTEGRATED CARE BOARD","QUA","NHS BLACK COUNTRY ICB - D2P2L","D2P2L","ST PAUL'S MEDICAL PRACTICE","M88040","ST.PAUL'S SURGERY","222 ST.PAUL'S ROAD","SMETHWICK","WEST MIDLANDS","B66 1HB","0704050Z0","Sildenafil (Erectile Dysfunction)","0704050Z0AAAAAA","Sildenafil 50mg tablets","07: Obstetrics, Gynaecology and Urinary-Tract Disorders","8.","3","24.","0.","3.78","3.05943","N","42089611000001104"
"2026-07","NORTH WEST","Y62","NHS CHESHIRE AND MERSEYSIDE INTEGRATED CARE BOARD","QYG","NHS CHESHIRE AND MERSEYSIDE ICB - 12F","12F00","MORETON MEDICAL CENTRE","N85048","MORETON MEDICAL CENTRE","27 UPTON ROAD","MORETON","WIRRAL","CH46 0PE","0503021C0","Aciclovir","0503021C0AAACAC","Aciclovir 400mg tablets","05: Infections","56.","2","112.","14.93333","5.34","5.3648","N","41485611000001107"
"2026-07","LONDON","Y56","NHS SOUTH EAST LONDON INTEGRATED CARE BOARD","QKK","NHS SOUTH EAST LONDON ICB - 72Q","72Q00","ELTHAM MEDICAL PRACTICE","G83680","ELTHAM COMMUNITY HOSPITAL","PASSEY PLACE","ELTHAM","LONDON","SE9 5DQ","0206030Y0","Ivabradine","0206030Y0AAACAC","Ivabradine 2.5mg tablets","02: Cardiovascular System","56.","2","112.","0.","119.34","119.3648","N","35308111000001104"
"2026-07","SOUTH EAST","Y59","NHS SURREY AND SUSSEX INTEGRATED CARE BOARD","S9B9J","NHS SURREY AND SUSSEX ICB - 09D","09D00","TRINITY MEDICAL CENTRE","G81070","TRINITY MEDICAL CENTRE","1 GOLDSTONE VILLAS","HOVE","EAST SUSSEX","BN3 3AT","0106040G0","Lactulose","0106040G0AAAAAA","Lactulose 3.1-3.7g/5ml oral solution","01: Gastro-Intestinal System","900.","1","900.","45.","11.39","11.5024","N","42354411000001105"
"2026-07","MIDLANDS","Y60","NHS LINCOLNSHIRE INTEGRATED CARE BOARD","QJM","NHS LINCOLNSHIRE ICB - 71E","71E00","BOULTHAM PARK MEDICAL PRACTICE","C83014","BOULTHAM PARK MED.PRACT","BOULTHAM PARK ROAD","LINCOLN","LINCOLNSHIRE","LN6 7SS","0301020R0","Aclidinium bromide","0301020R0BBAAAA","Eklira 322micrograms/dose Genuair","03: Respiratory System","1.","4","4.","0.","130.","123.57485","N","20985511000001101"
"2026-07","NORTH EAST AND YORKSHIRE","Y63","NHS NORTH EAST AND NORTH CUMBRIA INTEGRATED CARE BOARD","QHM","NHS NORTH EAST AND NORTH CUMBRIA ICB - 00L","00L00","CORBRIDGE HEALTH CENTRE","A84018","CORBRIDGE HEALTH CENTRE","NEWCASTLE ROAD","CORBRIDGE","NORTHUMBERLAND","NE45 5LG","0212000Y0","Simvastatin","0212000Y0AAAAAA","Simvastatin 10mg tablets","02: Cardiovascular System","84.","1","84.","28.","1.83","1.47555","N","42381911000001105"
"2026-07","LONDON","Y56","NHS WEST AND NORTH LONDON INTEGRATED CARE BOARD","Z9B2Z","NHS WEST AND NORTH LONDON ICB - 93C","93C00","PENNINE DRIVE PRACTICE","E83025","8 PENNINE DRIVE","","HENDON","LONDON","NW2 1PA","0403010V0","Nortriptyline","0403010V0AAADAD","Nortriptyline 10mg tablets","04: Central Nervous System","120.","1","120.","16.","3.44","3.5524","N","39701411000001105"
"2026-07","LONDON","Y56","NHS SOUTH EAST LONDON INTEGRATED CARE BOARD","QKK","NHS SOUTH EAST LONDON ICB - 72Q","72Q00","SUNDRIDGE MEDICAL CENTRE","G84629","SUNDRIDGE MED PRACTICE","84 LONDON LANE","BROMLEY","KENT","BR1 4HE","0407041T0","Sumatriptan succinate","0407041T0AAAFAF","Sumatriptan 50mg tablets","04: Central Nervous System","6.","14","84.","42.","224.","224.1736","N","42111911000001100"
"2026-07","MIDLANDS","Y60","NHS BLACK COUNTRY INTEGRATED CARE BOARD","QUA","NHS BLACK COUNTRY ICB - D2P2L","D2P2L","MEADOWBROOK SURGERY","M87001","4 MEADOWBROOK ROAD","","HALESOWEN","WEST MIDLANDS","B63 1AB","0401010Y0","Zolpidem tartrate","0401010Y0AAABAB","Zolpidem 10mg tablets","04: Central Nervous System","28.","5","140.","140.","6.6","6.662","N","42138811000001105"
"2026-07","SOUTH EAST","Y59","NHS KENT AND MEDWAY INTEGRATED CARE BOARD","QKS","NHS KENT AND MEDWAY ICB - 91Q","91Q00","ASHFORD MEDICAL PARTNERSHIP","G82080","WILLESBOROUGH HEALTH CTR","BENTLEY RD, WILLESBOROUGH","ASHFORD","KENT","TN24 0HZ","1001030U0","Methotrexate","1001030U0AAABAB","Methotrexate 2.5mg tablets","10: Musculoskeletal and Joint Diseases","32.","14","448.","0.","25.9","27.4736","N","41792011000001100"
"2026-07","SOUTH WEST","Y58","NHS SOMERSET INTEGRATED CARE BOARD","QSL","NHS SOMERSET ICB - 11X","11X00","QUEEN CAMEL MEDICAL CENTRE","L85044","WEST CAMEL ROAD","QUEEN CAMEL","YEOVIL","SOMERSET","BA22 7LT","0205052V0","Valsartan","0205052V0AAAAAA","Valsartan 40mg capsules","02: Cardiovascular System","84.","1","84.","42.","6.66","5.91877","N","42384411000001100"
"2026-07","NORTH EAST AND YORKSHIRE","Y63","NHS NORTH EAST AND NORTH CUMBRIA INTEGRATED CARE BOARD","QHM","NHS NORTH EAST AND NORTH CUMBRIA ICB - 00N","00N00","FARNHAM MEDICAL CTR.","A88002","THE FARNHAM MEDICAL CTR","435 STANHOPE ROAD","SOUTH SHIELDS","TYNE & WEAR","NE33 4QY","0401010R0","Nitrazepam","0401010R0AAACAC","Nitrazepam 5mg tablets","04: Central Nervous System","56.","1","56.","56.","3.88","3.11459","N","42132411000001106"
"2026-07","MIDLANDS","Y60","NHS BIRMINGHAM AND SOLIHULL INTEGRATED CARE BOARD","QHL","NHS BIRMINGHAM AND SOLIHULL ICB - 15E","15E00","ROWLANDS ROAD SURGERY","M85171","15 ROWLANDS ROAD","SOUTH YARDLEY","BIRMINGHAM","","B26 1AT","0403040W0","Venlafaxine","0403040W0AAAEAE","Venlafaxine 150mg modified-release capsules","04: Central Nervous System","28.","1","28.","42.","2.43","1.95527","N","38750411000001106"
"2026-07","MIDLANDS","Y60","NHS DERBY AND DERBYSHIRE INTEGRATED CARE BOARD","QJ2","NHS DERBY AND DERBYSHIRE ICB - 15M","15M00","NEWBOLD SURGERY","C81015","NEWBOLD SURGERY","3 WINDERMERE ROAD,NEWBOLD","CHESTERFIELD","DERBYSHIRE","S41 8DU","0104020L0","Loperamide hydrochloride","0104020L0AAAAAA","Loperamide 2mg capsules","01: Gastro-Intestinal System","90.","6","540.","135.","14.04","11.29984","N","42354711000001104"
"2026-07","EAST OF ENGLAND","Y61","NHS CENTRAL EAST INTEGRATED CARE BOARD","S1Y5D","NHS CENTRAL EAST ICB - M1J4Y","M1J4Y","GOLDINGTON AVENUE SURGERY","E81047","85 GOLDINGTON AVENUE","","BEDFORD","BEDFORDSHIRE","MK40 3DB","0406000B0","Betahistine hydrochloride","0406000B0AAABAB","Betahistine 16mg tablets","04: Central Nervous System","28.","1","28.","14.","0.62","0.7324","N","39733611000001104"
"2026-07","EAST OF ENGLAND","Y61","NHS ESSEX INTEGRATED CARE BOARD","D7T5G","NHS ESSEX ICB - 06T","06T00","ABBEY FIELD MEDICAL CENTRE","F81095","YPRES ROAD","","COLCHESTER","ESSEX","CO2 7UW","2011","Surgical Sutures","20110000448","Vicryl Rapide suture 2gauge 75cm length with 19mm curved reverse cutting P needle","20: Dressings","1.","2","2.","0.","6.7","5.95431","N","5999011000001104"
"2026-07","SOUTH WEST","Y58","NHS BATH AND NORTH EAST SOMERSET, SWINDON AND WILTSHIRE INTEGRATED CARE BOARD","QOX","NHS BATH AND NORTH EAST SOMERSET, SWINDON AND WILTSHIRE ICB - 92G","92G00","FAIRFIELD PARK HEALTH CENTRE","L81071","FAIRFIELD PARK HEALTH CTR","TYNING LANE, CAMDEN ROAD","BATH","","BA1 6EA","2280","Tubing And Accessories","22800958005","Prosys catheter retaining strap adult","22: Incontinence Appliances","5.","1","5.","0.","13.25","13.25","N","35623811000001101"
"2026-07","NORTH WEST","Y62","NHS LANCASHIRE AND SOUTH CUMBRIA INTEGRATED CARE BOARD","QE1","NHS LANCASHIRE AND SOUTH CUMBRIA ICB - 01K","01K00","ATKINSON HEALTH CENTRE","A82062","ALFRED BARROW HEALTH CTR","DUKE STREET","BARROW IN FURNESS","CUMBRIA","LA14 2LB","0406000A0","Hyoscine","0406000A0AAADAD","Hyoscine 1mg/72hours transdermal patches","04: Central Nervous System","5.","1","5.","15.01502","32.18","32.2924","N","38898011000001108"
"2026-07","NORTH EAST AND YORKSHIRE","Y63","NHS WEST YORKSHIRE INTEGRATED CARE BOARD","QWO","NHS WEST YORKSHIRE ICB - 15F","15F00","BURTON CROFT SURGERY","B86030","BURTON CROFT SURGERY","1 SHIRE OAK ST,HEADINGLEY","LEEDS","WEST YORKSHIRE","LS6 2AF","0403030P0","Paroxetine hydrochloride","0403030P0AAABAB","Paroxetine 30mg tablets","04: Central Nervous System","28.","1","28.","42.","1.32","1.16778","N","42276611000001109"
"2026-07","LONDON","Y56","NHS NORTH EAST LONDON INTEGRATED CARE BOARD","QMF","NHS NORTH EAST LONDON ICB - A3A8R","A3A8R","HARLOW ROAD SURGERY","F82619","THE SURGERY","1 HARLOW ROAD","RAINHAM","ESSEX","RM13 7UP","1001010P0","Naproxen","1001010P0AAADAD","Naproxen 250mg tablets","10: Musculoskeletal and Joint Diseases","112.","1","112.","37.33333","3.84","3.08261","N","42107511000001103"
"2026-07","NORTH EAST AND YORKSHIRE","Y63","NHS NORTH EAST AND NORTH CUMBRIA INTEGRATED CARE BOARD","QHM","NHS NORTH EAST AND NORTH CUMBRIA ICB - 16C","16C00","THE ROSEBERRY PRACTICE","A81610","ABBEY HEALTH CENTRE","FINCHALE AVENUE","BILLINGHAM","CLEVELAND","TS23 2DG","1309000C0","Coal tar","1309000C0BHADBC","Polytar Scalp shampoo","13: Skin","150.","1","150.","0.","7.57","7.20537","N","32699511000001107"
"2026-07","MIDLANDS","Y60","NHS LINCOLNSHIRE INTEGRATED CARE BOARD","QJM","NHS LINCOLNSHIRE ICB - 71E","71E00","HOLBEACH MEDICAL CENTRE","C83028","HOLBEACH MEDICAL CENTRE","PARK ROAD","HOLBEACH, SPALDING","LINCOLNSHIRE","PE12 7EE","0408010A0","Levetiracetam","0408010A0AAABAB","Levetiracetam 500mg tablets","04: Central Nervous System","60.","9","540.","180.","26.46","21.26724","N","42131311000001108"
"2026-07","LONDON","Y56","NHS SOUTH EAST LONDON INTEGRATED CARE BOARD","QKK","NHS SOUTH EAST LONDON ICB - 72Q","72Q00","VALLEY ROAD SURGERY","G85044","VALLEY ROAD SURGERY","139 VALLEY ROAD","STREATHAM","LONDON","SW16 2XT","2101","Other Appliances","21010230102","Volumatic","21: Appliances","1.","1","1.","0.","3.88","3.50949","N","9516111000001106"
"2026-07","LONDON","Y56","NHS SOUTH EAST LONDON INTEGRATED CARE BOARD","QKK","NHS SOUTH EAST LONDON ICB - 72Q","72Q00","STREATHAM HIGH PRACTICE","G85002","STREATHAM HIGH PRACTICE","2-8 GRACEFIELD GARDENS","STREATHAM","LONDON","SW16 2ST","0103050P0","Omeprazole","0103050P0AAAAAA","Omeprazole 20mg gastro-resistant capsules","01: Gastro-Intestinal System","20.","1","20.","20.","0.61","0.60012","N","42356411000001102"
"2026-07","SOUTH WEST","Y58","NHS BATH AND NORTH EAST SOMERSET, SWINDON AND WILTSHIRE INTEGRATED CARE BOARD","QOX","NHS BATH AND NORTH EAST SOMERSET, SWINDON AND WILTSHIRE ICB - 92G","92G00","SPA MEDICAL CENTRE","J83046","SPA MEDICAL CENTRE","SNOWBERRY LANE","MELKSHAM","WILTSHIRE","SN12 6UN","2101","Other Appliances","21010230176","EasyChamber Spacer with infant mask 0-24 months","21: Appliances","1.","1","1.","0.","6.53","5.89797","N","35617811000001101"
"2026-07","EAST OF ENGLAND","Y61","NHS CENTRAL EAST INTEGRATED CARE BOARD","S1Y5D","NHS CENTRAL EAST ICB - 06K","06K00","THE BIRCHWOOD AND SOLLERSHOTT SURGERIES","E82082","BIRCHWOOD SURGERY","232-240 NEVELLS ROAD","LETCHWORTH GARDEN CITY","HERTFORDSHIRE","SG6 4UB","0604012S0","Progesterone","0604012S0AAALAL","Progesterone micronised 100mg capsules","06: Endocrine System","180.","10","1800.","0.","276.6","276.724","N","11763511000001102"
"2026-07","LONDON","Y56","NHS NORTH EAST LONDON INTEGRATED CARE BOARD","QMF","NHS NORTH EAST LONDON ICB - A3A8R","A3A8R","THE MISSION PRACTICE","F84016","MISSION MEDICAL PRACTICE","208 CAMBRIDGE HEATH ROAD","BETHNAL GREEN","LONDON","E2 9LS","090607000","Other multivitamin preparations","090607000BBFJBF","Abidec Multivitamin drops","09: Nutrition and Blood","50.","6","300.","0.","51.84","49.33247","N","3390011000001107"
"2026-07","EAST OF ENGLAND","Y61","NHS ESSEX INTEGRATED CARE BOARD","D7T5G","NHS ESSEX ICB - 06Q","06Q00","LITTLE WALTHAM & GT NOTLEY SURGERY","F81105","LITTLE WALTHAM SURGERY","30 BROOK HILL","LITTLE WALTHAM","CHELMSFORD, ESSEX","CM3 3LL","1108010D0","Carmellose sodium","1108010D0AAADAD","Carmellose 0.5% eye drops 0.4ml unit dose preservative free","11: Eye","60.","3","180.","0.","28.8","25.59466","N","18248211000001104"
"2026-07","LONDON","Y56","NHS WEST AND NORTH LONDON INTEGRATED CARE BOARD","Z9B2Z","NHS WEST AND NORTH LONDON ICB - W2U3Z","W2U3Z","WILLOW TREE SURGERY","E86610","THE WILLOW TREE SURGERY","2 JOLLYS LANE","HAYES","MIDDLESEX","UB4 9NS","0212000AK","Bempedoic acid","0212000AKAAAAAA","Bempedoic acid 180mg tablets","02: Cardiovascular System","56.","2","112.","0.","181.44","172.42805","N","38931511000001109"
"2026-07","NORTH WEST","Y62","NHS LANCASHIRE AND SOUTH CUMBRIA INTEGRATED CARE BOARD","QE1","NHS LANCASHIRE AND SOUTH CUMBRIA ICB - 01K","01K00","STATION HOUSE SURGERY","A82027","STATION HOUSE SURGERY","STATION ROAD","KENDAL","CUMBRIA","LA9 6SA","0401010AD","Melatonin","0401010ADAACZCZ","Melatonin 1mg/ml oral solution sugar free","04: Central Nervous System","300.","2","600.","0.","37.56","37.5848","N","37406111000001108"
"2026-07","LONDON","Y56","NHS NORTH EAST LONDON INTEGRATED CARE BOARD","QMF","NHS NORTH EAST LONDON ICB - A3A8R","A3A8R","SANGAM PRACTICE","F84658","1 TORONTO AVENUE","","","LONDON","E12 5JF","0202030X0","Eplerenone","0202030X0AAAAAA","Eplerenone 25mg tablets","02: Cardiovascular System","28.","12","336.","0.","28.8","28.9488","N","42209511000001107"
"2026-07","MIDLANDS","Y60","NHS BLACK COUNTRY INTEGRATED CARE BOARD","QUA","NHS BLACK COUNTRY ICB - D2P2L","D2P2L","REGIS MEDICAL CENTRE","M88004","REGIS MEDICAL CENTRE","DARBY STREET","ROWLEY REGIS","WEST MIDLANDS","B65 0BA","0901011P0","Ferrous sulfate","0901011P0AAACAC","Ferrous sulfate 200mg tablets","09: Nutrition and Blood","56.","91","5096.","0.","176.54","142.27796","N","41985211000001107"
"2026-07","NORTH EAST AND YORKSHIRE","Y63","NHS WEST YORKSHIRE INTEGRATED CARE BOARD","QWO","NHS WEST YORKSHIRE ICB - 36J","36J00","ASHWELL MEDICAL CENTRE","B83641","ASHWELL ROAD","MANNINGHAM","BRADFORD","WEST YORKSHIRE","BD8 9DP","0408010G0","Gabapentin","0408010G0AAAAAA","Gabapentin 100mg capsules","04: Central Nervous System","168.","4","672.","56.","7.92","8.3696","N","42129511000001104"
"2026-07","SOUTH WEST","Y58","NHS DORSET INTEGRATED CARE BOARD","QVV","NHS DORSET ICB - 11J","11J00","WEYMOUTH BAY MEDICAL PRACTICE","J81027","ROYAL CRESCENT SURGERY","25 CRESCENT STREET","WEYMOUTH","DORSET","DT4 7BY","2003","Wound Management & Other Dressings","20031200050","Cutimed Sorbact Hydro dressing 7.5cm x 7.5cm square","20: Dressings","4.","1","4.","0.","11.76","11.76","N","15791011000001105"
"2026-07","SOUTH WEST","Y58","NHS DORSET INTEGRATED CARE BOARD","QVV","NHS DORSET ICB - 11J","11J00","BLACKMORE VALE PARTNERSHIP","J81620","OLD MARKET HILL","","STURMINSTER NEWTON","DORSET","DT10 1QU","0401020K0","Diazepam","0401020K0AAAHAH","Diazepam 2mg tablets","04: Central Nervous System","6.","1","6.","1.2","0.15","0.23233","N","42128111000001101"
"2026-07","SOUTH EAST","Y59","NHS HAMPSHIRE AND ISLE OF WIGHT INTEGRATED CARE BOARD","QRL","NHS HAMPSHIRE AND ISLE OF WIGHT ICB - D9Y0V","D9Y0V","CHEVIOT ROAD SURGERY","J82062","1 SHIRLEY AVENUE","","SOUTHAMPTON","","SO15 5RP","2118","Erectile Dysfunction Devices","21180000108","Ultimate (Surefit) maintenance ring set","21: Appliances","9.","1","9.","0.","113.97","113.97","N","9501311000001102"
"2026-07","NORTH EAST AND YORKSHIRE","Y63","NHS NORTH EAST AND NORTH CUMBRIA INTEGRATED CARE BOARD","QHM","NHS NORTH EAST AND NORTH CUMBRIA ICB - 99C","99C00","HADRIAN HEALTH CENTRE","A87029","ELTON STREET EAST","","WALLSEND","TYNE & WEAR","NE28 8QU","0604011G0","Estradiol","0604011G0BUAABR","Estradot 75micrograms/24hours patches","06: Endocrine System","52.","1","52.","0.","64.81","61.69449","N","9045511000001101"
"2026-07","SOUTH WEST","Y58","NHS DORSET INTEGRATED CARE BOARD","QVV","NHS DORSET ICB - 11J","11J00","WEYMOUTH BAY MEDICAL PRACTICE","J81027","ROYAL CRESCENT SURGERY","25 CRESCENT STREET","WEYMOUTH","DORSET","DT4 7BY","0601060W0","Ketone blood testing reagents","0601060W0BCAAA0","FreeStyle Optium beta-ketone testing strips","06: Endocrine System","10.","1","10.","0.","21.94","19.7872","N","10719611000001108"
"2026-07","SOUTH EAST","Y59","NHS KENT AND MEDWAY INTEGRATED CARE BOARD","QKS","NHS KENT AND MEDWAY ICB - 91Q","91Q00","NORTHDOWN & DASHWOOD SURGERY","G82066","NORTHDOWN SURGERY","ST.ANTHONY'S WAY","CLIFTONVILLE","MARGATE, KENT","CT9 2TR","0913021G0","Ready to serve 1.5 kcal/ml smoothie (0913021)","0913021G0BBAAAA","Fortini Smoothie Multi Fibre liquid (2 flavours)","09: Nutrition and Blood","2800.","1","2800.","0.","75.6","75.6124","N","18149711000001104"
"2026-07","NORTH WEST","Y62","NHS GREATER MANCHESTER INTEGRATED CARE BOARD","QOP","NHS GREATER MANCHESTER ICB - 02H","02H00","SLAG LANE MC","P92648","SLAG LANE MEDICAL CENTRE","216 SLAG LANE, LOWTON","NR.WARRINGTON","CHESHIRE","WA3 2EZ","0505060I0","Ivermectin","0505060I0AAACAC","Ivermectin 3mg tablets","05: Infections","8.","1","8.","0.","192.48","192.4924","N","41789511000001100"
"2026-07","NORTH WEST","Y62","NHS GREATER MANCHESTER INTEGRATED CARE BOARD","QOP","NHS GREATER MANCHESTER ICB - 02H","02H00","WESTLEIGH MEDICAL PRACTICE","P92029","WESTLEIGH MEDICAL PRACTIC","4-12 WESTLEIGH LANE","LEIGH","LANCASHIRE","WN7 5JE","0205052N0","Losartan potassium","0205052N0AAADAD","Losartan 100mg tablets","02: Cardiovascular System","7.","5","35.","70.","1.05","1.40151","N","42376711000001105"
"2026-07","SOUTH EAST","Y59","NHS THAMES VALLEY INTEGRATED CARE BOARD","S0E4D","NHS THAMES VALLEY ICB - 10Q","10Q00","BLOXHAM SURGERY","K84058","THE SURGERY","GODSWELL LODGE, CHURCH ST","BLOXHAM","","OX15 4ES","0101021B0","Alginic acid compound preparations","0101021B0BEADAJ","Gaviscon Infant oral powder sachets","01: Gastro-Intestinal System","30.","2","60.","0.","15.28","14.54377","N","3365311000001100"
"2026-07","MIDLANDS","Y60","NHS NORTHAMPTONSHIRE INTEGRATED CARE BOARD","QPM","NHS NORTHAMPTONSHIRE ICB - 78H","78H00","ABINGTON MEDICAL CENTRE","K83043","ABINGTON MEDICAL CENTRE","51A BEECH AVENUE","NORTHAMPTON","NORTHAMPTONSHIRE","NN3 2JG","0403010F0","Clomipramine hydrochloride","0403010F0AAABAB","Clomipramine 25mg capsules","04: Central Nervous System","56.","1","56.","18.66667","8.76","8.7724","N","42269811000001109"
"2026-07","NORTH WEST","Y62","NHS CHESHIRE AND MERSEYSIDE INTEGRATED CARE BOARD","QYG","NHS CHESHIRE AND MERSEYSIDE ICB - 12F","12F00","VITTORIA MED CTR G","N85038","VITTORIA MEDICAL CENTRE","VITTORIA STREET","BIRKENHEAD","MERSEYSIDE","CH41 3RH","1106000L0","Latanoprost","1106000L0BBAAAA","Xalatan 50micrograms/ml eye drops","11: Eye","2.5","1","2.5","0.","12.48","12.4924","N","365611000001101"
"2026-07","SOUTH EAST","Y59","NHS HAMPSHIRE AND ISLE OF WIGHT INTEGRATED CARE BOARD","QRL","NHS HAMPSHIRE AND ISLE OF WIGHT ICB - D9Y0V","D9Y0V","WIGHT PRIMARY PARTNERSHIPS LTD","J84019","BROOKSIDE HEALTH CENTRE","QUEENS ROAD","FRESHWATER","ISLE OF WIGHT","PO40 9DT","0205052C0","Candesartan cilexetil","0205052C0AAACAC","Candesartan 8mg tablets","02: Cardiovascular System","84.","1","84.","84.","3.69","3.7024","N","42372111000001105"
"2026-07","SOUTH EAST","Y59","NHS KENT AND MEDWAY INTEGRATED CARE BOARD","QKS","NHS KENT AND MEDWAY ICB - 91Q","91Q00","SANDGATE ROAD","G82121","THE SURGERY","180 SANDGATE ROAD","FOLKESTONE","KENT","CT20 2HN","1001022K0","Methylprednisolone acetate","1001022K0BBABAB","Depo-Medrone 80mg/2ml suspension for injection vials","10: Musculoskeletal and Joint Diseases","1.","1","1.","0.","6.18","5.77415","N","777311000001106"
"2026-07","SOUTH EAST","Y59","NHS SURREY AND SUSSEX INTEGRATED CARE BOARD","S9B9J","NHS SURREY AND SUSSEX ICB - 92A","92A00","ST STEPHENS HOUSE SURGERY","H81074","ST.STEPHENS HOUSE","102 WOODFIELD LANE","ASHTEAD","SURREY","KT21 2DP","0401020K0","Diazepam","0401020K0AAAHAH","Diazepam 2mg tablets","04: Central Nervous System","14.","1","14.","2.8","0.35","0.39224","N","42128111000001101"
"2026-07","EAST OF ENGLAND","Y61","NHS NORFOLK AND SUFFOLK INTEGRATED CARE BOARD","T6Y0W","NHS NORFOLK AND SUFFOLK ICB - 26A","26A00","BUNGAY MEDICAL CENTRE","D83034","BUNGAY MEDICAL CENTRE","28 ST JOHNS ROAD","BUNGAY","SUFFOLK","NR35 1LP","0502010B0","Fluconazole","0502010B0AAABAB","Fluconazole 150mg capsules","05: Infections","2.","2","4.","3.","3.","2.54475","N","41787011000001104"
"2026-07","SOUTH WEST","Y58","NHS DORSET INTEGRATED CARE BOARD","QVV","NHS DORSET ICB - 11J","11J00","HIGHCLIFFE MEDICAL CENTRE","J81028","HIGHCLIFFE MEDICAL CENTRE","248 LYMINGTON ROAD","HIGHCLIFFE","DORSET","BH23 5ET","040201060","Olanzapine","040201060AAABAB","Olanzapine 7.5mg tablets","04: Central Nervous System","28.","3","84.","63.","5.82","4.69048","N","42276211000001107"
"2026-07","LONDON","Y56","NHS NORTH EAST LONDON INTEGRATED CARE BOARD","QMF","NHS NORTH EAST LONDON ICB - A3A8R","A3A8R","THE LAWSON PRACTICE","F84096","THE LAWSON PRACTICE","ST.LEONARDS,85 NUTTALL ST","","LONDON","N1 5HZ","2385","Skin Protectors","23854108549","Salts Aloe ring 25mm","23: Stoma Appliances","30.","1","30.","0.","39.56","39.56","N","22268611000001103"
"2026-07","NORTH WEST","Y62","NHS LANCASHIRE AND SOUTH CUMBRIA INTEGRATED CARE BOARD","QE1","NHS LANCASHIRE AND SOUTH CUMBRIA ICB - 02G","02G00","BEACON PRIMARY CARE","P81112","BEACON PRIMARY CARE","SANDY LANE HC, SANDY LANE","SKELMERSDALE","LANCASHIRE","WN8 8LA","2102","Catheters","21020000879","SpeediCath catheter female 16Ch","21: Appliances","30.","1","30.","0.","49.56","44.68145","N","7135611000001101"
"2026-07","NORTH WEST","Y62","NHS CHESHIRE AND MERSEYSIDE INTEGRATED CARE BOARD","QYG","NHS CHESHIRE AND MERSEYSIDE ICB - 99A","99A00","THE ELMS MEDICAL CENTRE","N82070","THE ELMS MEDICAL CENTRE","3 THE ELMS, DINGLE","LIVERPOOL","","L8 3SS","1306010AB","Clindamycin/tretinoin","1306010ABAAAAAA","Clindamycin 1% / Tretinoin 0.025% gel","13: Skin","30.","1","30.","0.","11.94","11.35772","N","24535111000001106"
"2026-07","MIDLANDS","Y60","NHS BLACK COUNTRY INTEGRATED CARE BOARD","QUA","NHS BLACK COUNTRY ICB - D2P2L","D2P2L","SADDLERS HEALTH CENTRE","M91018","HATHERTON MEDICAL CENTRE","1 HATHERTON STREET","WALSALL","","WS1 1AF","0212000L0","Ezetimibe","0212000L0AAAAAA","Ezetimibe 10mg tablets","02: Cardiovascular System","56.","9","504.","504.","83.52","83.6316","N","42209811000001105"
"2026-07","MIDLANDS","Y60","NHS NOTTINGHAM AND NOTTINGHAMSHIRE INTEGRATED CARE BOARD","QT1","NHS NOTTINGHAM AND NOTTINGHAMSHIRE ICB - 52R","52R00","PARLIAMENT STREET MEDICAL CENTRE","Y02847","79A UPPER PARLIAMENT ST","","NOTTINGHAM","","NG1 6LD","0402010AD","Aripiprazole","0402010ADAAADAD","Aripiprazole 5mg tablets","04: Central Nervous System","7.","6","42.","0.","1.56","1.92167","N","42268511000001100"
"2026-07","LONDON","Y56","NHS SOUTH EAST LONDON INTEGRATED CARE BOARD","QKK","NHS SOUTH EAST LONDON ICB - 72Q","72Q00","NOVUM HEALTH PARTNERSHIP","G85633","THE PRIMARY CARE CENTRE","HAWSTEAD ROAD","LEWISHAM","LONDON","SE6 4JH","0106040M0","Macrogol 3350","0106040M0AAAAAA","Macrogol compound oral powder sachets NPF sugar free","01: Gastro-Intestinal System","20.","2","40.","0.","9.","8.57655","N","3591211000001105"
"2026-07","NORTH EAST AND YORKSHIRE","Y63","NHS WEST YORKSHIRE INTEGRATED CARE BOARD","QWO","NHS WEST YORKSHIRE ICB - 15F","15F00","PARK EDGE PRACTICE","B86093","PARK EDGE PRACTICE","ASKET DRIVE","LEEDS","WEST YORKSHIRE","LS14 1HX","2102","Catheters","21020001034","Prosys all silicone catheter female 12Ch-18Ch","21: Appliances","2.","1","2.","0.","12.36","12.36","N","25017411000001109"
"2026-07","EAST OF ENGLAND","Y61","NHS ESSEX INTEGRATED CARE BOARD","D7T5G","NHS ESSEX ICB - 07G","07G00","NEERA MEDICAL CENTRE","F81177","NEERA MEDICAL CENTRE","2 WHARF ROAD","STANFORD-LE-HOPE","ESSEX","SS17 0BY","0103010H0","Famotidine","0103010H0AAABAB","Famotidine 40mg tablets","01: Gastro-Intestinal System","28.","4","112.","112.","6.36","5.13463","N","42354111000001100"
"2026-07","MIDLANDS","Y60","NHS DERBY AND DERBYSHIRE INTEGRATED CARE BOARD","QJ2","NHS DERBY AND DERBYSHIRE ICB - 15M","15M00","SHIRES HEALTHCARE","C81033","SHIRES HEALTHCARE","18 MAIN STREET,SHIREBROOK","MANSFIELD","NOTTINGHAMSHIRE","NG20 8DG","0206020T0","Verapamil hydrochloride","0206020T0BMABAH","Vera-Til SR 240mg tablets (Tillomed)","02: Cardiovascular System","28.","1","28.","28.","5.","4.76337","N","7418711000001109"
"2026-07","SOUTH EAST","Y59","NHS KENT AND MEDWAY INTEGRATED CARE BOARD","QKS","NHS KENT AND MEDWAY ICB - 91Q","91Q00","OAKLANDS HEALTH CENTRE","G82160","OAKLANDS HEALTH CENTRE","STADE STREET","HYTHE","KENT","CT21 6BD","0601022B0","Metformin hydrochloride","0601022B0AAABAB","Metformin 500mg tablets","06: Endocrine System","140.","1","140.","46.66667","3.15","2.53093","N","42084911000001109"
"2026-07","LONDON","Y56","NHS WEST AND NORTH LONDON INTEGRATED CARE BOARD","Z9B2Z","NHS WEST AND NORTH LONDON ICB - 93C","93C00","RITCHIE STREET GROUP PRACTICE","F83021","RITCHIE STREET GROUP PRAC","34 RITCHIE STREET","","LONDON","N1 0DG","0206020T0","Verapamil hydrochloride","0206020T0AAAFAF","Verapamil 120mg tablets","02: Cardiovascular System","84.","1","84.","42.","9.72","7.78386","N","42217111000001107"
"2026-07","SOUTH EAST","Y59","NHS SURREY AND SUSSEX INTEGRATED CARE BOARD","S9B9J","NHS SURREY AND SUSSEX ICB - 97R","97R00","BUXTED MEDICAL CENTRE","G81102","BUXTED MEDICAL CENTRE","FRAMFIELD ROAD, BUXTED","UCKFIELD","EAST SUSSEX","TN22 5FD","0906040G0","Colecalciferol","0906040G0AABHBH","Colecalciferol 1,000unit capsules","09: Nutrition and Blood","60.","2","120.","0.","21.76","19.33819","N","17334411000001109"
"2026-07","NORTH EAST AND YORKSHIRE","Y63","NHS HUMBER AND NORTH YORKSHIRE INTEGRATED CARE BOARD","QOQ","NHS HUMBER AND NORTH YORKSHIRE ICB - 03Q","03Q00","POCKLINGTON GROUP PRACTICE","B81036","THE BECKSIDE CENTRE","1 AMOS DRIVE","POCKLINGTON","","YO42 2BS","0703010F0","Combined ethinylestradiol 30mcg","0703010F0BVAAAJ","Lucette 0.03mg/3mg tablets","07: Obstetrics, Gynaecology and Urinary-Tract Disorders","63.","6","378.","0.","66.","60.72083","N","23649211000001107"
"2026-07","MIDLANDS","Y60","NHS BLACK COUNTRY INTEGRATED CARE BOARD","QUA","NHS BLACK COUNTRY ICB - D2P2L","D2P2L","THE GREENS HEALTH CENTRE","M87012","THE GREENS HEALTH CENTRE","100 MAPLE GREEN","DUDLEY","WEST MIDLANDS","DY1 3QZ","0403010J0","Dosulepin hydrochloride","0403010J0AAAAAA","Dosulepin 25mg capsules","04: Central Nervous System","84.","1","84.","28.","18.87","15.09959","N","42270611000001107"
"2026-07","MIDLANDS","Y60","NHS DERBY AND DERBYSHIRE INTEGRATED CARE BOARD","QJ2","NHS DERBY AND DERBYSHIRE ICB - 15M","15M00","DHU HEALTH CARE CIC OOH","Y01897","2 ROUNDHOUSE ROAD","PRIDE PARK","DERBY","DERBYSHIRE","DE24 8JE","1201010AC","Ciprofloxacin","1201010ACAAABAB","Ciprofloxacin 2mg/ml ear dps 0.25ml ud preservative free","12: Ear, Nose and Oropharynx","15.","2","30.","0.","12.02","11.44613","N","34941111000001103"
"2026-07","LONDON","Y56","NHS SOUTH WEST LONDON INTEGRATED CARE BOARD","QWE","NHS SOUTH WEST LONDON ICB - 36L","36L00","LEANDER FAMILY PRACTICE","H83042","949 LONDON ROAD","THORNTON HEATH","SURREY","","CR7 6JE","0407020G0","Dihydrocodeine tartrate","0407020G0AAACAC","Dihydrocodeine 30mg tablets","04: Central Nervous System","60.","1","60.","15.","3.9","3.23058","N","39708511000001104"
"2026-07","NORTH WEST","Y62","NHS GREATER MANCHESTER INTEGRATED CARE BOARD","QOP","NHS GREATER MANCHESTER ICB - 14L","14L00","KINGSWAY MEDICAL PRACTICE","P84022","720 BURNAGE LANE","BURNAGE","MANCHESTER","LANCASHIRE","M19 1UG","0602010V0","Levothyroxine sodium","0602010V0AABYBY","Levothyroxine sodium 75microgram tablets","06: Endocrine System","56.","2","112.","84.","8.32","8.3448","N","39698911000001100"
"2026-07","EAST OF ENGLAND","Y61","NHS CENTRAL EAST INTEGRATED CARE BOARD","S1Y5D","NHS CENTRAL EAST ICB - 06H","06H00","HADDENHAM SURGERY","D81062","THE SURGERY","THE GREEN, HADDENHAM","ELY","CAMBRIDGESHIRE","CB6 3TA","0606020W0","Ibandronic acid","0606020W0AAADAD","Ibandronic acid 150mg tablets","06: Endocrine System","1.","7","7.","210.","128.1","107.36524","N","9553111000001105"
"2026-07","LONDON","Y56","NHS NORTH EAST LONDON INTEGRATED CARE BOARD","QMF","NHS NORTH EAST LONDON ICB - A3A8R","A3A8R","SPRING HILL PRACTICE","Y03049","BELFAST ROAD","","","LONDON","N16 6UH","0403010B0","Amitriptyline hydrochloride","0403010B0AAAHAH","Amitriptyline 25mg tablets","04: Central Nervous System","56.","15","840.","280.","19.5","15.77689","N","42291211000001105"
"2026-07","EAST OF ENGLAND","Y61","NHS NORFOLK AND SUFFOLK INTEGRATED CARE BOARD","T6Y0W","NHS NORFOLK AND SUFFOLK ICB - 26A","26A00","THE HOLLIES SURGERY","Y00297","THE HOLLIES SURGERY","PARADISE ROAD","DOWNHAM MARKET","NORFOLK","PE38 9JE","0401010AD","Melatonin","0401010ADAAAAAA","Melatonin 2mg modified-release tablets","04: Central Nervous System","60.","2","120.","0.","10.68","10.7048","N","8025411000001104"
"2026-07","SOUTH EAST","Y59","NHS HAMPSHIRE AND ISLE OF WIGHT INTEGRATED CARE BOARD","QRL","NHS HAMPSHIRE AND ISLE OF WIGHT ICB - D9Y0V","D9Y0V","PARK SURGERY","J82143","PARK SURGERY","HURSLEY ROAD","CHANDLERS FORD","HAMPSHIRE","SO53 2ZH","0409010N0","Co-careldopa (Carbidopa/levodopa)","0409010N0AAABAB","Co-careldopa 25mg/100mg tablets","04: Central Nervous System","150.","1","150.","50.","8.79","7.1403","N","39734811000001102"
"2026-07","NORTH EAST AND YORKSHIRE","Y63","NHS NORTH EAST AND NORTH CUMBRIA INTEGRATED CARE BOARD","QHM","NHS NORTH EAST AND NORTH CUMBRIA ICB - 13T","13T00","SECOND STREET SURGERY","A85021","SECOND STREET","BENSHAM","GATESHEAD","TYNE & WEAR","NE8 2UR","0408010A0","Levetiracetam","0408010A0AAABAB","Levetiracetam 500mg tablets","04: Central Nervous System","28.","4","112.","37.33333","5.48","4.83104","N","42131311000001108"
"2026-07","MIDLANDS","Y60","NHS STAFFORDSHIRE AND STOKE-ON-TRENT INTEGRATED CARE BOARD","QNC","NHS STAFFORDSHIRE AND STOKE-ON-TRENT ICB - 04Y","04Y00","AELFGAR SURGERY","M83738","AELFGAR SURGERY","CHURCH STREET","RUGELEY","STAFFORDSHIRE","WS15 2AB","0602010V0","Levothyroxine sodium","0602010V0AABZBZ","Levothyroxine sodium 100microgram tablets","06: Endocrine System","16.","2","32.","32.","0.82","0.88042","N","39697911000001101"
"2026-07","LONDON","Y56","NHS SOUTH EAST LONDON INTEGRATED CARE BOARD","QKK","NHS SOUTH EAST LONDON ICB - 72Q","72Q00","HETHERINGTON GROUP PRACTICE","G85045","HETHERINGTON GROUP PRACT","18 HETHERINGTON ROAD","","LONDON","SW4 7NU","0106020L0","Glycerol","0106020L0AAACAC","Glycerol 4g suppositories","01: Gastro-Intestinal System","12.","2","24.","16.8","4.12","3.31888","N","35368211000001106"
"2026-07","NORTH EAST AND YORKSHIRE","Y63","NHS NORTH EAST AND NORTH CUMBRIA INTEGRATED CARE BOARD","QHM","NHS NORTH EAST AND NORTH CUMBRIA ICB - 00N","00N00","MARSDEN MEDICAL GROUP","A88003","MARSDEN RD. HEALTH CENTRE","MARSDEN ROAD","SOUTH SHIELDS","TYNE & WEAR","NE34 6RE","1304000V0","Hydrocortisone","1304000V0AACICI","Hydrocortisone 1% / Clotrimazole 1% cream","13: Skin","120.","1","120.","0.","9.68","9.21028","N","42374911000001104"
"2026-07","NORTH EAST AND YORKSHIRE","Y63","NHS NORTH EAST AND NORTH CUMBRIA INTEGRATED CARE BOARD","QHM","NHS NORTH EAST AND NORTH CUMBRIA ICB - 00P","00P00","SOUTHLANDS MEDICAL GROUP","A89035","RYHOPE HEALTH CENTRE","BLACK ROAD, RYHOPE","SUNDERLAND","","SR2 0RY","1203010E0","Benzydamine hydrochloride","1203010E0AAABAB","Benzydamine 0.15% oromucosal spray sugar free","12: Ear, Nose and Oropharynx","60.","2","120.","0.","7.08","5.68549","N","42100111000001106"
"2026-07","NORTH WEST","Y62","NHS GREATER MANCHESTER INTEGRATED CARE BOARD","QOP","NHS GREATER MANCHESTER ICB - 00V","00V00","THE ELMS MEDICAL CENTRE","P83608","THE ELMS MEDICAL CENTRE","GREEN LANE, WHITEFIELD","MANCHESTER","","M45 7FD","2122","Emollients","21220000273","Hydromol 2.5% cream","21: Appliances","500.","4","2000.","0.","51.52","46.48522","N","366111000001103"
"2026-07","EAST OF ENGLAND","Y61","NHS CENTRAL EAST INTEGRATED CARE BOARD","S1Y5D","NHS CENTRAL EAST ICB - 06H","06H00","THORPE ROAD","D81615","THORPE ROAD SURGERY","64 THORPE ROAD","PETERBOROUGH","CAMBRIDGESHIRE","PE3 6AP","0913104A0","Ready to serve infant formula, high energy (0913104)","0913104A0BBAAAA","SMA High Energy liquid","09: Nutrition and Blood","4000.","2","8000.","0.","100.8","100.8248","N","36844811000001109"
"2026-07","MIDLANDS","Y60","NHS BLACK COUNTRY INTEGRATED CARE BOARD","QUA","NHS BLACK COUNTRY ICB - D2P2L","D2P2L","LITTLE LONDON SURGERY","M91008","LITTLE LONDON SURGERY","LITTLE LONDON, CALDMORE","WALSALL","WEST MIDLANDS","WS1 3EP","0106040M0","Macrogol 3350","0106040M0BCACAA","Laxido Orange oral powder sachets sugar free","01: Gastro-Intestinal System","50.","1","50.","0.","10.15","9.75687","N","17420611000001107"
"2026-07","EAST OF ENGLAND","Y61","NHS NORFOLK AND SUFFOLK INTEGRATED CARE BOARD","T6Y0W","NHS NORFOLK AND SUFFOLK ICB - 26A","26A00","ROSEDALE SURGERY","D83047","ROSEDALE SURGERY","ASHBURNHAM WAY","CARLTON COLVILLE","LOWESTOFT,SUFFOLK","NR33 8LG","1106000Z0","Timolol","1106000Z0AAASAS","Timolol 1mg/g gel eye drops 0.4g unit dose preservative free","11: Eye","60.","1","60.","0.","14.98","14.24631","N","19723611000001104"
"2026-07","SOUTH EAST","Y59","NHS HAMPSHIRE AND ISLE OF WIGHT INTEGRATED CARE BOARD","QRL","NHS HAMPSHIRE AND ISLE OF WIGHT ICB - D9Y0V","D9Y0V","WEST END ROAD SURGERY","J82040","BITTERNE SURGERY","62 WEST END ROAD","BITTERNE, SOUTHAMPTON","HAMPSHIRE","SO18 6TG","1106000AD","Latanoprost and timolol","1106000ADBEABAC","Vizilatan Duo 50micrograms/ml / 5mg/ml eye drops","11: Eye","2.5","2","5.","0.","26.98","25.66104","N","43036711000001101"
"2026-07","NORTH EAST AND YORKSHIRE","Y63","NHS WEST YORKSHIRE INTEGRATED CARE BOARD","QWO","NHS WEST YORKSHIRE ICB - X2C4Y","X2C4Y","CALDER VIEW SURGERY","B85004","DEWSBURY HEALTH CENTRE","WELLINGTON ROAD","DEWSBURY","WEST YORKSHIRE","WF13 1HN","0204000H0","Bisoprolol fumarate","0204000H0AAAMAM","Bisoprolol 1.25mg tablets","02: Cardiovascular System","7.","33","231.","28.875","29.7","33.4092","N","42371111000001100"
"2026-07","MIDLANDS","Y60","NHS BIRMINGHAM AND SOLIHULL INTEGRATED CARE BOARD","QHL","NHS BIRMINGHAM AND SOLIHULL ICB - 15E","15E00","COTMORE SURGERY","M85792","169 OLD OSCOTT LANE","GREAT BARR","BIRMINGHAM","","B44 8TU","1304000F0","Betamethasone valerate","1304000F0AAAAAA","Betamethasone valerate 0.1% cream","13: Skin","30.","1","30.","0.","2.19","1.76338","N","41893111000001108"
"2026-07","LONDON","Y56","NHS NORTH EAST LONDON INTEGRATED CARE BOARD","QMF","NHS NORTH EAST LONDON ICB - A3A8R","A3A8R","ST GEORGES COUNTRY PARK SURGERY","F82624","ST GEORGES HEALTH&WLB HUB","113 SUTTONS LANE","HORNCHURCH","ESSEX","RM12 6RR","0401020P0","Lorazepam","0401020P0AAADAD","Lorazepam 500microgram tablets","04: Central Nervous System","2.","2","4.","0.8","0.28","0.44867","N","42131711000001107"
"2026-07","NORTH EAST AND YORKSHIRE","Y63","NHS SOUTH YORKSHIRE INTEGRATED CARE BOARD","QF7","NHS SOUTH YORKSHIRE ICB - 03N","03N00","BROOMHILL SURGERY","C88028","BROOMHILL SURGERY","5 LAWSON ROAD, BROOMHILL","SHEFFIELD","SOUTH YORKSHIRE","S10 5BU","0501013B0","Amoxicillin","0501013B0AAAKAK","Amoxicillin 250mg/5ml oral suspension","05: Infections","800.","1","800.","53.33333","12.4","12.4124","N","41941111000001109"
"2026-07","SOUTH EAST","Y59","NHS KENT AND MEDWAY INTEGRATED CARE BOARD","QKS","NHS KENT AND MEDWAY ICB - 91Q","91Q00","MATRIX MEDICAL PRACTICE","G82719","10A BEACON HILL","LUTON","CHATHAM","KENT","ME5 7JX","2122","Emollients","21220000210","QV cream","21: Appliances","500.","2","1000.","0.","13.5","12.19252","N","11782611000001106"
"2026-07","NORTH EAST AND YORKSHIRE","Y63","NHS NORTH EAST AND NORTH CUMBRIA INTEGRATED CARE BOARD","QHM","NHS NORTH EAST AND NORTH CUMBRIA ICB - 99C","99C00","THE VILLAGE GREEN SURGERY","A87016","THE VILLAGE GREEN SURGERY","THE GREEN","WALLSEND","TYNE & WEAR","NE28 6BB","0501130R0","Nitrofurantoin","0501130R0AAAGAG","Nitrofurantoin 100mg modified-release capsules","05: Infections","8.","1","8.","4.","4.58","3.77426","N","39108511000001108"
"2026-07","NORTH EAST AND YORKSHIRE","Y63","NHS SOUTH YORKSHIRE INTEGRATED CARE BOARD","QF7","NHS SOUTH YORKSHIRE ICB - 02X","02X00","THE SCOTT PRACTICE","C86019","THE SCOTT PRACTICE","GREENFIELD LANE, BALBY","DONCASTER","SOUTH YORKSHIRE","DN4 0TG","0407020Q0","Morphine sulfate","0407020Q0AACGCG","Morphine 5mg modified-release tablets","04: Central Nervous System","56.","2","112.","5.6","6.14","6.3648","N","36127511000001108"
"2026-07","MIDLANDS","Y60","NHS BLACK COUNTRY INTEGRATED CARE BOARD","QUA","NHS BLACK COUNTRY ICB - D2P2L","D2P2L","TETTENHALL MEDICAL PRACTICE","M92010","HEALTH CENTRE","LOWER ST,TETTENHALL","WOLVERHAMPTON","WEST MIDLANDS","WV6 9LL","1108010D0","Carmellose sodium","1108010D0AAADAD","Carmellose 0.5% eye drops 0.4ml unit dose preservative free","11: Eye","120.","1","120.","0.","19.2","18.25613","N","18248211000001104"
"2026-07","NORTH EAST AND YORKSHIRE","Y63","NHS NORTH EAST AND NORTH CUMBRIA INTEGRATED CARE BOARD","QHM","NHS NORTH EAST AND NORTH CUMBRIA ICB - 84H","84H00","GAINFORD SURGERY","A83061","MAIN ROAD","GAINFORD","DARLINGTON","COUNTY DURHAM","DL2 3BE","0409020S0","Procyclidine hydrochloride","0409020S0AAAEAE","Procyclidine 5mg tablets","04: Central Nervous System","84.","1","84.","28.","3.93","3.49261","N","42040411000001103"
"2026-07","EAST OF ENGLAND","Y61","NHS ESSEX INTEGRATED CARE BOARD","D7T5G","NHS ESSEX ICB - 99F","99F00","THE HOLLIES","F81075","THE HOLLIES","41 RECTORY RD, HADLEIGH","BENFLEET","ESSEX","SS7 2NA","0604012S0","Progesterone","0604012S0BDAAAL","Utrogestan 100mg capsules","06: Endocrine System","30.","8","240.","0.","52.8","50.26946","N","11758911000001105"
"2026-07","NORTH WEST","Y62","NHS GREATER MANCHESTER INTEGRATED CARE BOARD","QOP","NHS GREATER MANCHESTER ICB - 02H","02H00","INCE SURGERY","P92620","CLAIRE HOUSE","PHOENIX WAY","LOWER INCE","","WN3 4NW","0905011D0","Calcium carbonate","0905011D0AAAKAK","Calcium carbonate 1.5g chewable tablets sugar free","09: Nutrition and Blood","56.","1","56.","0.","4.87","4.73985","N","41982611000001100"
"2026-07","NORTH EAST AND YORKSHIRE","Y63","NHS WEST YORKSHIRE INTEGRATED CARE BOARD","QWO","NHS WEST YORKSHIRE ICB - 15F","15F00","PARK ROAD & MENSTON","B86052","PARK ROAD MEDICAL CENTRE","44 PARK ROAD","GUISELEY,LEEDS","","LS20 8AR","0601022B0","Metformin hydrochloride","0601022B0BMAAAV","Sukkarto SR 1000mg tablets","06: Endocrine System","112.","6","672.","448.","62.88","59.82261","N","24568211000001104"
"2026-07","NORTH EAST AND YORKSHIRE","Y63","NHS NORTH EAST AND NORTH CUMBRIA INTEGRATED CARE BOARD","QHM","NHS NORTH EAST AND NORTH CUMBRIA ICB - 16C","16C00","THORNABY & BARWICK MEDICAL GROUP","A81034","THORNABY HEALTH CENTRE","TRENCHARD AVE, THORNABY","STOCKTON ON TEES","CLEVELAND","TS17 0EE","0601011L0","Insulin Lispro","0601011L0BBABAB","Humalog 100units/ml solution for injection 10ml vials","06: Endocrine System","3.","2","6.","0.","99.66","99.6848","N","3280111000001104"
"2026-07","SOUTH EAST","Y59","NHS SURREY AND SUSSEX INTEGRATED CARE BOARD","S9B9J","NHS SURREY AND SUSSEX ICB - 70F","70F00","WORTHING MEDICAL GROUP","H82045","WORTHING MEDICAL GROUP","23 SHELLEY ROAD","WORTHING","WEST SUSSEX","BN11 4BS","0604011L0","Estradiol with progestogen","0604011L0BPABAW","Elleste Duet 1mg tablets","06: Endocrine System","84.","1","84.","0.","9.2","8.76659","N","3367311000001108"
"2026-07","MIDLANDS","Y60","NHS BIRMINGHAM AND SOLIHULL INTEGRATED CARE BOARD","QHL","NHS BIRMINGHAM AND SOLIHULL ICB - 15E","15E00","SPRINGFIELD SURGERY","M85774","SPARKHILL PRIM. CARE CTR","856 STRATFORD ROAD","SPARKHILL","","B11 4BW","0703010E0","Combined ethinylestradiol 20mcg","0703010E0BCAAAB","Mercilon 150microgram/20microgram tablets","07: Obstetrics, Gynaecology and Urinary-Tract Disorders","126.","1","126.","0.","16.88","16.05168","N","208311000001105"
"2026-07","SOUTH EAST","Y59","NHS SURREY AND SUSSEX INTEGRATED CARE BOARD","S9B9J","NHS SURREY AND SUSSEX ICB - 70F","70F00","MEADOWS SURGERY","H82003","THE MEADOWS SURGERY","TEMPLE GROVE,GATEHOUSE LN","BURGESS HILL","WEST SUSSEX","RH15 9XN","0408010W0","Sodium valproate","0408010W0BBAJAZ","Epilim Chrono 200 tablets","04: Central Nervous System","30.","2","60.","10.","7.","6.67616","N","489711000001100"
"2026-07","LONDON","Y56","NHS WEST AND NORTH LONDON INTEGRATED CARE BOARD","Z9B2Z","NHS WEST AND NORTH LONDON ICB - W2U3Z","W2U3Z","ISLIP MANOR MEDICAL CENTRE","E85098","ISLIP MANOR MEDICAL CTR","45 EASTCOTE LANE","NORTHOLT","MIDDLESEX","UB5 5RG","0212000AD","Colesevelam hydrochloride","0212000ADAAAAAA","Colesevelam 625mg tablets","02: Cardiovascular System","180.","1","180.","0.","115.32","115.3324","N","42207911000001107"
"2026-07","EAST OF ENGLAND","Y61","NHS CENTRAL EAST INTEGRATED CARE BOARD","S1Y5D","NHS CENTRAL EAST ICB - M1J4Y","M1J4Y","SOVEREIGN MEDICAL CENTRE","K82025","SOVEREIGN MEDICAL CENTRE","SOVEREIGN DR, PENNYLAND","MILTON KEYNES","BUCKINGHAMSHIRE","MK15 8AJ","0408010A0","Levetiracetam","0408010A0BBABAB","Keppra 500mg tablets","04: Central Nervous System","120.","2","240.","80.","197.28","197.3048","N","839211000001109"
"2026-07","NORTH EAST AND YORKSHIRE","Y63","NHS WEST YORKSHIRE INTEGRATED CARE BOARD","QWO","NHS WEST YORKSHIRE ICB - 15F","15F00","HAWTHORN SURGERY","B86672","HAWTHORN SURGERY","WORTLEY BECK HC, RING RD","LOWER WORTLEY","LEEDS","LS12 5SG","0303020G0","Montelukast","0303020G0AAABAB","Montelukast 10mg tablets","03: Respiratory System","28.","8","224.","224.","7.2","5.85584","N","42296311000001105"
"2026-07","MIDLANDS","Y60","NHS LEICESTER, LEICESTERSHIRE AND RUTLAND INTEGRATED CARE BOARD","QK1","NHS LEICESTER, LEICESTERSHIRE AND RUTLAND ICB - 04C","04C00","SPINNEY HILL MEDICAL CENTRE","C82024","143 ST SAVIOURS ROAD","","LEICESTER","","LE5 3HX","0407010F0","Co-codamol (Codeine phosphate/paracetamol)","0407010F0AAAHAH","Co-codamol 30mg/500mg tablets","04: Central Nervous System","112.","1","112.","18.66667","9.03","7.33218","N","42009811000001101"
"2026-07","NORTH WEST","Y62","NHS GREATER MANCHESTER INTEGRATED CARE BOARD","QOP","NHS GREATER MANCHESTER ICB - 02H","02H00","THE DICCONSON GROUP PRACTICE","P92003","BOSTON HOUSE","WIGAN HEALTH CENTRE","FROG LANE","WIGAN","WN6 7LB","020400080","Carvedilol","020400080AAAEAE","Carvedilol 3.125mg tablets","02: Cardiovascular System","56.","9","504.","126.","38.7","38.8116","N","42372711000001106"
"2026-07","EAST OF ENGLAND","Y61","NHS NORFOLK AND SUFFOLK INTEGRATED CARE BOARD","T6Y0W","NHS NORFOLK AND SUFFOLK ICB - 06L","06L00","CARDINAL MEDICAL PRACTICE","D83050","2 DEBEN ROAD","IPSWICH","SUFFOLK","","IP1 5EN","0408010AE","Pregabalin","0408010AEAAACAC","Pregabalin 75mg capsules","04: Central Nervous System","112.","5","560.","140.","13.6","13.662","N","42135711000001109"
"2026-07","NORTH EAST AND YORKSHIRE","Y63","NHS SOUTH YORKSHIRE INTEGRATED CARE BOARD","QF7","NHS SOUTH YORKSHIRE ICB - 03N","03N00","SHARROW LANE MEDICAL CENTRE","C88060","SHARROW LANE MEDICAL CTR","129 SHARROW LANE","SHEFFIELD","","S11 8AN","0102000T0","Peppermint oil","0102000T0AAAAAA","Peppermint oil 0.2ml gastro-resistant capsules","01: Gastro-Intestinal System","84.","4","336.","112.","28.16","26.80707","N","14610311000001100"
"2026-07","MIDLANDS","Y60","NHS BIRMINGHAM AND SOLIHULL INTEGRATED CARE BOARD","QHL","NHS BIRMINGHAM AND SOLIHULL ICB - 15E","15E00","THE WAND MEDICAL CENTRE","M85084","WAND MEDICAL CENTRE","15 FRANK ST., HIGHGATE","BIRMINGHAM","","B12 0UF","1104020AE","Ciclosporin (Eye Anti Inflammatory)","1104020AEBBAAAA","Ikervis 1mg/ml eye drops emulsion 0.3ml unit dose","11: Eye","30.","1","30.","0.","72.","72.0124","N","29950811000001104"
"2026-07","EAST OF ENGLAND","Y61","NHS ESSEX INTEGRATED CARE BOARD","D7T5G","NHS ESSEX ICB - 99G","99G00","DR KUMAR & PTNR - SHOEBURY HC","F81613","SHOEBURY HEALTH CENTRE","CAMPFIELD ROAD","SHOEBURYNESS","ESSEX","SS3 9BX","0704020AE","Mirabegron","0704020AEAAABAB","Mirabegron 50mg modified-release tablets","07: Obstetrics, Gynaecology and Urinary-Tract Disorders","56.","4","224.","0.","216.52","206.18566","N","38893511000001109"
"2026-07","SOUTH WEST","Y58","NHS DORSET INTEGRATED CARE BOARD","QVV","NHS DORSET ICB - 11J","11J00","ST ALBANS MEDICAL CENTRE","J81062","ST.ALBANS MEDICAL CENTRE","26-28 ST.ALBANS CRESCENT","CHARMINSTER","BOURNEMOUTH","BH8 9EW","0704020AD","Fesoterodine fumarate","0704020ADAAAAAA","Fesoterodine 4mg modified-release tablets","07: Obstetrics, Gynaecology and Urinary-Tract Disorders","84.","1","84.","0.","26.22","26.2324","N","38894011000001104"
"2026-07","NORTH WEST","Y62","NHS LANCASHIRE AND SOUTH CUMBRIA INTEGRATED CARE BOARD","QE1","NHS LANCASHIRE AND SOUTH CUMBRIA ICB - 02M","02M00","THE VILLAGE PRACTICE","P81133","THORNTON MEDICAL CENTRE","CHURCH ROAD","THORNTON-CLEVELEYS","LANCASHIRE","FY5 2TZ","020400080","Carvedilol","020400080AAACAC","Carvedilol 25mg tablets","02: Cardiovascular System","28.","2","56.","112.","7.16","7.1848","N","42372611000001102"
"2026-07","SOUTH EAST","Y59","NHS SURREY AND SUSSEX INTEGRATED CARE BOARD","S9B9J","NHS SURREY AND SUSSEX ICB - 92A","92A00","OXSHOTT MEDICAL PRACTICE","H81107","OXSHOTT MEDICAL PRACTICE","HOLTWOOD ROAD","OXSHOTT","SURREY","KT22 0QL","1305020D0","Calcipotriol","1305020D0BEAAAI","Enstilar 50micrograms/g / 0.5 mg/g cutaneous foam","13: Skin","120.","1","120.","0.","79.36","75.41982","N","32615311000001104"
"2026-07","LONDON","Y56","NHS NORTH EAST LONDON INTEGRATED CARE BOARD","QMF","NHS NORTH EAST LONDON ICB - A3A8R","A3A8R","DALSTON PRACTICE","F84063","1B MADINAH ROAD","","","LONDON","E8 1PG","2122","Emollients","21220000119","imuDERM emollient","21: Appliances","500.","5","2500.","0.","34.75","31.38261","N","25035311000001104"
"2026-07","SOUTH WEST","Y58","NHS CORNWALL AND THE ISLES OF SCILLY INTEGRATED CARE BOARD","QT6","NHS CORNWALL AND THE ISLES OF SCILLY ICB - 11N","11N00","MIDDLEWAY SURGERY","L82026","MIDDLEWAY SURGERY","ST.BLAZEY","PAR","CORNWALL","PL24 2JL","0601011A0","Insulin aspart","0601011A0BBADAC","NovoRapid FlexPen 100units/ml inj 3ml pre-filled pens","06: Endocrine System","6.","2","12.","0.","73.44","73.6648","N","3282211000001106"
"2026-07","NORTH EAST AND YORKSHIRE","Y63","NHS WEST YORKSHIRE INTEGRATED CARE BOARD","QWO","NHS WEST YORKSHIRE ICB - 36J","36J00","LEYLANDS LANE MEDICAL PRACTICE","B83038","LEYLANDS LANE MED PRACT","81 LEYLANDS LANE, HEATON","BRADFORD","WEST YORKSHIRE","BD9 5PZ","0106010E0","Ispaghula husk","0106010E0AAADAD","Ispaghula husk 3.5g efferv gran sach gluten free sugar free","01: Gastro-Intestinal System","30.","2","60.","30.","12.64","12.03526","N","38897111000001108"
"2026-07","NORTH EAST AND YORKSHIRE","Y63","NHS HUMBER AND NORTH YORKSHIRE INTEGRATED CARE BOARD","QOQ","NHS HUMBER AND NORTH YORKSHIRE ICB - 03F","03F00","MARFLEET GROUP PRACTICE","B81040","MARFLEET GROUP PRACTICE","MARFLEET PCC, PRESTON RD","KINGSTON UPON HULL","","HU9 5HH","0601060D0","Glucose blood testing reagents","0601060D0ENAAA0","Contour Plus testing strips","06: Endocrine System","200.","1","200.","0.","23.8","21.46364","N","36854011000001100"
"2026-07","SOUTH EAST","Y59","NHS THAMES VALLEY INTEGRATED CARE BOARD","S0E4D","NHS THAMES VALLEY ICB - 15A","15A00","UNIVERSITY MEDICAL GROUP","K81605","UNIVERSITY HEALTH CENTRE","9 NORTHCOURT AVENUE","READING","BERKSHIRE","RG2 7HE","0403010X0","Trazodone hydrochloride","0403010X0AAAAAA","Trazodone 50mg capsules","04: Central Nervous System","84.","1","84.","28.","1.76","1.41958","N","42280711000001105"
"2026-07","NORTH EAST AND YORKSHIRE","Y63","NHS NORTH EAST AND NORTH CUMBRIA INTEGRATED CARE BOARD","QHM","NHS NORTH EAST AND NORTH CUMBRIA ICB - 84H","84H00","MIDDLE CHARE MEDICAL GROUP","A83028","MIDDLE CHARE SURGERY","MIDDLE CHARE","CHESTER-LE-STREET","COUNTY DURHAM","DH3 3QD","0204000R0","Propranolol hydrochloride","0204000R0AAABAB","Propranolol 160mg modified-release capsules","02: Cardiovascular System","56.","1","56.","74.66667","9.76","9.2863","N","38751211000001101"
"2026-07","NORTH WEST","Y62","NHS CHESHIRE AND MERSEYSIDE INTEGRATED CARE BOARD","QYG","NHS CHESHIRE AND MERSEYSIDE ICB - 99A","99A00","NETHERLEY HEALTH CENTRE","N82036","MIDDLEMASS HEY","NETHERLEY","LIVERPOOL","","L27 7AF","0212000AA","Rosuvastatin calcium","0212000AAAAACAC","Rosuvastatin 40mg tablets","02: Cardiovascular System","28.","1","28.","112.","1.63","1.31564","N","42297411000001101"
"2026-07","SOUTH WEST","Y58","NHS BRISTOL, NORTH SOMERSET AND SOUTH GLOUCESTERSHIRE INTEGRATED CARE BOARD","QUY","NHS BRISTOL, NORTH SOMERSET AND SOUTH GLOUCESTERSHIRE ICB - 15C","15C00","STOKES MEDICAL GROUP","L81118","STOKE GIFFORD MEDICAL CTR","RATCLIFFE DRIVE","STOKE GIFFORD","BRISTOL","BS34 8UE","0408010W0","Sodium valproate","0408010W0AAACAC","Sodium valproate 200mg gastro-resistant tablets","04: Central Nervous System","120.","5","600.","100.","39.8","37.87973","N","42137011000001100"
"2026-07","LONDON","Y56","NHS SOUTH EAST LONDON INTEGRATED CARE BOARD","QKK","NHS SOUTH EAST LONDON ICB - 72Q","72Q00","BARNARD MEDICAL GROUP","G83004","BARNARD MEDICAL PRACTICE","43 GRANVILLE ROAD","SIDCUP","KENT","DA14 4TA","0302000N0","Fluticasone propionate (Inhalation)","0302000N0BCAFBG","Seretide 250 Evohaler","03: Respiratory System","2.","1","2.","60.","58.64","55.73179","N","539811000001106"
"2026-07","SOUTH EAST","Y59","NHS THAMES VALLEY INTEGRATED CARE BOARD","S0E4D","NHS THAMES VALLEY ICB - 10Q","10Q00","ISLIP SURGERY","K84003","THE SURGERY","BLETCHINGTON RD,ISLIP","KIDLINGTON","OXFORDSHIRE","OX5 2TQ","1306010I0","Erythromycin","1306010I0AAABAB","Erythromycin 40mg/ml / Zinc acetate 12mg/ml lotion","13: Skin","90.","2","180.","0.","40.04","38.07058","N","41739611000001109"
"2026-07","SOUTH EAST","Y59","NHS SURREY AND SUSSEX INTEGRATED CARE BOARD","S9B9J","NHS SURREY AND SUSSEX ICB - 09D","09D00","HOVE MEDICAL CENTRE","G81001","HOVE MEDICAL CENTRE","WEST WAY","HOVE","EAST SUSSEX","BN3 8LD","1106000L0","Latanoprost","1106000L0AAABAB","Latanoprost 50micrograms/ml eye dps 0.2ml ud preserv free","11: Eye","60.","3","180.","0.","50.94","48.4401","N","22154311000001107"
"2026-07","SOUTH EAST","Y59","NHS HAMPSHIRE AND ISLE OF WIGHT INTEGRATED CARE BOARD","QRL","NHS HAMPSHIRE AND ISLE OF WIGHT ICB - D9Y0V","D9Y0V","HART HEALTH PARTNERSHIP","J82110","CHURCH ROAD","","FLEET","HAMPSHIRE","GU51 4PE","0407020B0","Buprenorphine","0407020B0BMAAAH","Sevodyne 5micrograms/hour transdermal patches","04: Central Nervous System","4.","12","48.","145.45455","66.36","66.5088","N","33480711000001101"
"2026-07","LONDON","Y56","NHS WEST AND NORTH LONDON INTEGRATED CARE BOARD","Z9B2Z","NHS WEST AND NORTH LONDON ICB - 93C","93C00","CLERKENWELL MEDICAL PRACTICE","F83624","CLERKENWELL MED PRACTICE","FINSBURY H/C,17 PINE ST","","LONDON","EC1R 0LP","0402010AD","Aripiprazole","0402010ADAAAAAA","Aripiprazole 10mg tablets","04: Central Nervous System","14.","4","56.","0.","5.52","5.9696","N","42268111000001109"
"2026-07","LONDON","Y56","NHS NORTH EAST LONDON INTEGRATED CARE BOARD","QMF","NHS NORTH EAST LONDON ICB - A3A8R","A3A8R","HIGH STREET SURGERY","F82023","219 HIGH STREET","HORNCHURCH","","ESSEX","RM11 3XT","0208020Y0","Rivaroxaban","0208020Y0AAACAC","Rivaroxaban 20mg tablets","02: Cardiovascular System","14.","1","14.","0.","0.58","0.6924","N","19842211000001107"
"2026-07","LONDON","Y56","NHS WEST AND NORTH LONDON INTEGRATED CARE BOARD","Z9B2Z","NHS WEST AND NORTH LONDON ICB - W2U3Z","W2U3Z","HOLLY ROAD MEDICAL CENTRE","E85658","HOLLY ROAD MEDICAL CENTRE","2A HOLLY ROAD","CHISWICK","LONDON","W4 1NU","0403030D0","Citalopram hydrobromide","0403030D0AAACAC","Citalopram 40mg tablets","04: Central Nervous System","28.","1","28.","56.","1.03","0.83592","N","42269511000001106"
"2026-07","NORTH EAST AND YORKSHIRE","Y63","NHS HUMBER AND NORTH YORKSHIRE INTEGRATED CARE BOARD","QOQ","NHS HUMBER AND NORTH YORKSHIRE ICB - 02Y","02Y00","THE RIDINGS MEDICAL GROUP","B81061","BROUGH SURGERY","4 CENTURION WAY","BROUGH","","HU15 1AY","0501013K0","Co-amoxiclav (Amoxicillin/clavulanic acid)","0501013K0AAAJAJ","Co-amoxiclav 500mg/125mg tablets","05: Infections","21.","21","441.","147.","44.73","36.55611","N","39732211000001107"
"2026-07","SOUTH WEST","Y58","NHS SOMERSET INTEGRATED CARE BOARD","QSL","NHS SOMERSET ICB - 11X","11X00","FROME MEDICAL PRACTICE","L85008","FROME MEDICAL CENTRE","ENOS WAY","FROME","SOMERSET","BA11 2FH","0203020I0","Flecainide acetate","0203020I0AAADAD","Flecainide 100mg tablets","02: Cardiovascular System","120.","7","840.","420.","52.64","52.7268","N","42210311000001108"
"2026-07","EAST OF ENGLAND","Y61","NHS NORFOLK AND SUFFOLK INTEGRATED CARE BOARD","T6Y0W","NHS NORFOLK AND SUFFOLK ICB - 26A","26A00","COASTAL VILLAGES PRACTICE","D82058","COASTAL VILLAGES PRACTICE","ORMESBY VILLAGE SURGERY","PIPPIN CLOSE, ORMESBY","GREAT YARMOUTH, NORFOLK","NR29 3RW","0601012V0","Insulin glargine","0601012V0BBAEAD","Lantus 100units/ml inj 3ml pre-filled SoloStar pens","06: Endocrine System","5.","16","80.","0.","556.","548.4385","N","11933011000001106"
"2026-07","NORTH EAST AND YORKSHIRE","Y63","NHS WEST YORKSHIRE INTEGRATED CARE BOARD","QWO","NHS WEST YORKSHIRE ICB - 02T","02T00","KING CROSS PRACTICE","B84021","KING CROSS SURGERY","199 KING CROSS ROAD","KING CROSS, HALIFAX","WEST YORKSHIRE","HX1 3LW","2315","Adhesive Removers (Sprays/Liquids/Wipes)","23150701505","Dansac EasiSpray adhesive remover","23: Stoma Appliances","50.","1","50.","0.","7.2","7.2","N","30234811000001107"
"2026-07","SOUTH EAST","Y59","NHS THAMES VALLEY INTEGRATED CARE BOARD","S0E4D","NHS THAMES VALLEY ICB - 10Q","10Q00","MILL STREAM SURGERY","K84036","MILL STREAM SURGERY","MILL STREAM, BENSON","WALLINGFORD","OXFORDSHIRE","OX10 6RL","0704020J0","Oxybutynin","0704020J0AAACAC","Oxybutynin 5mg tablets","07: Obstetrics, Gynaecology and Urinary-Tract Disorders","112.","1","112.","0.","14.04","14.0524","N","42039111000001104"
"2026-07","EAST OF ENGLAND","Y61","NHS CENTRAL EAST INTEGRATED CARE BOARD","S1Y5D","NHS CENTRAL EAST ICB - M1J4Y","M1J4Y","BLMK APPLIANCE PRESCRIBING SERVICE","Y07872","BLMK SPS","17-19 GLACIER BUILDINGS","","LIVERPOOL","L3 4BH","2102","Catheters","21020001437","LINC all silicone open tipped suprapubic cath + integral ball & glycerine filled syrg stnd 12Ch-14Ch","21: Appliances","3.","3","9.","0.","102.24","102.24","N","23149611000001108"
"2026-07","LONDON","Y56","NHS WEST AND NORTH LONDON INTEGRATED CARE BOARD","Z9B2Z","NHS WEST AND NORTH LONDON ICB - 93C","93C00","BARNET PCN 3 EAS","Y07840","311 BALARDS LANE","FINCHLEY","","LONDON","N12 8LY","1304000F0","Betamethasone valerate","1304000F0BCABCC","Fucibet cream","13: Skin","30.","2","60.","0.","12.76","12.14928","N","399111000001108"
"2026-07","NORTH WEST","Y62","NHS GREATER MANCHESTER INTEGRATED CARE BOARD","QOP","NHS GREATER MANCHESTER ICB - 01W","01W00","ARCHWOOD MEDICAL PRACTICE","P88625","WOODLEY HEALTH CENTRE","HYDE ROAD, WOODLEY","STOCKPORT","CHESHIRE","SK6 1ND","0204000E0","Atenolol","0204000E0AAABAB","Atenolol 50mg tablets","02: Cardiovascular System","28.","5","140.","93.33333","3.45","2.82039","N","42370711000001107"
"2026-07","LONDON","Y56","NHS SOUTH WEST LONDON INTEGRATED CARE BOARD","QWE","NHS SOUTH WEST LONDON ICB - 36L","36L00","ST ALBANS MEDICAL CENTRE","H84033","212 RICHMOND ROAD","","KINGSTON-UPON-THAMES","SURREY","KT2 5HF","0209000A0","Aspirin","0209000A0AAAJAJ","Aspirin 75mg tablets","02: Cardiovascular System","56.","9","504.","252.","30.96","31.0716","N","42292011000001108"
"2026-07","NORTH WEST","Y62","NHS CHESHIRE AND MERSEYSIDE INTEGRATED CARE BOARD","QYG","NHS CHESHIRE AND MERSEYSIDE ICB - 12F","12F00","EASTHAM GROUP PRACTICE","N85005","EASTHAM GROUP PRACTICE","TREE TOPS PRIMARY HTH CTR","BRIDLE ROAD","BROMBOROUGH,WIRRAL","CH62 6EE","0901011F0","Ferrous fumarate","0901011F0AAAHAH","Ferrous fumarate 305mg capsules","09: Nutrition and Blood","56.","6","336.","0.","16.8","16.63766","N","41984811000001107"
"2026-07","EAST OF ENGLAND","Y61","NHS CENTRAL EAST INTEGRATED CARE BOARD","S1Y5D","NHS CENTRAL EAST ICB - M1J4Y","M1J4Y","KINGSWAY & BRAMINGHAM MEDICAL CENTRE","Y02332","KINGSWAY HEALTH CENTRE","385 DUNSTABLE ROAD","LUTON","BEDFORDSHIRE","LU4 8BY","190605000","Other oil preparations","190605000AACACA","Olive oil liquid","19: Other Drugs and Preparations","92.","1","92.","0.","1.81","1.83225","N","14609111000001105"
"2026-07","MIDLANDS","Y60","NHS BLACK COUNTRY INTEGRATED CARE BOARD","QUA","NHS BLACK COUNTRY ICB - D2P2L","D2P2L","SCOTT ARMS MEDICAL CENTRE","M88021","SCOTT ARMS MEDICAL CENTRE","WHITECREST","GREAT BARR","BIRMINGHAM","B43 6EE","2346","Discharge Solidifying Agents","23463374601","Absorb odour neutralising absorbent gel 3g sachets","23: Stoma Appliances","30.","1","30.","0.","10.85","10.85","N","7055111000001103"
"2026-07","MIDLANDS","Y60","NHS NORTHAMPTONSHIRE INTEGRATED CARE BOARD","QPM","NHS NORTHAMPTONSHIRE ICB - 78H","78H00","DR SPENCER & PARTNERS","K83037","BURTON LATIMER HC","HIGHAM ROAD","BURTON LATIMER","NORTHAMPTONSHIRE","NN15 5PU","0914011N0","Tube feed 2 kcal/ml with fibre (0914011)","0914011N0BCAAAA","TwoCal Bolus liquid","09: Nutrition and Blood","24000.","1","24000.","0.","555.6","555.6124","N","39474211000001106"
"2026-07","MIDLANDS","Y60","NHS DERBY AND DERBYSHIRE INTEGRATED CARE BOARD","QJ2","NHS DERBY AND DERBYSHIRE ICB - 15M","15M00","HOLLYBROOK MEDICAL CENTRE","C81054","HOLLYBROOK MEDICAL CENTRE","HOLLYBROOK WAY","HEATHERTON VILLAGE","LITTLEOVER,DERBY","DE23 3TX","1108010B0","Carbomer 940/980","1108010B0BCAAAB","GelTears 0.2% gel","11: Eye","40.","1","40.","0.","11.2","10.65458","N","3152411000001103"
"2026-07","SOUTH WEST","Y58","NHS DEVON INTEGRATED CARE BOARD","QJK","NHS DEVON ICB - 15N","15N00","CHAGFORD HEALTH CENTRE","L83082","THE HEALTH CENTRE","CHAGFORD","NEWTON ABBOT","DEVON","TQ13 8BW","0103050P0","Omeprazole","0103050P0AAAFAF","Omeprazole 10mg gastro-resistant capsules","01: Gastro-Intestinal System","56.","5","280.","140.","8.2","6.61817","N","42356211000001101"
"2026-07","LONDON","Y56","NHS WEST AND NORTH LONDON INTEGRATED CARE BOARD","Z9B2Z","NHS WEST AND NORTH LONDON ICB - W2U3Z","W2U3Z","SOUTHCOTE CLINIC","E86640","SOUTHCOTE CLINIC","SOUTHCOTE RISE","RUISLIP","MIDDLESEX","HA4 7LW","0102000P0","Mebeverine hydrochloride","0102000P0AAABAB","Mebeverine 135mg tablets","01: Gastro-Intestinal System","180.","1","180.","60.","4.99","4.10207","N","42355011000001102"
"2026-07","NORTH WEST","Y62","NHS CHESHIRE AND MERSEYSIDE INTEGRATED CARE BOARD","QYG","NHS CHESHIRE AND MERSEYSIDE ICB - 01F","01F00","BROOKVALE PRACTICE","N81096","BROOKVALE PRACTICE","HALLWOOD HC, HOSPITAL WAY","RUNCORN","MERSEYSIDE","WA7 2UT","0408010H0","Lamotrigine","0408010H0BBAAAB","Lamictal 50mg tablets","04: Central Nervous System","28.","1","28.","7.","20.01","19.12579","N","2927711000001103"
"2026-07","EAST OF ENGLAND","Y61","NHS NORFOLK AND SUFFOLK INTEGRATED CARE BOARD","T6Y0W","NHS NORFOLK AND SUFFOLK ICB - 26A","26A00","ACLE MEDICAL PARTNERSHIP","D82104","ACLE MEDICAL PARTNERSHIP","BRIDEWELL LANE, ACLE","NORWICH","NORFOLK","NR13 3RA","0406000P0","Metoclopramide hydrochloride","0406000P0AAAEAE","Metoclopramide 10mg tablets","04: Central Nervous System","56.","2","112.","37.33333","2.96","2.63056","N","42037611000001102"
"2026-07","EAST OF ENGLAND","Y61","NHS NORFOLK AND SUFFOLK INTEGRATED CARE BOARD","T6Y0W","NHS NORFOLK AND SUFFOLK ICB - 26A","26A00","PROSPECT MEDICAL PRACTICE","D82087","PROSPECT MEDICAL PRACTICE","95 AYLSHAM ROAD","NORWICH","NORFOLK","NR3 2HW","0504010T0","Quinine bisulfate","0504010T0AAAEAE","Quinine bisulfate 300mg tablets","05: Infections","56.","1","56.","0.","6.32","5.06545","N","41988111000001106"
"2026-07","MIDLANDS","Y60","NHS LINCOLNSHIRE INTEGRATED CARE BOARD","QJM","NHS LINCOLNSHIRE ICB - 71E","71E00","THE HEATH SURGERY","C83046","THE HEATH SURG, LONDON RD","BRACEBRIDGE HEATH","LINCOLN","LINCOLNSHIRE","LN4 2LA","0502050C0","Terbinafine hydrochloride","0502050C0AAAAAA","Terbinafine 250mg tablets","05: Infections","42.","5","210.","210.","18.6","14.93331","N","41795011000001105"
"2026-07","LONDON","Y56","NHS NORTH EAST LONDON INTEGRATED CARE BOARD","QMF","NHS NORTH EAST LONDON ICB - A3A8R","A3A8R","SUTTONS WHARF HEALTH CENTRE","F84123","SUTTONS WHARF HEALTH CTR","26 PALMERS ROAD","","LONDON","E2 0FA","020400080","Carvedilol","020400080AAAPAP","Carvedilol 5mg/5ml oral suspension","02: Cardiovascular System","400.","1","400.","32.","66.1","62.82024","N","8333611000001103"
"2026-07","SOUTH EAST","Y59","NHS HAMPSHIRE AND ISLE OF WIGHT INTEGRATED CARE BOARD","QRL","NHS HAMPSHIRE AND ISLE OF WIGHT ICB - D9Y0V","D9Y0V","TESTVALE SURGERY","J82132","TESTVALE SURGERY","12 SALISBURY ROAD","TOTTON, SOUTHAMPTON","HAMPSHIRE","SO40 3PY","2127","Lymphoedema Garments","21270000614","Jobst Elvarex Soft Slipform for lymphoedema garment","21: Appliances","6.","1","6.","0.","43.62","43.62","N","16610011000001106"
"2026-07","LONDON","Y56","NHS WEST AND NORTH LONDON INTEGRATED CARE BOARD","Z9B2Z","NHS WEST AND NORTH LONDON ICB - 93C","93C00","PARTNERSHIP PRIMARY CARE CENTRE","F83681","PARTNERSHIP PCC","331 CAMDEN ROAD","","LONDON","N7 0SL","1302010U0","Urea","1302010U0AAAKAK","Urea 5% cream","13: Skin","50.","1","50.","0.","15.75","14.97796","N","4246211000001100"
"2026-07","SOUTH EAST","Y59","NHS THAMES VALLEY INTEGRATED CARE BOARD","S0E4D","NHS THAMES VALLEY ICB - 10Q","10Q00","TEMPLE COWLEY HEALTH CENTRE","K84007","TEMPLE COWLEY HEALTH CTR","TEMPLE ROAD, COWLEY","OXFORD","","OX4 2HL","0205052I0","Irbesartan","0205052I0AAACAC","Irbesartan 300mg tablets","02: Cardiovascular System","7.","8","56.","112.","3.36","3.58563","N","42375511000001107"
"2026-07","NORTH WEST","Y62","NHS CHESHIRE AND MERSEYSIDE INTEGRATED CARE BOARD","QYG","NHS CHESHIRE AND MERSEYSIDE ICB - 02E","02E00","STRETTON MEDICAL CENTRE","N81623","STRETTON MEDICAL CENTRE","5 HATTON LANE, STRETTON","WARRINGTON","CHESHIRE","WA4 4NE","0501030T0","Oxytetracycline","0501030T0AAAJAJ","Oxytetracycline 250mg tablets","05: Infections","168.","1","168.","42.","289.8","289.8124","N","41953611000001100"
"2026-07","MIDLANDS","Y60","NHS STAFFORDSHIRE AND STOKE-ON-TRENT INTEGRATED CARE BOARD","QNC","NHS STAFFORDSHIRE AND STOKE-ON-TRENT ICB - 05W","05W00","TUNSTALL PRIMARY CARE CENTRE","M83650","TUNSTALL PCC,ALEXANDRA PK","SCOTIA ROAD, TUNSTALL","STOKE ON TRENT","STAFFORDSHIRE","ST6 6BE","0403040X0","Mirtazapine","0403040X0AAAAAA","Mirtazapine 30mg tablets","04: Central Nervous System","14.","8","112.","112.","4.64","5.5392","N","42274711000001109"
"2026-07","MIDLANDS","Y60","NHS HEREFORDSHIRE AND WORCESTERSHIRE INTEGRATED CARE BOARD","QGH","NHS HEREFORDSHIRE AND WORCESTERSHIRE ICB - 18C","18C00","NUNWELL SURGERY","M81048","NUNWELL SURGERY","10 PUMP STREET","BROMYARD","HEREFORDSHIRE","HR7 4BZ","0406000F0","Cyclizine hydrochloride","0406000F0AAACAC","Cyclizine 50mg tablets","04: Central Nervous System","20.","2","40.","20.","1.32","1.28018","N","42034511000001109"
"2026-07","LONDON","Y56","NHS SOUTH WEST LONDON INTEGRATED CARE BOARD","QWE","NHS SOUTH WEST LONDON ICB - 36L","36L00","ACORN GROUP PRACTICE","H84007","THE ACORN GROUP PRACTICE","29-35 HOLLY ROAD","TWICKENHAM","MIDDLESEX","TW1 4EA","0604011G0","Estradiol","0604011G0BUAEBL","Estradot 50micrograms/24hours patches","06: Endocrine System","48.","1","48.","0.","59.82","56.85302","N","9045311000001107"
"2026-07","SOUTH EAST","Y59","NHS THAMES VALLEY INTEGRATED CARE BOARD","S0E4D","NHS THAMES VALLEY ICB - 10Q","10Q00","CROPREDY SURGERY","K84056","THE CROPREDY SURGERY","CLAYDON ROAD","CROPREDY, BANBURY","OXFORDSHIRE","OX17 1FB","1106000AI","Timolol and bimatoprost","1106000AIBBAAAA","Ganfort 0.3mg/ml / 5mg/ml eye drops","11: Eye","3.","4","12.","0.","56.64","51.21928","N","10458211000001104"
"2026-07","NORTH WEST","Y62","NHS CHESHIRE AND MERSEYSIDE INTEGRATED CARE BOARD","QYG","NHS CHESHIRE AND MERSEYSIDE ICB - 99A","99A00","FAIRFIELD MEDICAL CENTRE","N82113","FAIRFIELD MEDICAL CENTRE","2A PENVALLEY CRESCENT","LIVERPOOL","","L6 3BY","0103050P0","Omeprazole","0103050P0AAAAAA","Omeprazole 20mg gastro-resistant capsules","01: Gastro-Intestinal System","14.","5","70.","70.","2.15","2.281","N","42356411000001102"
"2026-07","NORTH WEST","Y62","NHS GREATER MANCHESTER INTEGRATED CARE BOARD","QOP","NHS GREATER MANCHESTER ICB - 14L","14L00","ASHCROFT SURGERY","P84053","ASHCROFT SURGERY","803 STOCKPORT ROAD","LEVENSHULME","MANCHESTER","M19 3BS","1304000G0","Clobetasol propionate","1304000G0BEAACD","Etrivex 500micrograms/g shampoo","13: Skin","250.","2","500.","0.","36.6","34.80191","N","11771511000001105"
"2026-07","NORTH WEST","Y62","NHS LANCASHIRE AND SOUTH CUMBRIA INTEGRATED CARE BOARD","QE1","NHS LANCASHIRE AND SOUTH CUMBRIA ICB - 00Q","00Q00","PRIMROSE BANK MEDICAL CENTRE","P81771","PRIMROSE BANK","LARKHILL","BLACKBURN","LANCASHIRE","BB1 5ER","0408010A0","Levetiracetam","0408010A0AAABAB","Levetiracetam 500mg tablets","04: Central Nervous System","112.","1","112.","37.33333","5.49","4.50184","N","42131311000001108"
"2026-07","SOUTH WEST","Y58","NHS DORSET INTEGRATED CARE BOARD","QVV","NHS DORSET ICB - 11J","11J00","CROSS ROAD SURGERY","J81075","CROSS ROAD SURGERY","CROSS ROAD, RODWELL","WEYMOUTH","DORSET","DT4 9QX","2121","Dry Mouth Products","21210000024","Saliveze mouth spray","21: Appliances","50.","1","50.","0.","3.7","3.34726","N","305611000001100"
"2026-07","LONDON","Y56","NHS WEST AND NORTH LONDON INTEGRATED CARE BOARD","Z9B2Z","NHS WEST AND NORTH LONDON ICB - 93C","93C00","TORRINGTON PARK GROUP PRACTICE","E83021","TORRINGTON PARK HLTH CTR","16 TORRINGTON PARK","NORTH FINCHLEY","LONDON","N12 9SS","0504010Y0","Quinine sulfate","0504010Y0AAAFAF","Quinine sulfate 200mg tablets","05: Infections","28.","2","56.","0.","4.36","3.51076","N","41988211000001100"
"2026-07","NORTH WEST","Y62","NHS GREATER MANCHESTER INTEGRATED CARE BOARD","QOP","NHS GREATER MANCHESTER ICB - 14L","14L00","BODEY MEDICAL CENTRE","P84035","BODEY MEDICAL CENTRE","28 LADYBARN LANE","FALLOWFIELD","MANCHESTER","M14 6WP","0212000X0","Pravastatin sodium","0212000X0AAADAD","Pravastatin 40mg tablets","02: Cardiovascular System","28.","9","252.","336.","11.25","9.10635","N","42380011000001102"
"2026-07","MIDLANDS","Y60","NHS BLACK COUNTRY INTEGRATED CARE BOARD","QUA","NHS BLACK COUNTRY ICB - D2P2L","D2P2L","HEALTH AND BEYOND","M92612","175 STEELHOUSE LANE","","WOLVERHAMPTON","WEST MIDLANDS","WV2 2AU","0901020D0","Cyanocobalamin","0901020D0AAAJAJ","Cyanocobalamin 100microgram tablets","09: Nutrition and Blood","84.","4","336.","0.","22.91","21.91855","N","34199011000001109"
"2026-07","SOUTH EAST","Y59","NHS KENT AND MEDWAY INTEGRATED CARE BOARD","QKS","NHS KENT AND MEDWAY ICB - 91Q","91Q00","THE GLEBE FAMILY PRACTICE","G82129","VICARAGE ROAD","","GILLINGHAM","KENT","ME7 5UA","0601021M0","Gliclazide","0601021M0AAARAR","Gliclazide 40mg tablets","06: Endocrine System","56.","4","224.","56.","6.64","6.6896","N","16702011000001102"
"2026-07","NORTH WEST","Y62","NHS GREATER MANCHESTER INTEGRATED CARE BOARD","QOP","NHS GREATER MANCHESTER ICB - 14L","14L00","BRUNSWICK MEDICAL PRACTICE","P84611","THE VALLANCE CENTRE","BRUNSWICK STREET","MANCHESTER","","M13 9UJ","0401020K0","Diazepam","0401020K0AAAJAJ","Diazepam 10mg tablets","04: Central Nervous System","56.","1","56.","56.","1.58","1.27566","N","42127711000001101"
"2026-07","MIDLANDS","Y60","NHS BLACK COUNTRY INTEGRATED CARE BOARD","QUA","NHS BLACK COUNTRY ICB - D2P2L","D2P2L","ST MARY'S SURGERY","M91612","ST MARY'S SURGERY","FIELD ROAD,BLOXWICH","WALSALL","WEST MIDLANDS","WS3 3JP","0401020K0","Diazepam","0401020K0AAAHAH","Diazepam 2mg tablets","04: Central Nervous System","14.","9","126.","25.2","3.15","3.53013","N","42128111000001101"
"2026-07","LONDON","Y56","NHS WEST AND NORTH LONDON INTEGRATED CARE BOARD","Z9B2Z","NHS WEST AND NORTH LONDON ICB - W2U3Z","W2U3Z","EALING PARK HEALTH CENTRE","E85657","EALING PARK HEALTH CENTRE","195A SOUTH EALING ROAD","EALING","LONDON","W5 4RH","0408010G0","Gabapentin","0408010G0AABGBG","Gabapentin 50mg/ml oral solution sugar free","04: Central Nervous System","900.","1","900.","37.5","106.8","106.8124","N","21660111000001105"
"2026-07","NORTH WEST","Y62","NHS CHESHIRE AND MERSEYSIDE INTEGRATED CARE BOARD","QYG","NHS CHESHIRE AND MERSEYSIDE ICB - 12F","12F00","HOYLAKE RD MET CTR","N85046","314 HOYLAKE ROAD","","MORETON","WIRRAL","CH46 6DE","040201060","Olanzapine","040201060AAADAD","Olanzapine 2.5mg tablets","04: Central Nervous System","28.","2","56.","14.","2.18","1.76778","N","42275711000001108"
"2026-07","LONDON","Y56","NHS WEST AND NORTH LONDON INTEGRATED CARE BOARD","Z9B2Z","NHS WEST AND NORTH LONDON ICB - W2U3Z","W2U3Z","STREATFIELD HEALTH CENTRE","E84018","1 STREATFIELD ROAD","KENTON","HARROW","MIDDLESEX","HA3 9BP","1302010U0","Urea","1302010U0AAAKAK","Urea 5% cream","13: Skin","300.","1","300.","0.","23.12","21.98089","N","4246211000001100"
"2026-07","MIDLANDS","Y60","NHS NOTTINGHAM AND NOTTINGHAMSHIRE INTEGRATED CARE BOARD","QT1","NHS NOTTINGHAM AND NOTTINGHAMSHIRE ICB - 52R","52R00","EASTWOOD PRIMARY CARE CENTRE","C84032","EASTWOOD PRIMARY CARE CTR","11B CHURCH ST, EASTWOOD","NOTTINGHAM","","NG16 3BS","0106040M0","Macrogol 3350","0106040M0BCADAB","Laxido Paediatric Plain oral powder 6.9g sachets","01: Gastro-Intestinal System","240.","1","240.","0.","35.04","33.30721","N","29719811000001107"
"2026-07","MIDLANDS","Y60","NHS HEREFORDSHIRE AND WORCESTERSHIRE INTEGRATED CARE BOARD","QGH","NHS HEREFORDSHIRE AND WORCESTERSHIRE ICB - 18C","18C00","ST STEPHEN'S MEDICAL PARTNERSHIP","M81001","ST STEPHENS SURGERY","ADELAIDE STREET","REDDITCH","WORCESTERSHIRE","B97 4AL","0403030E0","Fluoxetine hydrochloride","0403030E0AAAEAE","Fluoxetine 60mg capsules","04: Central Nervous System","30.","2","60.","180.","2.62","2.11958","N","42272011000001101"
"2026-07","SOUTH WEST","Y58","NHS BATH AND NORTH EAST SOMERSET, SWINDON AND WILTSHIRE INTEGRATED CARE BOARD","QOX","NHS BATH AND NORTH EAST SOMERSET, SWINDON AND WILTSHIRE ICB - 92G","92G00","THE TOLSEY SURGERY","J83618","THE TOLSEY SURGERY","HIGH STREET","SHERSTON,MALMESBURY","WILTSHIRE","SN16 0LQ","0105010E0","Sulfasalazine","0105010E0AAABAB","Sulfasalazine 500mg gastro-resistant tablets","01: Gastro-Intestinal System","224.","1","224.","56.","18.68","14.94768","N","42298111000001107"
"2026-07","EAST OF ENGLAND","Y61","NHS CENTRAL EAST INTEGRATED CARE BOARD","S1Y5D","NHS CENTRAL EAST ICB - 06H","06H00","CLARKSON SURGERY","D81011","CLARKSON SURGERY","DE HAVILLAND ROAD","WISBECH","CAMBRIDGESHIRE","PE13 3AN","0407042F0","Clonidine hydrochloride","0407042F0AAAAAA","Clonidine 25microgram tablets","04: Central Nervous System","112.","8","896.","224.","37.36","30.37378","N","42100811000001104"
"2026-07","LONDON","Y56","NHS SOUTH WEST LONDON INTEGRATED CARE BOARD","QWE","NHS SOUTH WEST LONDON ICB - 36L","36L00","LAMBTON ROAD MEDICAL PRACTICE","H85051","LAMBTON ROAD MEDICAL PRAC","1 LAMBTON RD, RAYNES PARK","WIMBLEDON","LONDON","SW20 0LW","0906060L0","Menadiol sodium phosphate","0906060L0AAACAC","Menadiol 10mg tablets","09: Nutrition and Blood","84.","1","84.","0.","229.67","229.7824","N","39700211000001100"
"2026-07","NORTH EAST AND YORKSHIRE","Y63","NHS HUMBER AND NORTH YORKSHIRE INTEGRATED CARE BOARD","QOQ","NHS HUMBER AND NORTH YORKSHIRE ICB - 03H","03H00","STIRLING MEDICAL CENTRE (MATHEWS)","B81606","STIRLING MEDICAL CENTRE","STIRLING STREET","GRIMSBY","","DN31 3AE","1203040E0","Chlorhexidine gluconate","1203040E0AAABAB","Chlorhexidine gluconate 0.2% mouthwash","12: Ear, Nose and Oropharynx","300.","1","300.","0.","3.11","2.49895","N","39112311000001102"
"2026-07","NORTH WEST","Y62","NHS CHESHIRE AND MERSEYSIDE INTEGRATED CARE BOARD","QYG","NHS CHESHIRE AND MERSEYSIDE ICB - 27D","27D00","CUMBERLAND HOUSE SURGERY","N81062","CUMBERLAND HOUSE SURGERY","WATERS GREEN MEDICAL CTR","SUNDERLAND STREET","MACCLESFIELD, CHESHIRE","SK11 6JL","2360","Ileostomy Bags","23604106557","Confidence BE soft convex ileostomy bag with filter and overlap, standard 13mm-38mm stone","23: Stoma Appliances","60.","1","60.","0.","300.24","300.24","N","37319611000001104"
"2026-07","MIDLANDS","Y60","NHS LINCOLNSHIRE INTEGRATED CARE BOARD","QJM","NHS LINCOLNSHIRE ICB - 71E","71E00","MOULTON MEDICAL CENTRE","C83039","MOULTON MEDICAL CENTRE","HIGH STREET, MOULTON","SPALDING","LINCOLNSHIRE","PE12 6QB","0205052C0","Candesartan cilexetil","0205052C0AAADAD","Candesartan 16mg tablets","02: Cardiovascular System","4.","1","4.","8.","0.17","0.15108","N","42371711000001104"
"2026-07","NORTH EAST AND YORKSHIRE","Y63","NHS NORTH EAST AND NORTH CUMBRIA INTEGRATED CARE BOARD","QHM","NHS NORTH EAST AND NORTH CUMBRIA ICB - 84H","84H00","BEWICK CRESCENT SURGERY","A83037","BEWICK CRESCENT SURGERY","27 BEWICK CRESCENT","NEWTON AYCLIFFE","COUNTY DURHAM","DL5 5LH","2101","Other Appliances","21010230116","AeroChamber Plus with mask","21: Appliances","2.","1","2.","0.","17.44","15.73129","N","9518711000001106"
"2026-07","MIDLANDS","Y60","NHS NORTHAMPTONSHIRE INTEGRATED CARE BOARD","QPM","NHS NORTHAMPTONSHIRE ICB - 78H","78H00","BRACKLEY MEDICAL CENTRE","K83049","BRACKLEY MEDICAL CENTRE","AND COMMUNITY HOSPITAL","WELLINGTON ROAD","NORTHAMPTONSHIRE","NN13 6QZ","0212000AA","Rosuvastatin calcium","0212000AAAAAAAA","Rosuvastatin 10mg tablets","02: Cardiovascular System","28.","69","1932.","1932.","114.54","95.41782","N","42297211000001100"
"2026-07","NORTH WEST","Y62","NHS GREATER MANCHESTER INTEGRATED CARE BOARD","QOP","NHS GREATER MANCHESTER ICB - 02H","02H00","THE SURGERY, TYLDESLEY","P92033","THE SURGERY","HIGH STREET, TYLDESLEY","NR. MANCHESTER","","M29 8AL","0401020T0","Oxazepam","0401020T0AAABAB","Oxazepam 10mg tablets","04: Central Nervous System","14.","1","14.","4.66667","3.87","3.20659","N","42132611000001109"
"2026-07","NORTH WEST","Y62","NHS GREATER MANCHESTER INTEGRATED CARE BOARD","QOP","NHS GREATER MANCHESTER ICB - 14L","14L00","TREGENNA GROUP PRACTICE","P84048","TREGENNA, 399 PORTWAY","WOODHOUSE PK,WYTHENSHAWE","MANCHESTER","","M22 0EP","040702040","Tramadol hydrochloride","040702040BNAFAC","Marol 100mg modified-release tablets (Teva)","04: Central Nervous System","14.","1","14.","7.","1.62","1.7324","N","19624811000001105"
"2026-07","SOUTH EAST","Y59","NHS SURREY AND SUSSEX INTEGRATED CARE BOARD","S9B9J","NHS SURREY AND SUSSEX ICB - 92A","92A00","THE WALL HOUSE SURGERY","H81089","THE WALL HOUSE SURGERY","YORKE ROAD","REIGATE","SURREY","RH2 9HG","1106000AJ","Brinzolamide and timolol","1106000AJAAAAAA","Brinzolamide 10mg/ml / Timolol 5mg/ml eye drops","11: Eye","10.","1","10.","0.","8.4","6.72848","N","15473511000001102"
"2026-07","MIDLANDS","Y60","NHS BIRMINGHAM AND SOLIHULL INTEGRATED CARE BOARD","QHL","NHS BIRMINGHAM AND SOLIHULL ICB - 15E","15E00","QUESLETT MEDICAL CENTRE","M91642","522 QUESLETT ROAD","GREAT BARR","BIRMINGHAM","WEST MIDLANDS","B43 7DY","0106020I0","Docusate sodium","0106020I0AAAIAI","Docusate 50mg/5ml oral solution sugar free","01: Gastro-Intestinal System","300.","1","300.","15.","17.69","14.15614","N","42353411000001107"
"2026-07","EAST OF ENGLAND","Y61","NHS CENTRAL EAST INTEGRATED CARE BOARD","S1Y5D","NHS CENTRAL EAST ICB - 06N","06N00","KINGS LANGLEY SURGERY","E82129","KINGS LANGLEY SURGERY","THE NAP","KINGS LANGLEY","HERTFORDSHIRE","WD4 8ET","0402010AD","Aripiprazole","0402010ADAAADAD","Aripiprazole 5mg tablets","04: Central Nervous System","56.","1","56.","0.","2.08","1.67543","N","42268511000001100"
"2026-07","SOUTH EAST","Y59","NHS SURREY AND SUSSEX INTEGRATED CARE BOARD","S9B9J","NHS SURREY AND SUSSEX ICB - 97R","97R00","VICTORIA MEDICAL CENTRE","G81032","153A VICTORIA DRIVE","","EASTBOURNE","EAST SUSSEX","BN20 8NH","0408010AE","Pregabalin","0408010AEAAACAC","Pregabalin 75mg capsules","04: Central Nervous System","28.","9","252.","63.","6.12","7.1316","N","42135711000001109"
"2026-07","NORTH WEST","Y62","NHS GREATER MANCHESTER INTEGRATED CARE BOARD","QOP","NHS GREATER MANCHESTER ICB - 01G","01G00","THE MOSSLANDS MEDICAL PRACTICE","P87610","THE MOSSLANDS MED PRAC","IRLAM MEDICAL CENTRE","MACDONALD ROAD, IRLAM","MANCHESTER","M44 5LH","0401020K0","Diazepam","0401020K0AAAIAI","Diazepam 5mg tablets","04: Central Nervous System","8.","1","8.","4.","0.2","0.27231","N","42128311000001104"
"2026-07","EAST OF ENGLAND","Y61","NHS NORFOLK AND SUFFOLK INTEGRATED CARE BOARD","T6Y0W","NHS NORFOLK AND SUFFOLK ICB - 06L","06L00","ORCHARD MEDICAL PRACTICE","D83074","ORCHARD MEDICAL PRACTICE","ORCHARD STREET","IPSWICH","SUFFOLK","IP4 2PZ","0913011M0","Ready to serve 1.5 kcal/ml juice style (0913011)","0913011M0BEABAA","Fortijuce liquid (7 flavours)","09: Nutrition and Blood","5600.","1","5600.","0.","50.4","50.4124","N","10613111000001107"
"2026-07","SOUTH EAST","Y59","NHS THAMES VALLEY INTEGRATED CARE BOARD","S0E4D","NHS THAMES VALLEY ICB - 14Y","14Y00","KINGSWOOD SURGERY","K82022","KINGSWOOD SURGERY","HOLLIS ROAD, TOTTERIDGE","HIGH WYCOMBE","BUCKINGHAMSHIRE","HP13 7UN","1001040C0","Allopurinol","1001040C0AAAAAA","Allopurinol 100mg tablets","10: Musculoskeletal and Joint Diseases","28.","15","420.","0.","9.75","7.98145","N","42099411000001101"
"2026-07","NORTH WEST","Y62","NHS LANCASHIRE AND SOUTH CUMBRIA INTEGRATED CARE BOARD","QE1","NHS LANCASHIRE AND SOUTH CUMBRIA ICB - 01A","01A00","ILEX VIEW MEDICAL PRACTICE","P81118","ROSSENDALE PRIM HLTH C C","161 BACUP RD, RAWTENSTALL","ROSSENDALE","LANCASHIRE","BB4 7PL","0304010E0","Fexofenadine hydrochloride","0304010E0AAABAB","Fexofenadine 180mg tablets","03: Respiratory System","14.","1","14.","21.","1.47","1.28771","N","42189211000001108"
"2026-07","SOUTH WEST","Y58","NHS BATH AND NORTH EAST SOMERSET, SWINDON AND WILTSHIRE INTEGRATED CARE BOARD","QOX","NHS BATH AND NORTH EAST SOMERSET, SWINDON AND WILTSHIRE ICB - 92G","92G00","HOPE HOUSE SURGERY","L81010","HOPE HOUSE CENTRE","10 WATERLOO RD, RADSTOCK","BATH","","BA3 3EP","0301020I0","Ipratropium bromide","0301020I0BBACAC","Atrovent 500micrograms/2ml nebuliser liquid UDVs","03: Respiratory System","20.","1","20.","8.","4.87","4.63985","N","3222411000001102"
"2026-07","EAST OF ENGLAND","Y61","NHS ESSEX INTEGRATED CARE BOARD","D7T5G","NHS ESSEX ICB - 07H","07H00","CROCUS MEDICAL PRACTICE","F81015","CROCUS MEDICAL PRACTICE","SAFFRON WALDEN COMM HOSP","SAFFRON WALDEN","ESSEX","CB11 3HY","2280","Tubing And Accessories","22806158009","Ugo fix leg bag strap","22: Incontinence Appliances","20.","1","20.","0.","14.6","14.6","N","31032311000001105"
"2026-07","LONDON","Y56","NHS SOUTH EAST LONDON INTEGRATED CARE BOARD","QKK","NHS SOUTH EAST LONDON ICB - 72Q","72Q00","TRIANGLE GROUP PRACTICE LIMITED","G85120","TRIANGLE GROUP PRACTICE","2 MORLEY ROAD","EAST LEWISHAM","LONDON","SE13 6DQ","1106000AF","Bimatoprost","1106000AFAAAAAA","Bimatoprost 300micrograms/ml eye drops","11: Eye","9.","1","9.","0.","23.31","18.64951","N","42185811000001106"
"2026-07","NORTH WEST","Y62","NHS GREATER MANCHESTER INTEGRATED CARE BOARD","QOP","NHS GREATER MANCHESTER ICB - 01W","01W00","ARCHWOOD MEDICAL PRACTICE","P88625","WOODLEY HEALTH CENTRE","HYDE ROAD, WOODLEY","STOCKPORT","CHESHIRE","SK6 1ND","0301011R0","Salbutamol","0301011R0BEAHAQ","Ventolin 200micrograms/dose Accuhaler","03: Respiratory System","1.","11","11.","1100.","39.6","37.76409","N","3382711000001107"
"2026-07","NORTH WEST","Y62","NHS LANCASHIRE AND SOUTH CUMBRIA INTEGRATED CARE BOARD","QE1","NHS LANCASHIRE AND SOUTH CUMBRIA ICB - 02M","02M00","KIRKHAM HEALTH CENTRE","P81128","KIRKHAM HEALTH CENTRE","MOOR STREET, KIRKHAM","PRESTON","LANCASHIRE","PR4 2DL","0604020B0","Dutasteride","0604020B0AAAAAA","Dutasteride 500microgram capsules","06: Endocrine System","30.","1","30.","0.","2.46","1.97925","N","4367811000001102"
"2026-07","LONDON","Y56","NHS WEST AND NORTH LONDON INTEGRATED CARE BOARD","Z9B2Z","NHS WEST AND NORTH LONDON ICB - W2U3Z","W2U3Z","WILLOW TREE SURGERY","E86610","THE WILLOW TREE SURGERY","2 JOLLYS LANE","HAYES","MIDDLESEX","UB4 9NS","2130","Eye Products","21300000913","Hylo Night eye ointment preservative free","21: Appliances","5.","2","10.","0.","5.5","4.98202","N","38423911000001100"
"2026-07","LONDON","Y56","NHS SOUTH EAST LONDON INTEGRATED CARE BOARD","QKK","NHS SOUTH EAST LONDON ICB - 72Q","72Q00","NEW CROSS CENTRE (HURLEY GROUP)","G85076","SUITE 3","WALDRON HEALTH CENTRE","AMERSHAM VALE","LONDON","SE14 6LD","0304010E0","Fexofenadine hydrochloride","0304010E0AAAAAA","Fexofenadine 120mg tablets","03: Respiratory System","30.","7","210.","210.","7.98","6.46707","N","42189111000001102"
"2026-07","NORTH WEST","Y62","NHS GREATER MANCHESTER INTEGRATED CARE BOARD","QOP","NHS GREATER MANCHESTER ICB - 02H","02H00","SOUTH WIGAN MEDICAL PRACTICE","P92647","CHANDLER HOUSE","WORSLEY MESNES HEALTH CTR","POOLSTOCK LN,WIGAN","LANCASHIRE","WN3 5HL","0106040M0","Macrogol 3350","0106040M0BCADAB","Laxido Paediatric Plain oral powder 6.9g sachets","01: Gastro-Intestinal System","90.","1","90.","0.","13.14","12.49795","N","29719811000001107"
"2026-07","SOUTH WEST","Y58","NHS DORSET INTEGRATED CARE BOARD","QVV","NHS DORSET ICB - 11J","11J00","SHORE MEDICAL","J81012","SHORE MEDICAL","MANSFIELD ROAD, PARKSTONE","POOLE","DORSET","BH14 0DJ","0601012V0","Insulin glargine","0601012V0BCAAAE","Toujeo 300units/ml inj 1.5ml pre-filled SoloStar pens","06: Endocrine System","6.","3","18.","0.","192.84","192.8772","N","29866811000001104"
"2026-07","LONDON","Y56","NHS WEST AND NORTH LONDON INTEGRATED CARE BOARD","Z9B2Z","NHS WEST AND NORTH LONDON ICB - 93C","93C00","KILLICK STREET HEALTH CENTRE","F83063","KILLICK STREET HEALTH CTR","75 KILLICK STREET","","LONDON","N1 9RH","0703010F0","Combined ethinylestradiol 30mcg","0703010F0AAAJAJ","Ethinylestradiol 30microgram / Drospirenone 3mg tablets","07: Obstetrics, Gynaecology and Urinary-Tract Disorders","63.","1","63.","0.","14.7","13.98026","N","41876911000001108"
"2026-07","MIDLANDS","Y60","NHS BLACK COUNTRY INTEGRATED CARE BOARD","QUA","NHS BLACK COUNTRY ICB - D2P2L","D2P2L","UMBRELLA MEDICAL","M91015","HATHERTON MEDICAL CENTRE","1 HATHERTON STREET","WALSALL","","WS1 1AF","1302011L0","Light liquid paraffin","1302011L0BKAFAI","Oilatum Junior bath additive","13: Skin","150.","1","150.","0.","3.89","3.70866","N","123611000001100"
"2026-07","EAST OF ENGLAND","Y61","NHS CENTRAL EAST INTEGRATED CARE BOARD","S1Y5D","NHS CENTRAL EAST ICB - M1J4Y","M1J4Y","WOODLAND AVENUE PRACTICE","E81018","WOODLAND AVENUE PRACTICE","30 WOODLAND AVENUE","LUTON","BEDFORDSHIRE","LU3 1RW","0409010N0","Co-careldopa (Carbidopa/levodopa)","0409010N0BBAGAD","Sinemet 12.5mg/50mg tablets","04: Central Nervous System","180.","1","180.","60.","12.56","11.94684","N","236411000001107"
"2026-07","MIDLANDS","Y60","NHS BIRMINGHAM AND SOLIHULL INTEGRATED CARE BOARD","QHL","NHS BIRMINGHAM AND SOLIHULL ICB - 15E","15E00","BURBURY MEDICAL CENTRE","M85701","311 BURBURY STREET","LOZELLS","BIRMINGHAM","","B19 1TT","1310030C0","Aciclovir","1310030C0AAAAAA","Aciclovir 5% cream","13: Skin","2.","1","2.","0.","2.6","2.09119","N","41485711000001103"
"2026-07","NORTH WEST","Y62","NHS CHESHIRE AND MERSEYSIDE INTEGRATED CARE BOARD","QYG","NHS CHESHIRE AND MERSEYSIDE ICB - 01X","01X00","CENTRAL SURGERY","N83027","CENTRAL SURGERY","LOWE HSE, 103 CRAB STREET","ST HELENS","MERSEYSIDE","WA10 2DJ","0304010E0","Fexofenadine hydrochloride","0304010E0BBABAB","Telfast 180mg tablets","03: Respiratory System","56.","1","56.","84.","14.15","13.55765","N","880711000001100"
"2026-07","MIDLANDS","Y60","NHS STAFFORDSHIRE AND STOKE-ON-TRENT INTEGRATED CARE BOARD","QNC","NHS STAFFORDSHIRE AND STOKE-ON-TRENT ICB - 05D","05D00","YOXALL","M83013","YOXALL HEALTH CENTRE","SAVEY LANE, YOXALL","BURTON ON TRENT","STAFFORDSHIRE","DE13 8PD","0901011F0","Ferrous fumarate","0901011F0AAALAL","Ferrous fumarate 322mg tablets","09: Nutrition and Blood","14.","1","14.","0.","0.5","0.5875","N","41985011000001102"
"2026-07","SOUTH EAST","Y59","NHS HAMPSHIRE AND ISLE OF WIGHT INTEGRATED CARE BOARD","QRL","NHS HAMPSHIRE AND ISLE OF WIGHT ICB - D9Y0V","D9Y0V","CENTRE PRACTICE","J82026","FAREHAM HEALTH CENTRE","CIVIC WAY, OSBORN ROAD","FAREHAM","HAMPSHIRE","PO16 7ER","0601023X0","Sitagliptin","0601023X0AAAAAA","Sitagliptin 100mg tablets","06: Endocrine System","56.","15","840.","840.","60.9","48.87756","N","42089711000001108"
"2026-07","SOUTH WEST","Y58","NHS DEVON INTEGRATED CARE BOARD","QJK","NHS DEVON ICB - 15N","15N00","BEACON MEDICAL GROUP","L83100","PLYMPTON HEALTH CENTRE","MUDGE WAY, PLYMPTON","PLYMOUTH","DEVON","PL7 1AD","2122","Emollients","21220000233","Cetraben cream","21: Appliances","150.","2","300.","0.","8.46","7.6499","N","2962611000001103"
"2026-07","NORTH WEST","Y62","NHS GREATER MANCHESTER INTEGRATED CARE BOARD","QOP","NHS GREATER MANCHESTER ICB - 01W","01W00","BRAMHALL & SHAW HEATH MEDICAL GROUP","P88016","BRAMHALL PARK MEDICAL CTR","235 BRAMHALL LANE SOUTH","BRAMHALL","STOCKPORT","SK7 3EP","130801000","Other sunscreening preparations","130801000BBKNA0","Uvistat sun cream SPF 50","13: Skin","125.","1","125.","0.","10.51","9.99894","N","11486711000001109"
"2026-07","SOUTH EAST","Y59","NHS SURREY AND SUSSEX INTEGRATED CARE BOARD","S9B9J","NHS SURREY AND SUSSEX ICB - 92A","92A00","MEDWYN SURGERY","H81072","MEDWYN SURGERY","MEDWYN CTR, REIGATE ROAD","DORKING","SURREY","RH4 1SD","0401020K0","Diazepam","0401020K0AAAIAI","Diazepam 5mg tablets","04: Central Nervous System","10.","4","40.","20.","1.","1.24913","N","42128311000001104"
"2026-07","EAST OF ENGLAND","Y61","NHS ESSEX INTEGRATED CARE BOARD","D7T5G","NHS ESSEX ICB - 06T","06T00","CLACTON COMMUNITY PRACTICES","F81681","32 CROSSWAYS JAYWICK","","CLACTON ON SEA","ESSEX","CO15 2NB","0702010F0","Estriol","0702010F0AAAAAA","Estriol 1mg/g vaginal cream with applicator","07: Obstetrics, Gynaecology and Urinary-Tract Disorders","45.","1","45.","0.","16.35","15.54808","N","41896911000001100"
"2026-07","LONDON","Y56","NHS SOUTH WEST LONDON INTEGRATED CARE BOARD","QWE","NHS SOUTH WEST LONDON ICB - 36L","36L00","PARKSIDE GROUP PRACTICE","H83015","PARKSIDE GROUP PRACTICE","27 WYCHE GROVE","SOUTH CROYDON","SURREY","CR2 6EX","0409010K0","Co-beneldopa (Benserazide/levodopa)","0409010K0AAAJAJ","Co-beneldopa 25mg/100mg capsules","04: Central Nervous System","100.","6","600.","200.","41.46","39.46945","N","42034311000001103"
"2026-07","MIDLANDS","Y60","NHS LINCOLNSHIRE INTEGRATED CARE BOARD","QJM","NHS LINCOLNSHIRE ICB - 71E","71E00","CLEVELAND SURGERY","C83018","CLEVELAND SURGERY","VANESSA DRIVE","GAINSBOROUGH","LINCOLNSHIRE","DN21 2UQ","0604020K0","Testosterone","0604020K0AABQBQ","Testosterone 16.2mg/g gel (20.25mg per actuation)","06: Endocrine System","88.","2","176.","0.","79.88","79.9048","N","35025711000001101"
"2026-07","SOUTH WEST","Y58","NHS SOMERSET INTEGRATED CARE BOARD","QSL","NHS SOMERSET ICB - 11X","11X00","OAKHILL SURGERY","L85611","OAKHILL SURG, PONDSMEAD","SHEPTON ROAD, OAKHILL","RADSTOCK","SOMERSET","BA3 5HT","0304010E0","Fexofenadine hydrochloride","0304010E0AAAAAA","Fexofenadine 120mg tablets","03: Respiratory System","60.","1","60.","60.","2.28","2.02624","N","42189111000001102"
"2026-07","EAST OF ENGLAND","Y61","NHS CENTRAL EAST INTEGRATED CARE BOARD","S1Y5D","NHS CENTRAL EAST ICB - M1J4Y","M1J4Y","PRIORY MEDICAL CENTRE","E81049","PRIORY MEDICAL PRACTICE","48 THE GLEBE","CLAPHAM","BEDFORDSHIRE","MK41 6GA","0301040X0","Tiotropium bromide/olodaterol","0301040X0BBAAAA","Spiolto Respimat 2.5microg/dose/2.5microg/dose soln","03: Respiratory System","1.","3","3.","0.","97.5","90.67029","N","29971311000001100"
"2026-07","SOUTH EAST","Y59","NHS SURREY AND SUSSEX INTEGRATED CARE BOARD","S9B9J","NHS SURREY AND SUSSEX ICB - 70F","70F00","PARK SURGERY","H82017","THE PARK SURGERY","ALBION WAY","HORSHAM","WEST SUSSEX","RH12 1BG","0202010P0","Indapamide","0202010P0AAAAAA","Indapamide 2.5mg tablets","02: Cardiovascular System","7.","4","28.","28.","5.08","5.5296","N","39696211000001108"
"2026-07","MIDLANDS","Y60","NHS NOTTINGHAM AND NOTTINGHAMSHIRE INTEGRATED CARE BOARD","QT1","NHS NOTTINGHAM AND NOTTINGHAMSHIRE ICB - 02Q","02Q00","CROWN HOUSE SURGERY","C84035","RETFORD PRIMARY CARE CTR","RETFORD HOSPITAL,NORTH RD","RETFORD","NOTTINGHAMSHIRE","DN22 7XF","0408010C0","Carbamazepine","0408010C0BBAEAG","Tegretol Prolonged Release 200mg tablets","04: Central Nervous System","252.","1","252.","63.","23.4","22.34695","N","261911000001101"
"2026-07","LONDON","Y56","NHS WEST AND NORTH LONDON INTEGRATED CARE BOARD","Z9B2Z","NHS WEST AND NORTH LONDON ICB - 93C","93C00","MULBERRY MEDICAL PRACTICE","E83046","3 SEFTON AVENUE","","MILL HILL","LONDON","NW7 3QB","2130","Eye Products","21300000933","Xailin Plus HA 0.2% eye drops preservative free","21: Appliances","10.","1","10.","0.","4.15","3.75285","N","40146311000001109"
"2026-07","MIDLANDS","Y60","NHS NORTHAMPTONSHIRE INTEGRATED CARE BOARD","QPM","NHS NORTHAMPTONSHIRE ICB - 78H","78H00","EARLS BARTON MEDICAL CENTRE","K83601","8 AGGATE WAY","EARLS BARTON","NORTHAMPTON","NORTHAMPTONSHIRE","NN6 0EU","0408010W0","Sodium valproate","0408010W0BBAKA1","Epilim Chrono 300 tablets","04: Central Nervous System","60.","3","180.","45.","31.44","29.91131","N","789911000001106"
"2026-07","MIDLANDS","Y60","NHS BLACK COUNTRY INTEGRATED CARE BOARD","QUA","NHS BLACK COUNTRY ICB - D2P2L","D2P2L","THE VILLAGE MEDICAL CENTRE","M88001","158A CRANKHALL LANE","","WEDNESBURY","WEST MIDLANDS","WS10 0EB","1001010P0","Naproxen","1001010P0AAADAD","Naproxen 250mg tablets","10: Musculoskeletal and Joint Diseases","56.","1","56.","18.66667","1.92","1.5475","N","42107511000001103"
"2026-07","SOUTH WEST","Y58","NHS BRISTOL, NORTH SOMERSET AND SOUTH GLOUCESTERSHIRE INTEGRATED CARE BOARD","QUY","NHS BRISTOL, NORTH SOMERSET AND SOUTH GLOUCESTERSHIRE ICB - 15C","15C00","AIR BALLOON SURGERY","L81038","AIR BALLOON SURGERY","KENN ROAD, ST.GEORGE","BRISTOL","AVON","BS5 7PD","0604020B0","Dutasteride","0604020B0AAAAAA","Dutasteride 500microgram capsules","06: Endocrine System","60.","1","60.","0.","4.92","3.9461","N","4367811000001102"
"2026-07","LONDON","Y56","NHS NORTH EAST LONDON INTEGRATED CARE BOARD","QMF","NHS NORTH EAST LONDON ICB - A3A8R","A3A8R","GOODMAN'S FIELD HEALTH CENTRE","F84039","11 STABLE WALK","","","LONDON","E1 8ZF","2009","Stockinette","20090000453","Elasticated tubular bandage BP 6.75cm size C","20: Dressings","1.","1","1.","0.","1.12","1.02187","N","3373911000001107"
"2026-07","SOUTH EAST","Y59","NHS KENT AND MEDWAY INTEGRATED CARE BOARD","QKS","NHS KENT AND MEDWAY ICB - 91Q","91Q00","THE WELLCOME PRACTICE","G82056","THE WELLCOME PRACTICE","DARTFORD WEST HEALTH CTR","DARTFORD","KENT","DA1 2HA","0106020M0","Senna","0106020M0AAAPAP","Senna 15mg tablets","01: Gastro-Intestinal System","120.","1","120.","120.","21.8","20.72663","N","42358211000001100"
"2026-07","NORTH WEST","Y62","NHS GREATER MANCHESTER INTEGRATED CARE BOARD","QOP","NHS GREATER MANCHESTER ICB - 02H","02H00","LILFORD & PENNINGTON PARK SURGERY","Y00050","THE BRIDGEWATER MED CTR","HENRY STREET","LEIGH","GREATER MANCHESTER","WN7 2PE","0205051I0","Enalapril maleate","0205051I0AAADAD","Enalapril 20mg tablets","02: Cardiovascular System","28.","3","84.","168.","2.76","2.24391","N","42374211000001108"
"2026-07","LONDON","Y56","NHS SOUTH EAST LONDON INTEGRATED CARE BOARD","QKK","NHS SOUTH EAST LONDON ICB - 72Q","72Q00","WOODLANDS SURGERY","G83057","WOODLANDS SURGERY","146 HALFWAY STREET","SIDCUP","KENT","DA15 8DF","0406000S0","Ondansetron hydrochloride","0406000S0AAAGAG","Ondansetron 4mg/5ml oral solution sugar free","04: Central Nervous System","50.","2","100.","5.","11.2","11.2248","N","36564311000001109"
"2026-07","NORTH EAST AND YORKSHIRE","Y63","NHS HUMBER AND NORTH YORKSHIRE INTEGRATED CARE BOARD","QOQ","NHS HUMBER AND NORTH YORKSHIRE ICB - 03F","03F00","THE QUAYS MEDICAL PRACTICE","B81017","WILBERFORCE HEALTH CENTRE","6-10 STORY STREET","HULL","","HU1 3SA","0403030P0","Paroxetine hydrochloride","0403030P0AAABAB","Paroxetine 30mg tablets","04: Central Nervous System","30.","1","30.","45.","1.41","1.13974","N","42276611000001109"
"2026-07","LONDON","Y56","NHS SOUTH WEST LONDON INTEGRATED CARE BOARD","QWE","NHS SOUTH WEST LONDON ICB - 36L","36L00","CHEAM FAMILY PRACTICE","H85105","THE KNOLL","PARKSIDE, CHEAM","SUTTON","SURREY","SM3 8BS","2112","Peak Flow Meters","21120000163","1 Easy peak flow meter standard range","21: Appliances","1.","4","4.","0.","17.","15.77893","N","39316211000001100"
"2026-07","SOUTH EAST","Y59","NHS SURREY AND SUSSEX INTEGRATED CARE BOARD","S9B9J","NHS SURREY AND SUSSEX ICB - 97R","97R00","SOUTH SAXON HOUSE SURGERY","G81089","4 WHATLINGTON WAY","","ST LEONARDS-ON-SEA","","TN38 9TE","0212000L0","Ezetimibe","0212000L0AAAAAA","Ezetimibe 10mg tablets","02: Cardiovascular System","7.","15","105.","105.","17.4","19.086","N","42209811000001105"
"2026-07","MIDLANDS","Y60","NHS NORTHAMPTONSHIRE INTEGRATED CARE BOARD","QPM","NHS NORTHAMPTONSHIRE ICB - 78H","78H00","THE COTTONS MEDICAL CENTRE","K83030","THE COTTONS","MEADOW LANE","RAUNDS","NORTHAMPTONSHIRE","NN9 6UA","0303020G0","Montelukast","0303020G0AAABAB","Montelukast 10mg tablets","03: Respiratory System","28.","89","2492.","2492.","80.1","65.14619","N","42296311000001105"
"2026-07","MIDLANDS","Y60","NHS SHROPSHIRE, TELFORD AND WREKIN INTEGRATED CARE BOARD","QOC","NHS SHROPSHIRE, TELFORD AND WREKIN ICB - M2L0M","M2L0M","KNOCKIN MEDICAL CENTRE","M82020","KNOCKIN MEDICAL CENTRE","KNOCKIN","OSWESTRY","SHROPSHIRE","SY10 8HL","0406000AA","Doxylamine succinate/pyridoxine hydrochloride","0406000AAAAABAB","Doxylamine 10mg / Pyridoxine 10mg gastro-resistant tablets","04: Central Nervous System","80.","1","80.","0.","114.","101.31221","N","35722711000001108"
"2026-07","SOUTH EAST","Y59","NHS HAMPSHIRE AND ISLE OF WIGHT INTEGRATED CARE BOARD","QRL","NHS HAMPSHIRE AND ISLE OF WIGHT ICB - D9Y0V","D9Y0V","BROOK HOUSE SURGERY","J82213","BROOK HOUSE SURGERY","98 OAKLEY RD, SHIRLEY","SOUTHAMPTON","HAMPSHIRE","SO16 4NZ","0407020B0","Buprenorphine","0407020B0BDABAF","Transtec 52.5micrograms/hour transdermal patches","04: Central Nervous System","8.","1","8.","24.24242","47.42","47.4324","N","3448811000001101"
"2026-07","EAST OF ENGLAND","Y61","NHS ESSEX INTEGRATED CARE BOARD","D7T5G","NHS ESSEX ICB - 06Q","06Q00","BURNHAM SURGERY","F81126","THE BURNHAM SURGERY","FOUNDRY LANE","BURNHAM-ON-CROUCH","ESSEX","CM0 8SJ","0408010F0","Clonazepam","0408010F0AADEDE","Clonazepam 1mg tablets","04: Central Nervous System","28.","1","28.","7.","11.75","11.27718","N","42127211000001108"
"2026-07","MIDLANDS","Y60","NHS LINCOLNSHIRE INTEGRATED CARE BOARD","QJM","NHS LINCOLNSHIRE ICB - 71E","71E00","THE WOODLAND MEDICAL PRACTICE","C83041","THE WOODLAND MEDICAL PRAC","JASMIN ROAD","BIRCHWOOD,LINCOLN","LINCOLNSHIRE","LN6 0QQ","0902021X0","Water for injection","0902021X0AAADAD","Water for injections 10ml ampoules","09: Nutrition and Blood","10.","9","90.","0.","36.99","29.68633","N","39719211000001105"
"2026-07","NORTH EAST AND YORKSHIRE","Y63","NHS NORTH EAST AND NORTH CUMBRIA INTEGRATED CARE BOARD","QHM","NHS NORTH EAST AND NORTH CUMBRIA ICB - 84H","84H00","CLAYPATH & UNIVERSITY MEDICAL GROUP","A83011","CLAYPATH & UNIV MED GROUP","26 GILESGATE","DURHAM","COUNTY DURHAM","DH1 1QW","0601022B0","Metformin hydrochloride","0601022B0AAABAB","Metformin 500mg tablets","06: Endocrine System","42.","1","42.","14.","0.95","0.87196","N","42084911000001109"
"2026-07","NORTH EAST AND YORKSHIRE","Y63","NHS WEST YORKSHIRE INTEGRATED CARE BOARD","QWO","NHS WEST YORKSHIRE ICB - X2C4Y","X2C4Y","LINDLEY GROUP PRACTICE LTD","B85027","THE LINDLEY GROUP PRACT","62 ACRE STREET, LINDLEY","HUDDERSFIELD","WEST YORKSHIRE","HD3 3DY","0408010H0","Lamotrigine","0408010H0AAAAAA","Lamotrigine 100mg tablets","04: Central Nervous System","112.","1","112.","56.","4.64","4.6524","N","42130611000001108"
"2026-07","SOUTH EAST","Y59","NHS KENT AND MEDWAY INTEGRATED CARE BOARD","QKS","NHS KENT AND MEDWAY ICB - 91Q","91Q00","SPRINGHEAD HEALTH","G82044","FLEET HEALTH CAMPUS","VALE ROAD, NORTHFLEET","GRAVESEND","KENT","DA11 8BZ","0603020T0","Prednisolone","0603020T0AAAAAA","Prednisolone 1mg tablets","06: Endocrine System","7.","7","49.","0.","1.19","1.73824","N","42086811000001106"
"2026-07","LONDON","Y56","NHS WEST AND NORTH LONDON INTEGRATED CARE BOARD","Z9B2Z","NHS WEST AND NORTH LONDON ICB - W2U3Z","W2U3Z","ELGIN CLINIC","E87038","40 ELGIN AVENUE","","","LONDON","W9 3QT","0601023AG","Dapagliflozin","0601023AGAAABAB","Dapagliflozin 10mg tablets","06: Endocrine System","28.","23","644.","0.","57.27","57.5552","N","39689811000001104"
"2026-07","NORTH WEST","Y62","NHS CHESHIRE AND MERSEYSIDE INTEGRATED CARE BOARD","QYG","NHS CHESHIRE AND MERSEYSIDE ICB - 99A","99A00","ABERCROMBY FAMILY PRACTICE","N82054","ABERCROMBY FAMILY PRACT","GROVE STREET","LIVERPOOL","MERSEYSIDE","L7 7HG","0402010AD","Aripiprazole","0402010ADAAACAC","Aripiprazole 30mg tablets","04: Central Nervous System","28.","1","28.","0.","1.53","1.23569","N","42268411000001104"
"2026-07","SOUTH EAST","Y59","NHS HAMPSHIRE AND ISLE OF WIGHT INTEGRATED CARE BOARD","QRL","NHS HAMPSHIRE AND ISLE OF WIGHT ICB - D9Y0V","D9Y0V","STOCKBRIDGE SURGERY","J82016","THE SURGERY","NEW STREET","STOCKBRIDGE","HAMPSHIRE","SO20 6HG","1304000Y0","Mometasone furoate","1304000Y0AABABA","Mometasone 0.1% ointment","13: Skin","30.","9","270.","0.","38.88","35.10888","N","41903611000001109"
"2026-07","NORTH EAST AND YORKSHIRE","Y63","NHS HUMBER AND NORTH YORKSHIRE INTEGRATED CARE BOARD","QOQ","NHS HUMBER AND NORTH YORKSHIRE ICB - 02Y","02Y00","HOLDERNESS HEALTH","B81025","ST.NICHOLAS SURGERY","QUEEN STREET","WITHERNSEA","","HU19 2PZ","0601023X0","Sitagliptin","0601023X0AAABAB","Sitagliptin 50mg tablets","06: Endocrine System","28.","8","224.","112.","12.4","10.26504","N","42089911000001105"
"2026-07","NORTH WEST","Y62","NHS GREATER MANCHESTER INTEGRATED CARE BOARD","QOP","NHS GREATER MANCHESTER ICB - 14L","14L00","LIME SQUARE MEDICAL CENTRE","P84059","LIME SQUARE","ASHTON OLD ROAD, OPENSHAW","MANCHESTER","","M11 1DA","0913011N0","Ready to serve 1.5 kcal/ml milkshake (0913011)","0913011N0BEAAAA","Ensure Plus milkshake style liquid (8 flavours)","09: Nutrition and Blood","5600.","2","11200.","0.","88.48","84.09799","N","433511000001102"
"2026-07","NORTH EAST AND YORKSHIRE","Y63","NHS WEST YORKSHIRE INTEGRATED CARE BOARD","QWO","NHS WEST YORKSHIRE ICB - 15F","15F00","MULBERRY STREET MEDICAL PRACTICE","B86018","PUDSEY HEALTH CENTRE","18 MULBERRY ST, PUDSEY","LEEDS","","LS28 7XP","0208020Y0","Rivaroxaban","0208020Y0AAABAB","Rivaroxaban 15mg tablets","02: Cardiovascular System","7.","17","119.","0.","4.42","6.3308","N","19842111000001101"
"2026-07","SOUTH EAST","Y59","NHS THAMES VALLEY INTEGRATED CARE BOARD","S0E4D","NHS THAMES VALLEY ICB - 14Y","14Y00","THE IVERS PRACTICE","K82006","IVER MEDICAL CENTRE","HIGH STREET","IVER","BUCKINGHAMSHIRE","SL0 9NU","0408010G0","Gabapentin","0408010G0AAAAAA","Gabapentin 100mg capsules","04: Central Nervous System","28.","8","224.","18.66667","2.64","3.5392","N","42129511000001104"
"2026-07","LONDON","Y56","NHS SOUTH EAST LONDON INTEGRATED CARE BOARD","QKK","NHS SOUTH EAST LONDON ICB - 72Q","72Q00","THE LEWISHAM CARE PARTNERSHIP","G85038","ST JOHNS MEDICAL CENTRE","56-60 LOAMPIT HILL","LEWISHAM","LONDON","SE13 7SX","2113","Catheter Maintenance Products","21130000110","Uro-Tainer sodium chloride 0.9% catheter maintenance solution","21: Appliances","500.","1","500.","0.","19.25","19.25","N","3494611000001100"
"2026-07","MIDLANDS","Y60","NHS DERBY AND DERBYSHIRE INTEGRATED CARE BOARD","QJ2","NHS DERBY AND DERBYSHIRE ICB - 15M","15M00","NEWHALL SURGERY","C81020","46-48 HIGH STREET","NEWHALL, SWADLINCOTE","BURTON ON TRENT","DERBYSHIRE","DE11 0HU","0406000B0","Betahistine hydrochloride","0406000B0AAAAAA","Betahistine 8mg tablets","04: Central Nervous System","336.","1","336.","84.","4.4","3.53035","N","39733711000001108"
"2026-07","MIDLANDS","Y60","NHS LEICESTER, LEICESTERSHIRE AND RUTLAND INTEGRATED CARE BOARD","QK1","NHS LEICESTER, LEICESTERSHIRE AND RUTLAND ICB - 04V","04V00","SILVERDALE MEDICAL CENTRE","C82627","6 SILVERDALE DRIVE","THURMASTON","LEICESTER","LEICESTERSHIRE","LE4 8NN","0704020AB","Solifenacin","0704020ABAAAAAA","Solifenacin 5mg tablets","07: Obstetrics, Gynaecology and Urinary-Tract Disorders","60.","5","300.","0.","11.2","9.01677","N","42042911000001105"
"2026-07","LONDON","Y56","NHS NORTH EAST LONDON INTEGRATED CARE BOARD","QMF","NHS NORTH EAST LONDON ICB - A3A8R","A3A8R","ST ALBANS SURGERY","F82017","URSWICK MEDICAL CENTRE","URSWICK ROAD","DAGENHAM","ESSEX","RM9 6EA","0408010AE","Pregabalin","0408010AEAAADAD","Pregabalin 100mg capsules","04: Central Nervous System","28.","4","112.","37.33333","2.44","2.8896","N","42135011000001107"
"2026-07","SOUTH EAST","Y59","NHS HAMPSHIRE AND ISLE OF WIGHT INTEGRATED CARE BOARD","QRL","NHS HAMPSHIRE AND ISLE OF WIGHT ICB - D9Y0V","D9Y0V","ALMA ROAD SURGERY","J82074","ALMA ROAD SURGERY","ALMA ROAD","ROMSEY","HAMPSHIRE","SO51 8ED","0404000U0","Lisdexamfetamine dimesylate","0404000U0AAACAC","Lisdexamfetamine 40mg capsules","04: Central Nervous System","28.","1","28.","0.","62.82","62.8324","N","42013511000001103"
"2026-07","SOUTH EAST","Y59","NHS HAMPSHIRE AND ISLE OF WIGHT INTEGRATED CARE BOARD","QRL","NHS HAMPSHIRE AND ISLE OF WIGHT ICB - D9Y0V","D9Y0V","SWAN MEDICAL GROUP","J82098","SWAN SURGERY","SWAN STREET","PETERSFIELD","HAMPSHIRE","GU32 3AB","040201060","Olanzapine","040201060AAATAT","Olanzapine 10mg orodispersible tablets sugar free","04: Central Nervous System","28.","1","28.","28.","5.34","4.28191","N","19609111000001109"
"2026-07","EAST OF ENGLAND","Y61","NHS ESSEX INTEGRATED CARE BOARD","D7T5G","NHS ESSEX ICB - 06T","06T00","THORPE SURGERY","F81213","THE SURGERY, HIGH STREET","THORPE-LE-SOKEN","CLACTON ON SEA","ESSEX","CO16 0EA","0906040G0","Colecalciferol","0906040G0AADFDF","Colecalciferol 3,200unit capsules","09: Nutrition and Blood","7.","4","28.","0.","12.44","11.05547","N","24495811000001101"
"2026-07","MIDLANDS","Y60","NHS NOTTINGHAM AND NOTTINGHAMSHIRE INTEGRATED CARE BOARD","QT1","NHS NOTTINGHAM AND NOTTINGHAMSHIRE ICB - 02Q","02Q00","NEWGATE MEDICAL GROUP","C84024","NEWGATE MEDICAL GROUP","HEALTH CENTRE, NEWGATE ST","WORKSOP","NOTTINGHAMSHIRE","S80 1HP","040201030","Risperidone","040201030AAAAAA","Risperidone 1mg tablets","04: Central Nervous System","60.","6","360.","72.","14.94","12.01942","N","42278711000001101"
"2026-07","SOUTH EAST","Y59","NHS SURREY AND SUSSEX INTEGRATED CARE BOARD","S9B9J","NHS SURREY AND SUSSEX ICB - 97R","97R00","HARBOUR MEDICAL PRACTICE","Y00080","HARBOUR MEDICAL PRACTICE","1 PACIFIC DRIVE","EASTBOURNE","EAST SUSSEX","BN23 6DW","2280","Tubing And Accessories","22801008006","Elasticated leg bag strap","22: Incontinence Appliances","10.","1","10.","0.","17.3","17.3","N","6474511000001103"
"2026-07","LONDON","Y56","NHS SOUTH EAST LONDON INTEGRATED CARE BOARD","QKK","NHS SOUTH EAST LONDON ICB - 72Q","72Q00","WOODLANDS SURGERY","G83057","WOODLANDS SURGERY","146 HALFWAY STREET","SIDCUP","KENT","DA15 8DF","1001022K0","Methylprednisolone acetate","1001022K0BBAGAG","Depo-Medrone with Lidocaine inj 1ml vials","10: Musculoskeletal and Joint Diseases","1.","2","2.","0.","7.88","7.36251","N","470611000001109"
"2026-07","NORTH EAST AND YORKSHIRE","Y63","NHS NORTH EAST AND NORTH CUMBRIA INTEGRATED CARE BOARD","QHM","NHS NORTH EAST AND NORTH CUMBRIA ICB - 16C","16C00","THE SALTSCAR SURGERY","A81054","THE SALTSCAR SURGERY","22 KIRKLEATHAM STREET","REDCAR","CLEVELAND","TS10 1UA","0403040F0","Flupentixol hydrochloride","0403040F0AAABAB","Flupentixol 1mg tablets","04: Central Nervous System","60.","2","120.","120.","9.72","9.26069","N","39692311000001104"
"2026-07","EAST OF ENGLAND","Y61","NHS CENTRAL EAST INTEGRATED CARE BOARD","S1Y5D","NHS CENTRAL EAST ICB - 06K","06K00","DOLPHIN HOUSE SURGERY","E82092","6-7 EAST STREET","","WARE","HERTFORDSHIRE","SG12 9HJ","2130","Eye Products","21300000931","VIZhyal 0.2% eye drops preservative free","21: Appliances","10.","2","20.","0.","8.2","7.41556","N","40040211000001108"
"2026-07","SOUTH EAST","Y59","NHS HAMPSHIRE AND ISLE OF WIGHT INTEGRATED CARE BOARD","QRL","NHS HAMPSHIRE AND ISLE OF WIGHT ICB - D9Y0V","D9Y0V","COASTAL MEDICAL PARTNERSHIP","J82007","MILTON MEDICAL CENTRE","AVENUE ROAD","NEW MILTON","HAMPSHIRE","BH25 5JP","0401020K0","Diazepam","0401020K0AAAJAJ","Diazepam 10mg tablets","04: Central Nervous System","56.","3","168.","168.","4.74","3.82699","N","42127711000001101"
"2026-07","MIDLANDS","Y60","NHS LEICESTER, LEICESTERSHIRE AND RUTLAND INTEGRATED CARE BOARD","QK1","NHS LEICESTER, LEICESTERSHIRE AND RUTLAND ICB - 03W","03W00","THE LIMES MEDICAL CENTRE","C82055","THE LIMES MEDICAL CENTRE","65 LEICESTER ROAD","NARBOROUGH","LEICESTERSHIRE","LE19 2DU","0212000X0","Pravastatin sodium","0212000X0AAABAB","Pravastatin 20mg tablets","02: Cardiovascular System","28.","9","252.","168.","9.36","7.59523","N","42379911000001103"
"2026-07","EAST OF ENGLAND","Y61","NHS CENTRAL EAST INTEGRATED CARE BOARD","S1Y5D","NHS CENTRAL EAST ICB - 06N","06N00","ROTHSCHILD HOUSE GROUP","E82001","ROTHSCHILD HOUSE SURGERY","CHAPEL STREET","TRING","HERTFORDSHIRE","HP23 6PU","2122","Emollients","21220000273","Hydromol 2.5% cream","21: Appliances","500.","1","500.","0.","12.88","12.88","N","366111000001103"
"2026-07","EAST OF ENGLAND","Y61","NHS ESSEX INTEGRATED CARE BOARD","D7T5G","NHS ESSEX ICB - 99E","99E00","MURREE MEDICAL GROUP","F81031","MURREE MEDICAL GROUP","201 RECORY ROAD","BASILDON","ESSEX","SS13 1AJ","0407010H0","Paracetamol","0407010H0AAAMAM","Paracetamol 500mg tablets","04: Central Nervous System","64.","3","192.","32.","3.84","3.10741","N","42109611000001109"
"2026-07","NORTH WEST","Y62","NHS CHESHIRE AND MERSEYSIDE INTEGRATED CARE BOARD","QYG","NHS CHESHIRE AND MERSEYSIDE ICB - 01J","01J00","HILLSIDE HOUSE SURGERY","N83621","THE BLUEBELL CENTRE","BLUEBELL LANE","HUYTON","MERSEYSIDE","L36 7XY","0601060D0","Glucose blood testing reagents","0601060D0CUAAA0","GlucoRx Q testing strips","06: Endocrine System","50.","2","100.","0.","10.9","9.84911","N","17165811000001109"
"2026-07","SOUTH EAST","Y59","NHS HAMPSHIRE AND ISLE OF WIGHT INTEGRATED CARE BOARD","QRL","NHS HAMPSHIRE AND ISLE OF WIGHT ICB - D9Y0V","D9Y0V","PRINCES GARDENS SURGERY","J82178","PRINCES GARDENS SURGERY","2A HIGH STREET","ALDERSHOT","HAMPSHIRE","GU11 1BJ","2205","Catheter Valves","22052080501","Libra sterile catheter valve","22: Incontinence Appliances","5.","1","5.","0.","14.36","14.36","N","14718111000001109"
"2026-07","MIDLANDS","Y60","NHS COVENTRY AND WARWICKSHIRE INTEGRATED CARE BOARD","QWU","NHS COVENTRY AND WARWICKSHIRE ICB - B2M3M","B2M3M","WINDMILL SURGERY","M86048","WINDMILL SURGERY","LONGFORD PCC, LONGFORD RD","COVENTRY","WEST MIDLANDS","CV6 6DR","0403010R0","Lofepramine hydrochloride","0403010R0AAAAAA","Lofepramine 70mg tablets","04: Central Nervous System","84.","1","84.","42.","41.24","41.3524","N","39699211000001104"
"2026-07","SOUTH EAST","Y59","NHS KENT AND MEDWAY INTEGRATED CARE BOARD","QKS","NHS KENT AND MEDWAY ICB - 91Q","91Q00","FAVERSHAM MEDICAL PRACTICE","G82027","THE FAVERSHAM HEALTH CTR","BANK STREET","FAVERSHAM","KENT","ME13 8QR","0906040B0","Alfacalcidol","0906040B0AAAAAA","Alfacalcidol 250nanogram capsules","09: Nutrition and Blood","120.","1","120.","0.","8.04","6.44065","N","41980311000001106"
"2026-07","MIDLANDS","Y60","NHS BLACK COUNTRY INTEGRATED CARE BOARD","QUA","NHS BLACK COUNTRY ICB - D2P2L","D2P2L","RUSHALL MEDICAL CENTRE","M91019","RUSHALL MEDICAL CENTRE","107 LICHFIELD RD,RUSHALL","WALSALL","WEST MIDLANDS","WS4 1HB","0106040M0","Macrogol 3350","0106040M0BGAAAA","CosmoCol Orange Lemon and Lime oral powder sachets","01: Gastro-Intestinal System","50.","4","200.","0.","44.","42.25815","N","23621311000001101"
"2026-07","NORTH WEST","Y62","NHS CHESHIRE AND MERSEYSIDE INTEGRATED CARE BOARD","QYG","NHS CHESHIRE AND MERSEYSIDE ICB - 99A","99A00","GILLMOSS MEDICAL CENTRE","N82087","GILLMOSS MEDICAL CENTRE","48 PETHERICK RD, GILLMOSS","LIVERPOOL","","L11 0AG","0703022M0","Medroxyprogesterone acetate","0703022M0BBABAB","Depo-Provera 150mg/1ml inj pre-filled syringes","07: Obstetrics, Gynaecology and Urinary-Tract Disorders","1.","1","1.","0.","6.01","5.72307","N","769811000001103"
"2026-07","NORTH EAST AND YORKSHIRE","Y63","NHS WEST YORKSHIRE INTEGRATED CARE BOARD","QWO","NHS WEST YORKSHIRE ICB - 03R","03R00","MIDDLESTOWN","B87001","MIDDLESTOWN MED CENTRE","NEW ROAD, MIDDLESTOWN","WAKEFIELD","WEST YORKSHIRE","WF4 4PA","0206010K0","Isosorbide mononitrate","0206010K0AAAEAE","Isosorbide mononitrate 60mg modified-release tablets","02: Cardiovascular System","56.","2","112.","0.","42.","38.62926","N","39024311000001107"
"2026-07","LONDON","Y56","NHS WEST AND NORTH LONDON INTEGRATED CARE BOARD","Z9B2Z","NHS WEST AND NORTH LONDON ICB - 93C","93C00","THE PRACTICE AT 188","E83027","188 GOLDERS GREEN ROAD","","GOLDERS GREEN","LONDON","NW11 9AY","0106020V0","Sennosides","0106020V0AAABAB","Sennosides 7.5mg/5ml oral solution sugar free","01: Gastro-Intestinal System","280.","4","1120.","112.","24.96","24.16645","N","9553511000001101"
"2026-07","NORTH EAST AND YORKSHIRE","Y63","NHS NORTH EAST AND NORTH CUMBRIA INTEGRATED CARE BOARD","QHM","NHS NORTH EAST AND NORTH CUMBRIA ICB - 00P","00P00","HOUGHTON MEDICAL GROUP,","A89023","HOUGHTON MEDICAL GROUP","THE HEALTH CTR,CHURCH ST","HOUGHTON-LE-SPRING","TYNE & WEAR","DH4 4DN","2003","Wound Management & Other Dressings","20031300066","Scar Fx sheet 25.5cm x 30.5cm rectangular","20: Dressings","3.","1","3.","0.","209.25","188.61203","N","16120111000001102"
"2026-07","MIDLANDS","Y60","NHS LEICESTER, LEICESTERSHIRE AND RUTLAND INTEGRATED CARE BOARD","QK1","NHS LEICESTER, LEICESTERSHIRE AND RUTLAND ICB - 04C","04C00","WESTEND MEDICAL PRACTICE","C82639","WESTCOTES HEALTH CENTRE","FOSSE ROAD SOUTH","LEICESTER","LEICESTERSHIRE","LE3 0LP","0408010H0","Lamotrigine","0408010H0BBABAA","Lamictal 100mg tablets","04: Central Nervous System","56.","1","56.","28.","69.04","69.0524","N","2928811000001105"
"2026-07","NORTH WEST","Y62","NHS GREATER MANCHESTER INTEGRATED CARE BOARD","QOP","NHS GREATER MANCHESTER ICB - 01Y","01Y00","ST.ANDREW'S HOUSE SURGERY","P89023","STALYBRIDGE RESOURCE CTR","THE OLD SCH,2 WATERLOO RD","STALYBRIDGE","","SK15 2AU","0205052N0","Losartan potassium","0205052N0AAADAD","Losartan 100mg tablets","02: Cardiovascular System","7.","31","217.","434.","6.51","8.68936","N","42376711000001105"
"2026-07","SOUTH EAST","Y59","NHS SURREY AND SUSSEX INTEGRATED CARE BOARD","S9B9J","NHS SURREY AND SUSSEX ICB - 92A","92A00","GUILDOWNS GROUP PRACTICE","H81010","GUILDOWNS GROUP PRACTICE","THE OAKS, APPLEGARTH AV","GUILDFORD","SURREY","GU2 8LZ","0704010U0","Tamsulosin hydrochloride","0704010U0AAAAAA","Tamsulosin 400microgram modified-release capsules","07: Obstetrics, Gynaecology and Urinary-Tract Disorders","90.","1","90.","0.","2.94","2.36303","N","38754011000001109"
"2026-07","EAST OF ENGLAND","Y61","NHS NORFOLK AND SUFFOLK INTEGRATED CARE BOARD","T6Y0W","NHS NORFOLK AND SUFFOLK ICB - 26A","26A00","TRINITY & BOWTHORPE MEDICAL PRACTICE","D82017","WENDENE","","NORWICH","","NR5 9HA","0106040N0","Phosphates (Rectal)","0106040N0BDAAAD","Cleen Ready-to-use 133ml enema","01: Gastro-Intestinal System","4.","1","4.","4.","17.96","17.07789","N","3787011000001108"
"2026-07","MIDLANDS","Y60","NHS BLACK COUNTRY INTEGRATED CARE BOARD","QUA","NHS BLACK COUNTRY ICB - D2P2L","D2P2L","HOLLAND PARK SURGERY","M91626","HOLLAND PARK SURGERY","PARK VIEW CENTRE","CHESTER ROAD NORTH","BROWNHILLS","WS8 7JB","0206020A0","Amlodipine","0206020A0AAAAAA","Amlodipine 5mg tablets","02: Cardiovascular System","56.","80","4480.","4480.","102.4","82.86418","N","39732011000001102"
"2026-07","NORTH EAST AND YORKSHIRE","Y63","NHS NORTH EAST AND NORTH CUMBRIA INTEGRATED CARE BOARD","QHM","NHS NORTH EAST AND NORTH CUMBRIA ICB - 84H","84H00","MARLBOROUGH SURGERY","A83051","SEAHAM PRIMARY CARE CTR","ST JOHN'S SQUARE","SEAHAM","COUNTY DURHAM","SR7 7JE","2101","Other Appliances","21010900700","GlucoRx CarePoint hypod insulin needles for pre-filled / reusable pen injectors screw on 6mm/31gauge","21: Appliances","100.","2","200.","0.","5.5","4.98202","N","10031811000001103"
"2026-07","NORTH EAST AND YORKSHIRE","Y63","NHS WEST YORKSHIRE INTEGRATED CARE BOARD","QWO","NHS WEST YORKSHIRE ICB - X2C4Y","X2C4Y","THE PADDOCK SURGERY","B85038","THE PADDOCK SURGERY","CHAPEL LANE, THORNHILL","DEWSBURY","WEST YORKSHIRE","WF12 0DH","130201000","Other emollient preparations","130201000BBJMCB","Aveeno lotion","13: Skin","500.","1","500.","0.","7.99","7.60445","N","450211000001109"
"2026-07","SOUTH EAST","Y59","NHS THAMES VALLEY INTEGRATED CARE BOARD","S0E4D","NHS THAMES VALLEY ICB - U2G6B","U2G6B","FARNHAM ROAD PRACTICE","K81075","FARNHAM ROAD PRACTICE","301 FARNHAM ROAD","SLOUGH","BERKSHIRE","SL2 1HD","0401020T0","Oxazepam","0401020T0AAACAC","Oxazepam 15mg tablets","04: Central Nervous System","56.","1","56.","28.","26.98","21.5838","N","42132711000001100"
"2026-07","MIDLANDS","Y60","NHS BIRMINGHAM AND SOLIHULL INTEGRATED CARE BOARD","QHL","NHS BIRMINGHAM AND SOLIHULL ICB - 15E","15E00","RIVER BROOK MEDICAL CENTRE","M85156","RIVER BROOK MEDICAL CTRE","3 RIVER BROOK DRIVE","STIRCHLEY","BIRMINGHAM","B30 2SH","0703010F0","Combined ethinylestradiol 30mcg","0703010F0BEAAAC","Microgynon 30 tablets","07: Obstetrics, Gynaecology and Urinary-Tract Disorders","126.","2","252.","0.","11.28","10.74299","N","42111000001107"
"2026-07","NORTH EAST AND YORKSHIRE","Y63","NHS NORTH EAST AND NORTH CUMBRIA INTEGRATED CARE BOARD","QHM","NHS NORTH EAST AND NORTH CUMBRIA ICB - 00P","00P00","RIVERVIEW SURGERY","A89002","RIVERVIEW HEALTH CENTRE","BOROUGH ROAD","SUNDERLAND","TYNE & WEAR","SR1 2HJ","0206020L0","Lercanidipine hydrochloride","0206020L0AAABAB","Lercanidipine 20mg tablets","02: Cardiovascular System","7.","38","266.","532.","24.32","23.71584","N","10225911000001102"
"2026-07","EAST OF ENGLAND","Y61","NHS ESSEX INTEGRATED CARE BOARD","D7T5G","NHS ESSEX ICB - 07H","07H00","ANGEL LANE SURGERY","F81090","ANGEL LANE SURGERY","ANGEL LANE","GREAT DUNMOW","ESSEX","CM6 1AQ","0408010AE","Pregabalin","0408010AEAAAEAE","Pregabalin 150mg capsules","04: Central Nervous System","56.","6","336.","168.","12.36","12.19273","N","42135111000001108"
"2026-07","SOUTH EAST","Y59","NHS KENT AND MEDWAY INTEGRATED CARE BOARD","QKS","NHS KENT AND MEDWAY ICB - 91Q","91Q00","WEST MALLING GROUP PRACTICE","G82135","WEST MALLING GROUP PRAC","37 QUEEN ST, KINGS HILL","WEST MALLING","KENT","ME19 4JF","0604011G0","Estradiol","0604011G0AABIBI","Estradiol 500microgram gel sachets","06: Endocrine System","112.","1","112.","0.","34.","32.319","N","3664211000001102"
"2026-07","EAST OF ENGLAND","Y61","NHS CENTRAL EAST INTEGRATED CARE BOARD","S1Y5D","NHS CENTRAL EAST ICB - 06K","06K00","THE MAPLES","E82063","THE MAPLES","VANCOUVER ROAD","BROXBOURNE","HERTFORDSHIRE","EN10 6FD","2122","Emollients","21220000101","Epaderm cream","21: Appliances","500.","1","500.","0.","7.34","6.62803","N","14998211000001108"
"2026-07","MIDLANDS","Y60","NHS NOTTINGHAM AND NOTTINGHAMSHIRE INTEGRATED CARE BOARD","QT1","NHS NOTTINGHAM AND NOTTINGHAMSHIRE ICB - 52R","52R00","JUBILEE PARK MEDICAL PARTNERSHIP","C84613","61 BURTON ROAD","CARLTON","NOTTINGHAM","NOTTS","NG4 3DQ","1104010I0","Dexamethasone","1104010I0BCAAAE","Maxitrol eye drops","11: Eye","10.","1","10.","0.","3.36","3.20505","N","270211000001108"
"2026-07","NORTH EAST AND YORKSHIRE","Y63","NHS WEST YORKSHIRE INTEGRATED CARE BOARD","QWO","NHS WEST YORKSHIRE ICB - 36J","36J00","HORTON PARK MEDICAL PRACTICE","B83035","HORTON PARK SURGERY","99 HORTON PARK AVENUE","BRADFORD","","BD7 3EG","2122","Emollients","21220000134","Epaderm Junior cream","21: Appliances","150.","1","150.","0.","3.81","3.4464","N","36247011000001100"
"2026-07","SOUTH EAST","Y59","NHS SURREY AND SUSSEX INTEGRATED CARE BOARD","S9B9J","NHS SURREY AND SUSSEX ICB - 92A","92A00","HEATHCOTE MEDICAL CENTRE","H81070","HEATHCOTE MEDICAL CENTRE","HEATHCOTE","TADWORTH","SURREY","KT20 5TH","1106000AI","Timolol and bimatoprost","1106000AIAAAAAA","Bimatoprost 300micrograms/ml / Timolol 5mg/ml eye drops","11: Eye","6.","6","36.","0.","77.4","61.95825","N","10514411000001107"
"2026-07","NORTH WEST","Y62","NHS CHESHIRE AND MERSEYSIDE INTEGRATED CARE BOARD","QYG","NHS CHESHIRE AND MERSEYSIDE ICB - 01X","01X00","ECCLESTON MEDICAL CENTRE","N83614","ECCLESTON MEDICAL CENTRE","4 MILLSFIELD COURT","ECCLESTON, ST HELENS","","WA10 5RG","0409010X0","Levodopa/carbidopa/entacapone","0409010X0BDAGAF","Stanek 125mg/31.25mg/200mg tablets","04: Central Nervous System","140.","1","140.","0.","48.51","46.20632","N","28935511000001108"
"2026-07","EAST OF ENGLAND","Y61","NHS ESSEX INTEGRATED CARE BOARD","D7T5G","NHS ESSEX ICB - 99F","99F00","THE HOLLIES","F81075","THE HOLLIES","41 RECTORY RD, HADLEIGH","BENFLEET","ESSEX","SS7 2NA","0302000AB","BeclometDiprop/Formoterol","0302000ABBBAAAA","Fostair NEXThaler 100microg/dose / 6microg/dose dry pdr inh","03: Respiratory System","1.","2","2.","0.","58.64","55.74419","N","26112111000001106"
"2026-07","SOUTH EAST","Y59","NHS THAMES VALLEY INTEGRATED CARE BOARD","S0E4D","NHS THAMES VALLEY ICB - U2G6B","U2G6B","SHREEJI MEDICAL CENTRE","K81085","SHREEJI MEDICAL CENTRE","22 WHITBY ROAD","SLOUGH","BERKSHIRE","SL1 3DQ","0204000H0","Bisoprolol fumarate","0204000H0AAAJAJ","Bisoprolol 2.5mg tablets","02: Cardiovascular System","56.","26","1456.","364.","62.4","62.7224","N","42371311000001103"
"2026-07","SOUTH EAST","Y59","NHS KENT AND MEDWAY INTEGRATED CARE BOARD","QKS","NHS KENT AND MEDWAY ICB - 91Q","91Q00","SHEPPEY HEALTHY LIVING CENTRE","G82799","SHEPPEY HLC, ROYAL ROAD","OFF THE BROADWAY","SHEERNESS","KENT","ME12 1HH","0403030P0","Paroxetine hydrochloride","0403030P0AAABAB","Paroxetine 30mg tablets","04: Central Nervous System","30.","3","90.","135.","4.23","3.41922","N","42276611000001109"
"2026-07","NORTH WEST","Y62","NHS GREATER MANCHESTER INTEGRATED CARE BOARD","QOP","NHS GREATER MANCHESTER ICB - 14L","14L00","LEVENSHULME MEDICAL PRACTICE","P84016","LEVENSHULME HEALTH CENTRE","DUNSTABLE ST, LEVENSHULME","MANCHESTER","LANCASHIRE","M19 3BX","0106040G0","Lactulose","0106040G0AAAAAA","Lactulose 3.1-3.7g/5ml oral solution","01: Gastro-Intestinal System","1000.","3","3000.","150.","37.98","38.0172","N","42354411000001105"
"2026-07","EAST OF ENGLAND","Y61","NHS NORFOLK AND SUFFOLK INTEGRATED CARE BOARD","T6Y0W","NHS NORFOLK AND SUFFOLK ICB - 06L","06L00","DEBENHAM GROUP PRACTICE","D83041","20 LOW ROAD","DEBENHAM","STOWMARKET","SUFFOLK","IP14 6QU","2101","Other Appliances","21010900846","Glucoject hypodermic insulin needles for pre-filled / reusable pen injectors screw on 4mm/32gauge","21: Appliances","200.","1","200.","0.","11.9","10.73802","N","30757711000001101"
"2026-07","LONDON","Y56","NHS SOUTH EAST LONDON INTEGRATED CARE BOARD","QKK","NHS SOUTH EAST LONDON ICB - 72Q","72Q00","THE LEWISHAM CARE PARTNERSHIP","G85038","ST JOHNS MEDICAL CENTRE","56-60 LOAMPIT HILL","LEWISHAM","LONDON","SE13 7SX","0601023AG","Dapagliflozin","0601023AGAAAAAA","Dapagliflozin 5mg tablets","06: Endocrine System","168.","1","168.","0.","13.8","11.04596","N","39689911000001109"
"2026-07","NORTH EAST AND YORKSHIRE","Y63","NHS WEST YORKSHIRE INTEGRATED CARE BOARD","QWO","NHS WEST YORKSHIRE ICB - 15F","15F00","LEEDS STUDENT MEDICAL PRACTICE","B86110","LEEDS STUDENT MED.PRACT","4 BLENHEIM COURT","BLENHEIM WALK, LEEDS","","LS2 9AE","0407041AA","Eletriptan","0407041AAAAABAB","Eletriptan 40mg tablets","04: Central Nervous System","12.","1","12.","12.","46.08","36.85488","N","42102511000001101"
"2026-07","MIDLANDS","Y60","NHS LEICESTER, LEICESTERSHIRE AND RUTLAND INTEGRATED CARE BOARD","QK1","NHS LEICESTER, LEICESTERSHIRE AND RUTLAND ICB - 04C","04C00","HORIZON HEALTHCARE","C82088","CATHERINE HOUSE","2B STOUGHTON DRIVE NORTH","LEICESTER","LEICESTERSHIRE","LE5 5UB","1305030B0","Pimecrolimus","1305030B0AAAAAA","Pimecrolimus 1% cream","13: Skin","30.","2","60.","0.","39.38","37.44345","N","14609711000001106"
"2026-07","NORTH EAST AND YORKSHIRE","Y63","NHS HUMBER AND NORTH YORKSHIRE INTEGRATED CARE BOARD","QOQ","HUMBER TEACHING NHS FOUNDATION TRUST","RV900","HUMBER FT COMMUNITY CORE","Y06072","MALTON COMMUNITY HOSPITAL","MIDDLECAVE ROAD","MALTON","NORTH YORKSHIRE","YO17 7NG","0401020P0","Lorazepam","0401020P0AAABAB","Lorazepam 1mg tablets","04: Central Nervous System","28.","1","28.","11.2","1.77","1.42757","N","42131511000001102"
"2026-07","SOUTH EAST","Y59","NHS THAMES VALLEY INTEGRATED CARE BOARD","S0E4D","NHS THAMES VALLEY ICB - 15A","15A00","THE BOAT HOUSE SURGERY","K81012","THE BOATHOUSE SURGERY","WHITCHURCH RD, PANGBOURNE","READING","","RG8 7DP","0212000B0","Atorvastatin","0212000B0AAADAD","Atorvastatin 80mg tablets","02: Cardiovascular System","7.","36","252.","1008.","11.88","13.21296","N","39733211000001101"
"2026-07","LONDON","Y56","NHS SOUTH WEST LONDON INTEGRATED CARE BOARD","QWE","NHS SOUTH WEST LONDON ICB - 36L","36L00","KESTON MEDICAL PRACTICE","H83016","PURLEY WAR MEMORIAL HOSP","856 BRIGHTON ROAD","PURLEY","SURREY","CR8 2YL","040702040","Tramadol hydrochloride","040702040AAAHAH","Tramadol 100mg modified-release capsules","04: Central Nervous System","30.","1","30.","15.","7.24","7.3524","N","35920211000001106"
"2026-07","NORTH WEST","Y62","NHS CHESHIRE AND MERSEYSIDE INTEGRATED CARE BOARD","QYG","NHS CHESHIRE AND MERSEYSIDE ICB - 27D","27D00","ASHFIELDS PRIMARY CARE CENTRE","N81032","ASHFIELDS P/CARE CENTRE","MIDDLEWICH ROAD","SANDBACH","CHESHIRE","CW11 1EQ","0407020Q0","Morphine sulfate","0407020Q0BKAAEF","Zomorph 10mg modified-release capsules","04: Central Nervous System","56.","6","336.","33.6","19.44","20.1144","N","3652111000001109"
"2026-07","MIDLANDS","Y60","NHS NOTTINGHAM AND NOTTINGHAMSHIRE INTEGRATED CARE BOARD","QT1","NHS NOTTINGHAM AND NOTTINGHAMSHIRE ICB - 52R","52R00","RIVERGREEN MEDICAL CENTRE","C84060","RIVERGREEN MEDICAL CENTRE","106 SOUTHCHURCH DRIVE","CLIFTON ESTATE","NOTTINGHAM","NG11 8AD","0501070X0","Rifaximin","0501070X0AAABAB","Rifaximin 550mg tablets","05: Infections","14.","4","56.","0.","259.24","259.6896","N","41955011000001108"
"2026-07","NORTH EAST AND YORKSHIRE","Y63","NHS NORTH EAST AND NORTH CUMBRIA INTEGRATED CARE BOARD","QHM","NHS NORTH EAST AND NORTH CUMBRIA ICB - 16C","16C00","NEASHAM ROAD SURGERY","A83013","NEASHAM ROAD SURGERY","186 NEASHAM ROAD","DARLINGTON","COUNTY DURHAM","DL1 4YL","0106020V0","Sennosides","0106020V0AAABAB","Sennosides 7.5mg/5ml oral solution sugar free","01: Gastro-Intestinal System","280.","1","280.","28.","6.24","6.04161","N","9553511000001101"
"2026-07","SOUTH EAST","Y59","NHS SURREY AND SUSSEX INTEGRATED CARE BOARD","S9B9J","NHS SURREY AND SUSSEX ICB - 70F","70F00","MOATFIELD SURGERY","H82063","MOATFIELD SURGERY","ST.MICHAEL'S ROAD","EAST GRINSTEAD","WEST SUSSEX","RH19 3GW","0601012V0","Insulin glargine","0601012V0BCAAAE","Toujeo 300units/ml inj 1.5ml pre-filled SoloStar pens","06: Endocrine System","5.","2","10.","0.","107.14","107.3648","N","29866811000001104"
"2026-07","SOUTH EAST","Y59","NHS KENT AND MEDWAY INTEGRATED CARE BOARD","QKS","NHS KENT AND MEDWAY ICB - 91Q","91Q00","MEMORIAL MEDICAL CENTRE","G82693","MEMORIAL MEDICAL CENTRE","BELL ROAD","SITTINGBOURNE","KENT","ME10 4XX","0403030D0","Citalopram hydrobromide","0403030D0AAABAB","Citalopram 10mg tablets","04: Central Nervous System","56.","54","3024.","1512.","95.04","76.65722","N","42269311000001100"
"2026-07","MIDLANDS","Y60","NHS NORTHAMPTONSHIRE INTEGRATED CARE BOARD","QPM","NHS NORTHAMPTONSHIRE ICB - 78H","78H00","BROOK MEDICAL CENTRE","K83048","BROOK MEDICAL CENTRE","ECTON BROOK ROAD","NORTHAMPTON","NORTHAMPTONSHIRE","NN3 5EN","1203010E0","Benzydamine hydrochloride","1203010E0BBAAAA","Difflam Oral Rinse 0.15% solution","12: Ear, Nose and Oropharynx","300.","1","300.","0.","6.96","6.62575","N","301311000001108"
"2026-07","SOUTH WEST","Y58","NHS BATH AND NORTH EAST SOMERSET, SWINDON AND WILTSHIRE INTEGRATED CARE BOARD","QOX","NHS BATH AND NORTH EAST SOMERSET, SWINDON AND WILTSHIRE ICB - 92G","92G00","THREE CHEQUERS MEDICAL PRACTICE","J83026","72 ENDLESS STREET","","SALISBURY","WILTSHIRE","SP1 3UH","1304000D0","Betamethasone esters","1304000D0AABDBD","Betamethasone diprop 0.05%/Salicylic acid 2% scalp applic","13: Skin","100.","1","100.","0.","10.1","9.60936","N","35910711000001107"
"2026-07","NORTH EAST AND YORKSHIRE","Y63","NHS NORTH EAST AND NORTH CUMBRIA INTEGRATED CARE BOARD","QHM","NHS NORTH EAST AND NORTH CUMBRIA ICB - 00P","00P00","VILLAGE SURGERY PARTNERSHIP","A89011","SILKSWORTH HEALTH CENTRE","SILKSWORTH","SUNDERLAND","TYNE & WEAR","SR3 2AN","0901020G0","Folic acid","0901020G0AABFBF","Folic acid 400microgram tablets","09: Nutrition and Blood","56.","1","56.","0.","5.6","5.7124","N","41985411000001106"
"2026-07","MIDLANDS","Y60","NHS STAFFORDSHIRE AND STOKE-ON-TRENT INTEGRATED CARE BOARD","QNC","NHS STAFFORDSHIRE AND STOKE-ON-TRENT ICB - 05G","05G00","BIDDULPH DOCTORS","M83089","BIDDULPH PRIMARY CARE CTR","WHARF ROAD, BIDDULPH","STOKE ON TRENT","STAFFORDSHIRE","ST8 6AG","0403010B0","Amitriptyline hydrochloride","0403010B0AAAIAI","Amitriptyline 50mg tablets","04: Central Nervous System","28.","16","448.","298.66667","11.68","9.53695","N","42291311000001102"
"2026-07","NORTH EAST AND YORKSHIRE","Y63","NHS HUMBER AND NORTH YORKSHIRE INTEGRATED CARE BOARD","QOQ","NHS HUMBER AND NORTH YORKSHIRE ICB - 42D","42D00","HAXBY GROUP SCARBOROUGH","B82038","LAWRENCE HOUSE MED CTR","1A BELGRAVE CRESCENT","SCARBOROUGH","","YO11 1UB","0906026M0","Thiamine hydrochloride","0906026M0AAAGAG","Thiamine 100mg tablets","09: Nutrition and Blood","84.","76","6384.","0.","231.8","193.87415","N","41989511000001108"
"2026-07","NORTH WEST","Y62","NHS CHESHIRE AND MERSEYSIDE INTEGRATED CARE BOARD","QYG","NHS CHESHIRE AND MERSEYSIDE ICB - 01V","01V00","KEW SURGERY","N84617","85 TOWN LANE","KEW","SOUTHPORT","MERSEYSIDE","PR8 6RG","2003","Wound Management & Other Dressings","20030100183","Tegaderm Film dressing 6cm x 7cm","20: Dressings","1.","1","1.","0.","0.42","0.39095","N","729011000001103"
"2026-07","SOUTH WEST","Y58","NHS SOMERSET INTEGRATED CARE BOARD","QSL","NHS SOMERSET ICB - 11X","11X00","GLASTONBURY SURGERY","L85039","THE GLASTONBURY SURGERY","FEVERSHAM LANE","GLASTONBURY","SOMERSET","BA6 9LP","1501041T0","Midazolam hydrochloride","1501041T0AAAAAA","Midazolam 10mg/2ml solution for injection ampoules","15: Anaesthesia","15.","2","30.","0.","15.46","15.6848","N","36124911000001107"
"2026-07","LONDON","Y56","NHS WEST AND NORTH LONDON INTEGRATED CARE BOARD","Z9B2Z","NHS WEST AND NORTH LONDON ICB - 93C","93C00","THE RISE GROUP PRACTICE","F83039","HORNSEY RISE HEALTH CTR","HORNSEY RISE","LONDON","","N19 3YU","0601023X0","Sitagliptin","0601023X0AAAAAA","Sitagliptin 100mg tablets","06: Endocrine System","84.","1","84.","84.","6.09","4.88156","N","42089711000001108"
"2026-07","NORTH WEST","Y62","NHS LANCASHIRE AND SOUTH CUMBRIA INTEGRATED CARE BOARD","QE1","NHS LANCASHIRE AND SOUTH CUMBRIA ICB - 01A","01A00","REEDYFORD HLTH CARE GROUP","P81032","YARNSPINNERS PRIMARY HCC","YARNSPINNERS WHARF","CARR ROAD, NELSON","LANCASHIRE","BB9 7SR","0407020B0","Buprenorphine","0407020B0BIAAAE","Bupeaze 35micrograms/hour transdermal patches","04: Central Nervous System","8.","1","8.","24.24242","18.94","18.9524","N","32484211000001106"
"2026-07","LONDON","Y56","NHS WEST AND NORTH LONDON INTEGRATED CARE BOARD","Z9B2Z","NHS WEST AND NORTH LONDON ICB - 93C","93C00","ROSEMARY SURGERY","E83639","ROSEMARY SURGERY","2 ROSEMARY AVENUE","FINCHLEY","LONDON","N3 2QN","0302000N0","Fluticasone propionate (Inhalation)","0302000N0BDAABJ","Flutiform 125micrograms/dose / 5micrograms/dose inhaler","03: Respiratory System","2.","1","2.","0.","56.","53.22328","N","21019411000001101"
"2026-07","LONDON","Y56","NHS SOUTH EAST LONDON INTEGRATED CARE BOARD","QKK","NHS SOUTH EAST LONDON ICB - 72Q","72Q00","BALLATER SURGERY","G84040","BALLATER SURGERY","108 CHISLEHURST ROAD","ORPINGTON","KENT","BR6 0DP","0408010A0","Levetiracetam","0408010A0AAABAB","Levetiracetam 500mg tablets","04: Central Nervous System","60.","7","420.","140.","20.58","16.54119","N","42131311000001108"
"2026-07","NORTH EAST AND YORKSHIRE","Y63","NHS NORTH EAST AND NORTH CUMBRIA INTEGRATED CARE BOARD","QHM","NHS NORTH EAST AND NORTH CUMBRIA ICB - 84H","84H00","WINGATE MEDICAL PRACTICE INTRAHEALTH","A83610","THE MEDICAL CENTRE","FRONT STREET WEST","WINGATE","COUNTY DURHAM","TS28 5PZ","0402010A0","Amisulpride","0402010A0AAAGAG","Amisulpride 100mg tablets","04: Central Nervous System","14.","4","56.","14.","4.24","3.83962","N","42267611000001100"
"2026-07","NORTH EAST AND YORKSHIRE","Y63","NHS WEST YORKSHIRE INTEGRATED CARE BOARD","QWO","NHS WEST YORKSHIRE ICB - 02T","02T00","SPRING HALL GROUP PRACTICE","B84012","SPRING HALL GROUP PRACT","SPRING HALL MEDICAL CTR","SPRING HALL LANE","HALIFAX","HX1 4JG","0105010B0","Mesalazine (Systemic)","0105010B0BCAGAY","Pentasa 1g modified-release tablets","01: Gastro-Intestinal System","60.","2","120.","75.","73.78","70.13013","N","19521311000001109"
"2026-07","NORTH WEST","Y62","NHS CHESHIRE AND MERSEYSIDE INTEGRATED CARE BOARD","QYG","NHS CHESHIRE AND MERSEYSIDE ICB - 27D","27D00","MEADOWSIDE MEDICAL CENTRE","N81118","MEADOWSIDE MEDICAL CENTRE","MEADOWSIDE","MOUNTBATTEN WAY","CONGLETON,CHESHIRE","CW12 1DY","1001010P0","Naproxen","1001010P0AAAEAE","Naproxen 500mg tablets","10: Musculoskeletal and Joint Diseases","56.","60","3360.","2240.","156.","125.47115","N","42107811000001100"
"2026-07","SOUTH WEST","Y58","NHS BATH AND NORTH EAST SOMERSET, SWINDON AND WILTSHIRE INTEGRATED CARE BOARD","QOX","NHS BATH AND NORTH EAST SOMERSET, SWINDON AND WILTSHIRE ICB - 92G","92G00","KENNET AND AVON MEDICAL PARTNERSHIP","J83037","GEORGE LANE","","MARLBOROUGH","WILTSHIRE","SN8 4BY","0106040G0","Lactulose","0106040G0AAAAAA","Lactulose 3.1-3.7g/5ml oral solution","01: Gastro-Intestinal System","1000.","10","10000.","500.","126.6","125.30259","N","42354411000001105"
"2026-07","NORTH EAST AND YORKSHIRE","Y63","NHS WEST YORKSHIRE INTEGRATED CARE BOARD","QWO","NHS WEST YORKSHIRE ICB - 02T","02T00","CHURCH LANE SURGERY","B84011","THE CHURCH LANE SURGERY","24 CHURCH LANE","BRIGHOUSE","WEST YORKSHIRE","HD6 1AT","0202010P0","Indapamide","0202010P0AAADAD","Indapamide 1.5mg modified-release tablets","02: Cardiovascular System","30.","11","330.","198.","32.23","32.3664","N","39020711000001100"
"2026-07","SOUTH WEST","Y58","NHS DORSET INTEGRATED CARE BOARD","QVV","NHS DORSET ICB - 11J","11J00","FARMHOUSE SURGERY","J81057","CHRISTCHURCH MED CENTRE","1 PUREWELL CROSS ROAD","CHRISTCHURCH","DORSET","BH23 3AF","2101","Other Appliances","21010900808","Mylife Penfine Classic hypod ins needles for pre-filled /reusable pen injectors screw on 4mm/32gauge","21: Appliances","100.","1","100.","0.","3.61","3.26614","N","23316711000001106"
"2026-07","NORTH WEST","Y62","NHS CHESHIRE AND MERSEYSIDE INTEGRATED CARE BOARD","QYG","NHS CHESHIRE AND MERSEYSIDE ICB - 99A","99A00","MARSS NHS LIVERPOOL CCG","Y07373","17-20 GLACIER BUILDINGS","HARRINGTON ROAD","LIVERPOOL","MERSEYSIDE","L3 4BH","2305","Adhesive Discs/Rings/Pads/Plasters","23053370505","Comfort flange extender large","23: Stoma Appliances","60.","12","720.","0.","503.76","503.76","N","24488811000001106"
"2026-07","SOUTH EAST","Y59","NHS KENT AND MEDWAY INTEGRATED CARE BOARD","QKS","NHS KENT AND MEDWAY ICB - 91Q","91Q00","SHEPPEY HEALTHY LIVING CENTRE","G82799","SHEPPEY HLC, ROYAL ROAD","OFF THE BROADWAY","SHEERNESS","KENT","ME12 1HH","0204000R0","Propranolol hydrochloride","0204000R0AAAHAH","Propranolol 10mg tablets","02: Cardiovascular System","14.","3","42.","3.5","1.05","1.17671","N","42380111000001101"
"2026-07","NORTH EAST AND YORKSHIRE","Y63","NHS WEST YORKSHIRE INTEGRATED CARE BOARD","QWO","NHS WEST YORKSHIRE ICB - X2C4Y","X2C4Y","EIGHTLANDS SURGERY","B85020","EIGHTLANDS SURGERY","DEWSBURY PRIMARY CARE CTR","WELLINGTON RD, DEWSBURY","WEST YORKSHIRE","WF13 1HN","0205051R0","Ramipril","0205051R0AAAAAA","Ramipril 1.25mg capsules","02: Cardiovascular System","7.","24","168.","42.","35.76","38.4576","N","42381011000001106"
"2026-07","LONDON","Y56","NHS NORTH EAST LONDON INTEGRATED CARE BOARD","QMF","NHS NORTH EAST LONDON ICB - A3A8R","A3A8R","CHASE CROSS MEDICAL CENTRE","F82630","13-15 CHASE CROSS ROAD","COLLIER ROW","ROMFORD","ESSEX","RM5 3PJ","0204000H0","Bisoprolol fumarate","0204000H0AAAJAJ","Bisoprolol 2.5mg tablets","02: Cardiovascular System","112.","4","448.","112.","19.2","19.2496","N","42371311000001103"
"2026-07","SOUTH EAST","Y59","NHS THAMES VALLEY INTEGRATED CARE BOARD","S0E4D","NHS THAMES VALLEY ICB - U2G6B","U2G6B","CORDWALLIS ROAD SURGERY","K81607","1 CORDWALLIS ROAD","","MAIDENHEAD","BERKSHIRE","SL6 7DQ","1202020L0","Sodium chloride","1202020L0BCAACC","Saline 0.9% neb liq 2.5ml Steri-Neb unit dose ampoules","12: Ear, Nose and Oropharynx","120.","2","240.","0.","105.96","105.9848","N","34174811000001109"
"2026-07","SOUTH WEST","Y58","NHS BRISTOL, NORTH SOMERSET AND SOUTH GLOUCESTERSHIRE INTEGRATED CARE BOARD","QUY","NHS BRISTOL, NORTH SOMERSET AND SOUTH GLOUCESTERSHIRE ICB - 15C","15C00","BEECHWOOD MEDICAL PRACTICE","L81087","FISHPONDS HEALTH CENTRE","BEECHWOOD ROAD, FISHPONDS","BRISTOL","","BS16 3TD","0406000T0","Prochlorperazine maleate","0406000T0AAAGAG","Prochlorperazine 5mg tablets","04: Central Nervous System","28.","8","224.","112.","7.04","5.72791","N","42040311000001105"
"2026-07","SOUTH WEST","Y58","NHS BRISTOL, NORTH SOMERSET AND SOUTH GLOUCESTERSHIRE INTEGRATED CARE BOARD","QUY","NHS BRISTOL, NORTH SOMERSET AND SOUTH GLOUCESTERSHIRE ICB - 15C","15C00","LEAP VALLEY MEDICAL CENTRE","L81046","LEAP VALLEY MEDICAL CTR","BEAUFORT ROAD, DOWNEND","BRISTOL","","BS16 6UG","0901011P0","Ferrous sulfate","0901011P0AAACAC","Ferrous sulfate 200mg tablets","09: Nutrition and Blood","112.","2","224.","0.","7.76","6.22918","N","41985211000001107"
"2026-07","NORTH WEST","Y62","NHS GREATER MANCHESTER INTEGRATED CARE BOARD","QOP","NHS GREATER MANCHESTER ICB - 01D","01D00","ASHWORTH STREET SURGERY","P86006","ASHWORTH STREET SURGERY","85 SPOTLAND ROAD","ROCHDALE","LANCASHIRE","OL12 6RT","0407010F0","Co-codamol (Codeine phosphate/paracetamol)","0407010F0AAAAAA","Co-codamol 8mg/500mg tablets","04: Central Nervous System","30.","4","120.","20.","4.48","3.63151","N","42010211000001106"
"2026-07","NORTH EAST AND YORKSHIRE","Y63","NHS NORTH EAST AND NORTH CUMBRIA INTEGRATED CARE BOARD","QHM","NHS NORTH EAST AND NORTH CUMBRIA ICB - 13T","13T00","JESMOND HEALTH PARTNERSHIP","A86020","200 OSBORNE ROAD","JESMOND","NEWCASTLE UPON TYNE","TYNE & WEAR","NE2 3LD","0905011D0","Calcium carbonate","0905011D0AAAJAJ","Calcium carbonate 1.25g chewable tablets sugar free","09: Nutrition and Blood","56.","2","112.","0.","10.44","10.14483","N","41982311000001105"
"2026-07","EAST OF ENGLAND","Y61","NHS CENTRAL EAST INTEGRATED CARE BOARD","S1Y5D","NHS CENTRAL EAST ICB - M1J4Y","M1J4Y","SAFFRON HEALTH PARTNERSHIP","E81057","BIGGLESWADE HEALTH CENTRE","SAFFRON ROAD","BIGGLESWADE","BEDFORDSHIRE","SG18 8DJ","0208020Z0","Apixaban","0208020Z0AAAAAA","Apixaban 2.5mg tablets","02: Cardiovascular System","65.","1","65.","0.","2.38","2.11511","N","42206411000001101"
"2026-07","NORTH EAST AND YORKSHIRE","Y63","NHS SOUTH YORKSHIRE INTEGRATED CARE BOARD","QF7","NHS SOUTH YORKSHIRE ICB - 02P","02P00","BRIERLEY MEDICAL CENTRE","Y05248","BARNSLEY HEALTHCARE FED","GRIMETHORPE CTR,ACORN WAY","BARNSLEY","SOUTH YORKSHIRE","S72 7NZ","0501110C0","Metronidazole","0501110C0AAAJAJ","Metronidazole 400mg tablets","05: Infections","21.","1","21.","0.","0.98","0.79594","N","41952111000001102"
"2026-07","NORTH EAST AND YORKSHIRE","Y63","NHS HUMBER AND NORTH YORKSHIRE INTEGRATED CARE BOARD","QOQ","NHS HUMBER AND NORTH YORKSHIRE ICB - 42D","42D00","LAMBERT MEDICAL CENTRE","B82042","THE LAMBERT MEDICAL CTR","2 CHAPEL STREET","THIRSK","NORTH YORKSHIRE","YO7 1LU","0301020I0","Ipratropium bromide","0301020I0BBAJAN","Atrovent 20micrograms/dose inhaler CFC free","03: Respiratory System","1.","1","1.","33.33333","5.56","5.29548","N","7389911000001105"
"2026-07","SOUTH EAST","Y59","NHS KENT AND MEDWAY INTEGRATED CARE BOARD","QKS","NHS KENT AND MEDWAY ICB - 91Q","91Q00","GREENSAND MEDICAL GROUP","G82024","HEATH ROAD","LINTON","MAIDSTONE","KENT","ME17 4NU","0905013A0","Magnesium aspartate","0905013A0AAAHAH","Magnesium aspartate (magnesium 10mmol) oral powder sachets","09: Nutrition and Blood","20.","1","20.","0.","18.9","17.97107","N","29208211000001109"
"2026-07","NORTH EAST AND YORKSHIRE","Y63","NHS NORTH EAST AND NORTH CUMBRIA INTEGRATED CARE BOARD","QHM","NHS NORTH EAST AND NORTH CUMBRIA ICB - 16C","16C00","BOROUGH ROAD & NUNTHORPE MEDICAL GROUP","A81030","167A BOROUGH ROAD","","MIDDLESBROUGH","","TS1 3RY","0212000X0","Pravastatin sodium","0212000X0AAABAB","Pravastatin 20mg tablets","02: Cardiovascular System","28.","12","336.","224.","12.48","10.12697","N","42379911000001103"
"2026-07","SOUTH WEST","Y58","NHS BATH AND NORTH EAST SOMERSET, SWINDON AND WILTSHIRE INTEGRATED CARE BOARD","QOX","NHS BATH AND NORTH EAST SOMERSET, SWINDON AND WILTSHIRE ICB - 92G","92G00","THE LAWN MEDICAL CENTRE","J83059","THE LAWN MEDICAL CENTRE","GUILDFORD AVENUE","SWINDON","WILTSHIRE","SN3 1JL","0913011V0","Ready to serve 2.4 kcal/ml milkshake lower volume (0913011)","0913011V0BDAAAD","Fortisip Compact liquid (8 flavours)","09: Nutrition and Blood","7000.","2","14000.","0.","179.2","170.29961","N","16439211000001104"
"2026-07","NORTH EAST AND YORKSHIRE","Y63","NHS SOUTH YORKSHIRE INTEGRATED CARE BOARD","QF7","NHS SOUTH YORKSHIRE ICB - 02P","02P00","HOYLAND MEDICAL PRACTICE","C85022","THE HOYLAND CENTRE","HIGH CROFT, HOYLAND","BARNSLEY","SOUTH YORKSHIRE","S74 9AF","0304010I0","Cetirizine hydrochloride","0304010I0AAAAAA","Cetirizine 10mg tablets","03: Respiratory System","30.","33","990.","990.","24.42","19.9338","N","42186511000001101"
"2026-07","SOUTH WEST","Y58","NHS DEVON INTEGRATED CARE BOARD","QJK","NHS DEVON ICB - 15N","15N00","COMBE COASTAL PRACTICE","L83096","COMBE COASTAL PRACTICE","ST BRANNOCKS ROAD","ILFRACOMBE","DEVON","EX34 8EG","0504010Y0","Quinine sulfate","0504010Y0AAAHAH","Quinine sulfate 300mg tablets","05: Infections","28.","10","280.","0.","39.5","39.624","N","41988311000001108"
"2026-07","NORTH WEST","Y62","NHS GREATER MANCHESTER INTEGRATED CARE BOARD","QOP","NHS GREATER MANCHESTER ICB - 02A","02A00","DAVYHULME MEDICAL CENTRE","P91009","130 BROADWAY","DAVYHULME,URMSTON","MANCHESTER","","M41 7WJ","0703021N0","Norethisterone","0703021N0AAAAAA","Norethisterone 350microgram tablets","07: Obstetrics, Gynaecology and Urinary-Tract Disorders","84.","2","168.","0.","4.2","4.01562","N","41880611000001105"
"2026-07","NORTH EAST AND YORKSHIRE","Y63","NHS NORTH EAST AND NORTH CUMBRIA INTEGRATED CARE BOARD","QHM","NHS NORTH EAST AND NORTH CUMBRIA ICB - 00N","00N00","TRINITY MEDICAL CENTRE","A88008","TRINITY MEDICAL CENTRE","NEW GEORGE STREET","SOUTH SHIELDS","TYNE & WEAR","NE33 5DU","2101","Other Appliances","21010230115","AeroChamber Plus","21: Appliances","1.","11","11.","0.","57.42","51.88976","N","9516911000001109"
"2026-07","LONDON","Y56","NHS SOUTH EAST LONDON INTEGRATED CARE BOARD","QKK","NHS SOUTH EAST LONDON ICB - 72Q","72Q00","THE CORNER SURGERY","G85127","THE CORNER SURGERY","99 COLDHARBOUR LANE","EAST BRIXTON","LONDON","SE5 9NS","0407010N0","Co-dydramol (Dihydrocodeine/paracetamol)","0407010N0AAAAAA","Co-dydramol 10mg/500mg tablets","04: Central Nervous System","100.","1","100.","16.66667","3.27","2.62687","N","42010611000001108"
"2026-07","NORTH EAST AND YORKSHIRE","Y63","NHS WEST YORKSHIRE INTEGRATED CARE BOARD","QWO","NHS WEST YORKSHIRE ICB - X2C4Y","X2C4Y","THORNHILL LEES MEDICAL CENTRE","B85606","140 SLAITHWAITE ROAD","THORNHILL LEES","DEWSBURY","WEST YORKSHIRE","WF12 9DW","0403010B0","Amitriptyline hydrochloride","0403010B0AAAHAH","Amitriptyline 25mg tablets","04: Central Nervous System","28.","48","1344.","448.","31.2","25.54063","N","42291211000001105"
"2026-07","MIDLANDS","Y60","NHS NOTTINGHAM AND NOTTINGHAMSHIRE INTEGRATED CARE BOARD","QT1","NHS NOTTINGHAM AND NOTTINGHAMSHIRE ICB - 52R","52R00","BROAD OAK MEDICAL PRACTICE","Y06792","STRELLEY HEALTH CENTRE","116 STRELLEY ROAD","NOTTINGHAM","","NG8 6LN","2101","Other Appliances","21011300130","LimbO limb protector adult half leg normal build standard","21: Appliances","1.","1","1.","0.","10.91","9.84572","N","9853211000001100"
"2026-07","NORTH WEST","Y62","NHS GREATER MANCHESTER INTEGRATED CARE BOARD","QOP","NHS GREATER MANCHESTER ICB - 02H","02H00","SAXENA L","P92038","WINSTANLEY MEDICAL CENTRE","HOLMES HOUSE AVENUE","WINSTANLEY","WIGAN","WN3 6JN","0603020G0","Dexamethasone","0603020G0AAADAD","Dexamethasone 2mg tablets","06: Endocrine System","100.","1","100.","0.","6.52","5.22536","N","42082011000001104"
"2026-07","NORTH EAST AND YORKSHIRE","Y63","NHS NORTH EAST AND NORTH CUMBRIA INTEGRATED CARE BOARD","QHM","NHS NORTH EAST AND NORTH CUMBRIA ICB - 84H","84H00","BRIDGE END SURGERY","A83009","BRIDGE END SURGERY","PICK TREE LANE","CHESTER-LE-STREET","COUNTY DURHAM","DH3 3SL","0601022B0","Metformin hydrochloride","0601022B0AAAVAV","Metformin 1g modified-release tablets","06: Endocrine System","28.","3","84.","56.","3.12","3.4572","N","38893711000001104"
"2026-07","EAST OF ENGLAND","Y61","NHS ESSEX INTEGRATED CARE BOARD","D7T5G","NHS ESSEX ICB - 99F","99F00","DR KHAN & PARTNERS","F81001","RUSHBOTTOM LANE SURGERY","91 RUSHBOTTOM LANE","BENFLEET","ESSEX","SS7 4EA","0602010V0","Levothyroxine sodium","0602010V0AABZBZ","Levothyroxine sodium 100microgram tablets","06: Endocrine System","112.","7","784.","784.","20.16","16.20539","N","39697911000001101"
"2026-07","SOUTH EAST","Y59","NHS THAMES VALLEY INTEGRATED CARE BOARD","S0E4D","NHS THAMES VALLEY ICB - 14Y","14Y00","CHILTERN HOUSE MED CENTRE","K82020","CHILTERN HOUSE MED CENTRE","45-47 TEMPLE END","HIGH WYCOMBE","BUCKINGHAMSHIRE","HP13 5DN","0604020C0","Finasteride","0604020C0AAAAAA","Finasteride 5mg tablets","06: Endocrine System","56.","12","672.","0.","23.52","18.95382","N","42036011000001106"
"2026-07","EAST OF ENGLAND","Y61","NHS NORFOLK AND SUFFOLK INTEGRATED CARE BOARD","T6Y0W","NHS NORFOLK AND SUFFOLK ICB - 26A","26A00","EAST COAST COMMUNITY HEALTHCARE","Y03888","HAMILTON HOUSE","BATTERY GREEN ROAD","LOWESTOFT","SUFFOLK","NR32 1DE","2107","Elastic Hosiery","21070510180","Compression hosiery class II below knee stocking circular knit made to measure","21: Appliances","2.","1","2.","0.","30.95","30.95","N","18775811000001102"
"2026-07","NORTH WEST","Y62","NHS CHESHIRE AND MERSEYSIDE INTEGRATED CARE BOARD","QYG","NHS CHESHIRE AND MERSEYSIDE ICB - 99A","99A00","WEST DERBY MEDICAL CENTRE","N82024","3 WINTERBURN CRESCENT","WEST DERBY","LIVERPOOL","","L12 8TQ","0404000M0","Methylphenidate hydrochloride","0404000M0AAAUAU","Methylphenidate 10mg modified-release capsules","04: Central Nervous System","28.","1","28.","0.","23.33","23.4424","N","36123411000001102"
"2026-07","NORTH EAST AND YORKSHIRE","Y63","NHS NORTH EAST AND NORTH CUMBRIA INTEGRATED CARE BOARD","QHM","NHS NORTH EAST AND NORTH CUMBRIA ICB - 00N","00N00","THE GLEN MEDICAL GROUP","A88022","GLEN PRIMARY CARE CENTRE","GLEN STREET","HEBBURN","TYNE & WEAR","NE31 1NU","0102000A0","Alverine citrate","0102000A0AAAAAA","Alverine 60mg capsules","01: Gastro-Intestinal System","100.","3","300.","100.","12.75","10.23125","N","42351411000001108"
"2026-07","NORTH EAST AND YORKSHIRE","Y63","NHS SOUTH YORKSHIRE INTEGRATED CARE BOARD","QF7","NHS SOUTH YORKSHIRE ICB - 03N","03N00","FOXHILL MEDICAL CENTRE","C88009","FOXHILL MEDICAL CENTRE","160 FOX HILL CRESCENT","SHEFFIELD","SOUTH YORKSHIRE","S6 1GA","0407020C0","Codeine phosphate","0407020C0AAAEAE","Codeine 30mg tablets","04: Central Nervous System","112.","4","448.","149.33333","18.72","18.7696","N","42010411000001105"
"2026-07","EAST OF ENGLAND","Y61","NHS CENTRAL EAST INTEGRATED CARE BOARD","S1Y5D","NHS CENTRAL EAST ICB - 06H","06H00","MOAT HOUSE SURGERY","D81060","THE MOAT HOUSE SURGERY","BEECH CLOSE, WARBOYS","HUNTINGDON","CAMBRIDGESHIRE","PE28 2RQ","1108010B0","Carbomer 940/980","1108010B0BBAAAB","Viscotears 2mg/g liquid gel","11: Eye","20.","1","20.","0.","3.18","3.03402","N","3151011000001104"
"2026-07","LONDON","Y56","NHS NORTH EAST LONDON INTEGRATED CARE BOARD","QMF","NHS NORTH EAST LONDON ICB - A3A8R","A3A8R","LIBERTY BRIDGE ROAD PRACTICE","Y04273","LUDWIG GUTTMAN CENTRE","40 LIBERTY BRIDGE ROAD","STRATFORD","LONDON","E20 1AS","0103050E0","Esomeprazole","0103050E0AAAAAA","Esomeprazole 20mg gastro-resistant tablets","01: Gastro-Intestinal System","56.","1","56.","56.","5.8","5.8124","N","42353711000001101"
"2026-07","SOUTH WEST","Y58","NHS BATH AND NORTH EAST SOMERSET, SWINDON AND WILTSHIRE INTEGRATED CARE BOARD","QOX","NHS BATH AND NORTH EAST SOMERSET, SWINDON AND WILTSHIRE ICB - 92G","92G00","ROWDEN SURGERY","J83042","ROWDEN SURGERY","ROWDEN HILL","CHIPPENHAM","WILTSHIRE","SN15 2SB","0501011P0","Phenoxymethylpenicillin (Penicillin V)","0501011P0AAADAD","Phenoxymethylpenicillin 125mg/5ml oral solution","05: Infections","200.","1","200.","5.","3.18","2.55491","N","41953711000001109"
"2026-07","LONDON","Y56","NHS WEST AND NORTH LONDON INTEGRATED CARE BOARD","Z9B2Z","NHS WEST AND NORTH LONDON ICB - W2U3Z","W2U3Z","WOOD LANE MEDICAL CENTRE","E86012","THE MEDICAL CENTRE","2A WOOD LANE","RUISLIP","MIDDLESEX","HA4 6ER","0905011D0","Calcium carbonate","0905011D0BHAAAK","Adcal 1500mg chewable tablets","09: Nutrition and Blood","14.","4","56.","0.","4.88","5.08655","N","3242511000001100"
"2026-07","NORTH EAST AND YORKSHIRE","Y63","NHS NORTH EAST AND NORTH CUMBRIA INTEGRATED CARE BOARD","QHM","NHS NORTH EAST AND NORTH CUMBRIA ICB - 16C","16C00","WHINFIELD MEDICAL PRACTICE","A83005","WHINFIELD SURGERY","WHINBUSH WAY","DARLINGTON","COUNTY DURHAM","DL1 3RT","0408010G0","Gabapentin","0408010G0AAABAB","Gabapentin 300mg capsules","04: Central Nervous System","30.","1","30.","7.5","0.68","0.7924","N","42129711000001109"
"2026-07","NORTH WEST","Y62","NHS CHESHIRE AND MERSEYSIDE INTEGRATED CARE BOARD","QYG","NHS CHESHIRE AND MERSEYSIDE ICB - 99A","99A00","FULWOOD GREEN MEDICAL CTR","N82062","FULWOOD GREEN MEDICAL CTR","JERICHO LANE","LIVERPOOL","","L17 5AR","0411000G0","Memantine hydrochloride","0411000G0AAADAD","Memantine 20mg tablets","04: Central Nervous System","7.","4","28.","28.","1.4","1.56895","N","13939111000001104"
"2026-07","SOUTH EAST","Y59","NHS KENT AND MEDWAY INTEGRATED CARE BOARD","QKS","NHS KENT AND MEDWAY ICB - 91Q","91Q00","LANGLEY","G82691","THE ORCHARD SURGERY","HORSESHOES LANE, LANGLEY","MAIDSTONE","KENT","ME17 3JY","0407020B0","Buprenorphine","0407020B0BHADAK","Butec 15micrograms/hour transdermal patches","04: Central Nervous System","4.","3","12.","36.36364","66.36","61.44865","N","34027411000001106"
"2026-07","LONDON","Y56","NHS SOUTH WEST LONDON INTEGRATED CARE BOARD","QWE","NHS SOUTH WEST LONDON ICB - 36L","36L00","BIRDHURST MEDICAL PRACTICE","H83627","BIRDHURST MED PRACTICE","1 BIRDHURST AVENUE","SOUTH CROYDON","SURREY","CR2 7DX","2101","Other Appliances","21010900720","Unistik 3 Comfort lancets 1.8mm/28gauge","21: Appliances","100.","2","200.","0.","13.74","12.40883","N","11258411000001106"
"2026-07","NORTH EAST AND YORKSHIRE","Y63","NHS NORTH EAST AND NORTH CUMBRIA INTEGRATED CARE BOARD","QHM","NHS NORTH EAST AND NORTH CUMBRIA ICB - 13T","13T00","CROWHALL MEDICAL CENTRE","A85009","FELLING HEALTH CENTRE","STEPHENSON TCE, FELLING","GATESHEAD","TYNE & WEAR","NE10 9QG","0401010T0","Temazepam","0401010T0AAAMAM","Temazepam 10mg tablets","04: Central Nervous System","26.","1","26.","13.","25.22","25.3324","N","42137211000001105"
"2026-07","SOUTH EAST","Y59","NHS SURREY AND SUSSEX INTEGRATED CARE BOARD","S9B9J","NHS SURREY AND SUSSEX ICB - 92A","92A00","SHEPPERTON MEDICAL PRACTICE","H81004","SHEPPERTON MED. PRACTICE","LALEHAM ROAD","SHEPPERTON","MIDDLESEX","TW17 8EJ","0206020K0","Lacidipine","0206020K0AAABAB","Lacidipine 4mg tablets","02: Cardiovascular System","28.","1","28.","28.","2.99","3.0024","N","42212911000001108"
"2026-07","SOUTH WEST","Y58","NHS DEVON INTEGRATED CARE BOARD","QJK","NHS DEVON ICB - 15N","15N00","CASTLE GARDENS SURGERY","L83105","CASTLE GARDENS SURGERY","CASTLE HILL GARDENS","TORRINGTON","DEVON","EX38 8EU","0901011P0","Ferrous sulfate","0901011P0AAACAC","Ferrous sulfate 200mg tablets","09: Nutrition and Blood","56.","3","168.","0.","5.82","4.85107","N","41985211000001107"
"2026-07","NORTH EAST AND YORKSHIRE","Y63","NHS WEST YORKSHIRE INTEGRATED CARE BOARD","QWO","NHS WEST YORKSHIRE ICB - 15F","15F00","KEYSTONE GP PARTNERSHIP","B86055","ASHFIELD MEDICAL CENTRE","15 AUSTHORPE ROAD","CROSSGATES","LEEDS","LS15 8BA","0212000B0","Atorvastatin","0212000B0AAABAB","Atorvastatin 20mg tablets","02: Cardiovascular System","112.","3","336.","336.","8.64","6.94517","N","39733011000001106"
"2026-07","NORTH EAST AND YORKSHIRE","Y63","NHS SOUTH YORKSHIRE INTEGRATED CARE BOARD","QF7","NHS SOUTH YORKSHIRE ICB - 02X","02X00","ASA MEDICAL GROUP","C86609","ARMTHORPE SURGERY","MERE LANE, ARMTHORPE","DONCASTER","SOUTH YORKSHIRE","DN3 2DB","1202010T0","Triamcinolone acetonide","1202010T0AAAAAA","Triamcinolone 55micrograms/dose nasal spray","12: Ear, Nose and Oropharynx","1.","3","3.","0.","22.17","21.10301","N","38750811000001108"
"2026-07","NORTH WEST","Y62","NHS CHESHIRE AND MERSEYSIDE INTEGRATED CARE BOARD","QYG","NHS CHESHIRE AND MERSEYSIDE ICB - 27D","27D00","YORK ROAD GROUP PRACTICE","N81063","YORK ROAD GROUP PRACTICE","YORK ROAD","ELLESMERE PORT","CHESHIRE","CH65 0DB","0913011N0","Ready to serve 1.5 kcal/ml milkshake (0913011)","0913011N0BEAAAA","Ensure Plus milkshake style liquid (8 flavours)","09: Nutrition and Blood","11200.","1","11200.","0.","88.48","84.08559","N","481311000001103"
"2026-07","SOUTH EAST","Y59","NHS THAMES VALLEY INTEGRATED CARE BOARD","S0E4D","NHS THAMES VALLEY ICB - U2G6B","U2G6B","BHARANI MEDICAL CENTRE","K81083","BHARANI MEDICAL CENTRE","450 BATH ROAD, CIPPENHAM","SLOUGH","BERKSHIRE","SL1 6BB","1202010Y0","Fluticasone propionate/azelastine hydrochloride (Nasal)","1202010Y0AAAAAA","Fluticasone propionate 50microg/Azelastine 137microg/dose","12: Ear, Nose and Oropharynx","1.","5","5.","0.","22.45","18.01152","N","21994411000001108"
"2026-07","SOUTH WEST","Y58","NHS GLOUCESTERSHIRE INTEGRATED CARE BOARD","QR1","NHS GLOUCESTERSHIRE ICB - 11M","11M00","SEVERNSIDE MEDICAL PRACTICE","L84052","QUAYSIDE HOUSE","QUAY STREET","GLOUCESTER","GLOUCESTERSHIRE","GL1 2TZ","0602010V0","Levothyroxine sodium","0602010V0AABXBX","Levothyroxine sodium 50microgram tablets","06: Endocrine System","28.","59","1652.","826.","42.48","34.69576","N","39698611000001106"
"2026-07","LONDON","Y56","NHS WEST AND NORTH LONDON INTEGRATED CARE BOARD","Z9B2Z","NHS WEST AND NORTH LONDON ICB - 93C","93C00","ENFIELD COMMUNITY SERVICES","Y03884","CEDAR HOUSE, ST MICHAEL'S","GATER DRIVE","ENFIELD","","EN2 0JB","2003","Wound Management & Other Dressings","20030900039","Mepilex Border Sacrum dressing 15cm x 15cm","20: Dressings","30.","4","120.","0.","430.8","388.33501","N","19453411000001107"
"2026-07","LONDON","Y56","NHS NORTH EAST LONDON INTEGRATED CARE BOARD","QMF","NHS NORTH EAST LONDON ICB - A3A8R","A3A8R","TOWER HAMLETS NETWORK 7 PCN-EAS","Y07467","NEWBY PLACE","21 NEWBY PLACE","","LONDON","E14 0EY","0403030Q0","Sertraline hydrochloride","0403030Q0AAAAAA","Sertraline 50mg tablets","04: Central Nervous System","56.","1","56.","56.","2.02","2.0324","N","39704111000001102"
"2026-07","NORTH WEST","Y62","NHS CHESHIRE AND MERSEYSIDE INTEGRATED CARE BOARD","QYG","NHS CHESHIRE AND MERSEYSIDE ICB - 01X","01X00","CENTRAL SURGERY","N83027","CENTRAL SURGERY","LOWE HSE, 103 CRAB STREET","ST HELENS","MERSEYSIDE","WA10 2DJ","130201000","Other emollient preparations","130201000BBMGCA","Doublebase emollient wash gel","13: Skin","400.","1","400.","0.","10.42","9.91342","N","15441611000001101"
"2026-07","NORTH EAST AND YORKSHIRE","Y63","NHS NORTH EAST AND NORTH CUMBRIA INTEGRATED CARE BOARD","QHM","NHS NORTH EAST AND NORTH CUMBRIA ICB - 00L","00L00","GUIDEPOST MEDICAL GROUP","A84020","GUIDEPOST MEDICAL GROUP","NORTH PARADE, GUIDEPOST","CHOPPINGTON","NORTHUMBERLAND","NE62 5RA","040201030","Risperidone","040201030AAAAAA","Risperidone 1mg tablets","04: Central Nervous System","112.","1","112.","22.4","4.65","3.83023","N","42278711000001101"
"2026-07","LONDON","Y56","NHS SOUTH EAST LONDON INTEGRATED CARE BOARD","QKK","NHS SOUTH EAST LONDON ICB - 72Q","72Q00","BEXLEY MEDICAL GROUP","G83053","171 KING HAROLDS WAY","","BEXLEYHEATH","KENT","DA7 5RB","0604011G0","Estradiol","0604011G0BFABBA","Evorel 25 patches","06: Endocrine System","16.","1","16.","0.","8.14","7.74698","N","2889111000001107"
"2026-07","LONDON","Y56","NHS WEST AND NORTH LONDON INTEGRATED CARE BOARD","Z9B2Z","NHS WEST AND NORTH LONDON ICB - W2U3Z","W2U3Z","GOLBORNE CANALSIDE HEALTH CENTRE","E87742","175A KENSAL ROAD","","","LONDON","W10 5DD","0205052C0","Candesartan cilexetil","0205052C0AAACAC","Candesartan 8mg tablets","02: Cardiovascular System","84.","2","168.","168.","7.38","7.4048","N","42372111000001105"
"2026-07","LONDON","Y56","NHS SOUTH EAST LONDON INTEGRATED CARE BOARD","QKK","NHS SOUTH EAST LONDON ICB - 72Q","72Q00","TRIVENI PMS","G83026","ESCREET GROVE SURGERY","ESCREET GROVE","WOOLWICH","LONDON","SE18 5TE","0601060D0","Glucose blood testing reagents","0601060D0CUACA0","GlucoRx HCT Glucose testing strips","06: Endocrine System","50.","1","50.","0.","8.95","8.07915","N","31362211000001105"
"2026-07","NORTH WEST","Y62","NHS GREATER MANCHESTER INTEGRATED CARE BOARD","QOP","NHS GREATER MANCHESTER ICB - 01D","01D00","DURNFORD MEDICAL CENTRE","P86019","DURNFORD MEDICAL CENTRE","113 LONG STREET","MIDDLETON","MANCHESTER","M24 6DL","0901020D0","Cyanocobalamin","0901020D0AAAEAE","Cyanocobalamin 50microgram tablets","09: Nutrition and Blood","56.","8","448.","0.","53.28","54.1792","N","41984111000001100"
"2026-07","SOUTH EAST","Y59","NHS HAMPSHIRE AND ISLE OF WIGHT INTEGRATED CARE BOARD","QRL","NHS HAMPSHIRE AND ISLE OF WIGHT ICB - D9Y0V","D9Y0V","BLOSSOM HEALTH","J82646","82 PARK LANE","BEDHAMPTON","","HAMPSHIRE","PO9 3HN","0408010AE","Pregabalin","0408010AEAAABAB","Pregabalin 50mg capsules","04: Central Nervous System","336.","1","336.","56.","7.72","7.7324","N","42135611000001100"
"2026-07","EAST OF ENGLAND","Y61","NHS NORFOLK AND SUFFOLK INTEGRATED CARE BOARD","T6Y0W","NHS NORFOLK AND SUFFOLK ICB - 06L","06L00","CONSTABLE COUNTRY RURAL MEDICAL PRACTICE","D83001","CONSTABLE COUNTRY MP","HEATH ROAD, EAST BERGHOLT","COLCHESTER","ESSEX","CO7 6RT","0103010H0","Famotidine","0103010H0AAAAAA","Famotidine 20mg tablets","01: Gastro-Intestinal System","28.","59","1652.","826.","67.26","54.50819","N","42354011000001101"
"2026-07","SOUTH EAST","Y59","NHS SURREY AND SUSSEX INTEGRATED CARE BOARD","S9B9J","NHS SURREY AND SUSSEX ICB - 70F","70F00","SELDEN MEDICAL CENTRE","H82061","SELDEN MEDICAL CENTRE","6 SELDEN ROAD","WORTHING","WEST SUSSEX","BN11 2LL","0408010AE","Pregabalin","0408010AEAAADAD","Pregabalin 100mg capsules","04: Central Nervous System","70.","1","70.","23.33333","1.52","1.6324","N","42135011000001107"
"2026-07","NORTH EAST AND YORKSHIRE","Y63","NHS NORTH EAST AND NORTH CUMBRIA INTEGRATED CARE BOARD","QHM","NHS NORTH EAST AND NORTH CUMBRIA ICB - 00L","00L00","NORTHUMBERLAND COMMUNITY SERVICE","Y04169","NORTHUMBRIA H/CARE NHS FT","UNIT 7/8 SILVERFOX WAY","NEWCASTLE UPON TYNE","","NE27 0QJ","0407020AD","Oxycodone hydrochloride","0407020ADAAAFAF","Oxycodone 10mg modified-release tablets","04: Central Nervous System","56.","1","56.","9.33333","25.04","25.0524","N","36129511000001101"
"2026-07","NORTH EAST AND YORKSHIRE","Y63","NHS HUMBER AND NORTH YORKSHIRE INTEGRATED CARE BOARD","QOQ","NHS HUMBER AND NORTH YORKSHIRE ICB - 42D","42D00","THE LEEDS ROAD PRACTICE","B82012","LEEDS ROAD PRACTICE","49-51 LEEDS ROAD","HARROGATE","NORTH YORKSHIRE","HG2 8AY","0209000A0","Aspirin","0209000A0AAAJAJ","Aspirin 75mg tablets","02: Cardiovascular System","28.","1","28.","14.","2.9","2.57724","N","34175711000001102"
"2026-07","NORTH EAST AND YORKSHIRE","Y63","NHS WEST YORKSHIRE INTEGRATED CARE BOARD","QWO","NHS WEST YORKSHIRE ICB - 15F","15F00","OULTON MEDICAL CENTRE","B86006","OULTON MEDICAL CENTRE","QUARRY HILL, OULTON","LEEDS","","LS26 8SZ","0403030Z0","Citalopram hydrochloride","0403030Z0AAAAAA","Citalopram 40mg/ml oral drops sugar free","04: Central Nervous System","15.","7","105.","210.","55.23","44.24501","N","42269611000001105"
"2026-07","EAST OF ENGLAND","Y61","NHS ESSEX INTEGRATED CARE BOARD","D7T5G","NHS ESSEX ICB - 06Q","06Q00","WILLIAM FISHER MED.CTR.","F81130","WILLIAM FISHER MED.CTR","HIGH STREET","SOUTHMINSTER","ESSEX","CM0 7AY","2305","Adhesive Discs/Rings/Pads/Plasters","23051009001","Brava elastic tape","23: Stoma Appliances","120.","1","120.","0.","86.82","86.82","N","20501711000001100"
"2026-07","EAST OF ENGLAND","Y61","NHS CENTRAL EAST INTEGRATED CARE BOARD","S1Y5D","NHS CENTRAL EAST ICB - 06K","06K00","DOLPHIN HOUSE SURGERY","E82092","6-7 EAST STREET","","WARE","HERTFORDSHIRE","SG12 9HJ","0206010I0","Isosorbide dinitrate","0206010I0AAAEAE","Isosorbide dinitrate 20mg tablets","02: Cardiovascular System","28.","4","112.","0.","25.84","21.10953","N","42212111000001105"
"2026-07","SOUTH WEST","Y58","NHS BATH AND NORTH EAST SOMERSET, SWINDON AND WILTSHIRE INTEGRATED CARE BOARD","QOX","NHS BATH AND NORTH EAST SOMERSET, SWINDON AND WILTSHIRE ICB - 92G","92G00","CRICKLADE SURGERY","J83609","CRICKLADE SURGERY","113 HIGH STREET","CRICKLADE","SWINDON","SN6 6AE","0302000AA","BeclometDiprop/Formoterol/Glycopyrronium (Corticosteroids)","0302000AABBABAB","Trimbow 172microg/dose / 5microg/dose / 9microg/dose inh","03: Respiratory System","1.","3","3.","0.","133.5","133.5372","N","40752211000001109"
"2026-07","NORTH WEST","Y62","NHS GREATER MANCHESTER INTEGRATED CARE BOARD","QOP","NHS GREATER MANCHESTER ICB - 01G","01G00","NEWBURY GREEN MEDICAL PRACTICE","P87026","NEWBURY PLACE HEALTH CTR","55 RIGBY STREET","SALFORD","","M7 4NX","0204000R0","Propranolol hydrochloride","0204000R0AAAAAA","Propranolol 80mg modified-release capsules","02: Cardiovascular System","28.","2","56.","37.33333","9.9","9.43172","N","38751111000001107"
"2026-07","NORTH EAST AND YORKSHIRE","Y63","NHS SOUTH YORKSHIRE INTEGRATED CARE BOARD","QF7","NHS SOUTH YORKSHIRE ICB - 02P","02P00","BHF LUNDWOOD SURGERY","Y05364","LUNDWOOD PRIORY CAMPUS","PONTEFRACT ROAD,LUNDWOOD","BARNSLEY","SOUTH YORKSHIRE","S71 5PN","0401010Z0","Zopiclone","0401010Z0AAAAAA","Zopiclone 7.5mg tablets","04: Central Nervous System","7.","28","196.","196.","5.88","7.84845","N","42139411000001100"
"2026-07","NORTH EAST AND YORKSHIRE","Y63","NHS WEST YORKSHIRE INTEGRATED CARE BOARD","QWO","NHS WEST YORKSHIRE ICB - 15F","15F00","GIBSON LANE PRACTICE","B86036","GIBSON LANE PRACTICE","GIBSON LANE, KIPPAX","LEEDS","WEST YORKSHIRE","LS25 7JN","0206010K0","Isosorbide mononitrate","0206010K0AAAEAE","Isosorbide mononitrate 60mg modified-release tablets","02: Cardiovascular System","14.","3","42.","0.","15.75","15.30276","N","39024311000001107"
"2026-07","SOUTH WEST","Y58","NHS DORSET INTEGRATED CARE BOARD","QVV","NHS DORSET ICB - 11J","11J00","THE HARVEY PRACTICE","J81046","THE HARVEY PRACTICE","18 KIRKWAY","BROADSTONE","DORSET","BH18 8EE","0601011A0","Insulin aspart","0601011A0BBAFAD","NovoRapid PumpCart 100units/ml inj 1.6ml cartridges","06: Endocrine System","40.","2","80.","0.","241.6","241.6248","N","26209611000001109"
"2026-07","LONDON","Y56","NHS NORTH EAST LONDON INTEGRATED CARE BOARD","QMF","NHS NORTH EAST LONDON ICB - A3A8R","A3A8R","THE ALLUM MEDICAL CENTRE","F86036","THE ALLUM MEDICAL CENTRE","FAIRLOP ROAD","LEYTONSTONE","LONDON","E11 1BN","0402010A0","Amisulpride","0402010A0AAABAB","Amisulpride 50mg tablets","04: Central Nervous System","7.","4","28.","3.5","1.48","1.63291","N","42267911000001106"
"2026-07","NORTH WEST","Y62","NHS CHESHIRE AND MERSEYSIDE INTEGRATED CARE BOARD","QYG","NHS CHESHIRE AND MERSEYSIDE ICB - 99A","99A00","VAUXHALL HEALTH CENTRE","N82115","VAUXHALL HEALTH CENTRE","LIMEKILN LANE, VAUXHALL","LIVERPOOL","","L5 8XR","0209000A0","Aspirin","0209000A0AAABAB","Aspirin 75mg dispersible tablets","02: Cardiovascular System","84.","1","84.","42.","8.85","8.8624","N","42291811000001106"
"2026-07","LONDON","Y56","NHS WEST AND NORTH LONDON INTEGRATED CARE BOARD","Z9B2Z","NHS WEST AND NORTH LONDON ICB - W2U3Z","W2U3Z","LANFRANC MEDICAL CENTRE","E84083","LANFRANC MEDICAL CENTRE","LANFRANC COURT","GREENFORD ROAD,HARROW","MIDDLESEX","HA1 3QE","2101","Other Appliances","21010900606","BD AutoShield Duo hypod insulin needles for pre-filled / reusable pen injectors screw on 5mm/30gauge","21: Appliances","200.","1","200.","0.","50.","45.07802","N","19881711000001104"
"2026-07","LONDON","Y56","NHS SOUTH WEST LONDON INTEGRATED CARE BOARD","QWE","NHS SOUTH WEST LONDON ICB - 36L","36L00","TOOTING SOUTH MEDICAL CENTRE","H85680","TOOTING SOUTH MEDICAL CTR","22 OTTERBURN STREET","TOOTING","LONDON","SW17 9HQ","0205052N0","Losartan potassium","0205052N0AAAAAA","Losartan 25mg tablets","02: Cardiovascular System","28.","19","532.","266.","13.11","10.71748","N","42376811000001102"
"2026-07","SOUTH EAST","Y59","NHS THAMES VALLEY INTEGRATED CARE BOARD","S0E4D","NHS THAMES VALLEY ICB - 14Y","14Y00","WATER MEADOW SURGERY","K82037","WATER MEADOW SURGERY","RED LION STREET","CHESHAM","BUCKINGHAMSHIRE","HP5 1ET","0802010G0","Azathioprine","0802010G0AAAEAE","Azathioprine 50mg tablets","08: Malignant Disease and Immunosuppression","56.","6","336.","0.","9.06","9.1344","N","41759311000001100"
"2026-07","NORTH EAST AND YORKSHIRE","Y63","NHS HUMBER AND NORTH YORKSHIRE INTEGRATED CARE BOARD","QOQ","NHS HUMBER AND NORTH YORKSHIRE ICB - 42D","42D00","PICKERING MEDICAL PRACTICE","B82033","PICKERING SURGERY","SOUTHGATE","PICKERING","NORTH YORKSHIRE","YO18 8BL","0702020F0","Clotrimazole","0702020F0AAAFAF","Clotrimazole 500mg pessaries","07: Obstetrics, Gynaecology and Urinary-Tract Disorders","1.","1","1.","0.","9.19","9.2024","N","39705811000001105"
"2026-07","SOUTH EAST","Y59","NHS KENT AND MEDWAY INTEGRATED CARE BOARD","QKS","NHS KENT AND MEDWAY ICB - 91Q","91Q00","THE LIMES MEDICAL CENTRE","G82052","THE LIMES MEDICAL CENTRE","TRINITY SQUARE","MARGATE","KENT","CT9 1QY","1003020I0","Diethylamine salicylate","1003020I0BBAAAA","Algesal cream","10: Musculoskeletal and Joint Diseases","100.","1","100.","0.","3.84","3.66115","N","439911000001107"
"2026-07","LONDON","Y56","NHS WEST AND NORTH LONDON INTEGRATED CARE BOARD","Z9B2Z","NHS WEST AND NORTH LONDON ICB - W2U3Z","W2U3Z","THE BARNABAS MEDICAL CTRE","E85127","THE BARNABAS MEDICAL CTRE","GIRTON ROAD","NORTHOLT","MIDDLESEX","UB5 4SR","2130","Eye Products","21300000913","Hylo Night eye ointment preservative free","21: Appliances","15.","1","15.","0.","8.25","7.44823","N","38423911000001100"
"2026-07","SOUTH EAST","Y59","NHS HAMPSHIRE AND ISLE OF WIGHT INTEGRATED CARE BOARD","QRL","NHS HAMPSHIRE AND ISLE OF WIGHT ICB - D9Y0V","D9Y0V","THE OAKLEY HEALTH GROUP","J82049","51 FROGMORE ROAD","BLACKWATER","CAMBERLEY","SURREY","GU17 0DD","0205052Q0","Telmisartan","0205052Q0AAABAB","Telmisartan 80mg tablets","02: Cardiovascular System","56.","7","392.","784.","28.42","22.80953","N","42383211000001102"
"2026-07","LONDON","Y56","NHS NORTH EAST LONDON INTEGRATED CARE BOARD","QMF","NHS NORTH EAST LONDON ICB - A3A8R","A3A8R","CENTRAL PARK SURGERY","F82016","HAROLD HILL HEALTH CENTRE","GOOSHAYS DRIVE","HAROLD HILL, ROMFORD","ESSEX","RM3 9SU","0302000AB","BeclometDiprop/Formoterol","0302000ABBFABAD","Luforbec 200micrograms/dose / 6micrograms/dose inhaler","03: Respiratory System","1.","3","3.","0.","41.94","41.9772","N","40852311000001103"
"2026-07","NORTH EAST AND YORKSHIRE","Y63","NHS WEST YORKSHIRE INTEGRATED CARE BOARD","QWO","NHS WEST YORKSHIRE ICB - 02T","02T00","LONGROYDE SURGERY","B84623","LONGROYDE SURGERY","38 CASTLE AVENUE","RASTRICK,BRIGHOUSE","WEST YORKSHIRE","HD6 3HT","0906040G0","Colecalciferol","0906040G0DFAFEQ","InVita D3 50,000unit capsules","09: Nutrition and Blood","6.","12","72.","0.","118.8","113.03188","N","34239711000001100"
"2026-07","NORTH WEST","Y62","NHS CHESHIRE AND MERSEYSIDE INTEGRATED CARE BOARD","QYG","NHS CHESHIRE AND MERSEYSIDE ICB - 27D","27D00","DANEBRIDGE MEDICAL CENTRE","N81087","DANEBRIDGE MEDICAL CENTRE","LONDON ROAD","NORTHWICH","CHESHIRE","CW9 5HR","1201010AC","Ciprofloxacin","1201010ACBBABAB","Cetraxal 2mg/ml ear drops 0.25ml unit dose","12: Ear, Nose and Oropharynx","15.","1","15.","0.","6.01","5.72307","N","34940611000001101"
"2026-07","MIDLANDS","Y60","NHS NOTTINGHAM AND NOTTINGHAMSHIRE INTEGRATED CARE BOARD","QT1","NHS NOTTINGHAM AND NOTTINGHAMSHIRE ICB - 52R","52R00","RADCLIFFE-ON-TRENT. HEALTH CENTRE","C84084","RADCLIFFE-ON-TRENT H/C","MAIN RD,R/CLIFFE-ON-TRENT","NOTTINGHAM","","NG12 2GD","0206040AE","Naftidrofuryl oxalate","0206040AEAAAAAA","Naftidrofuryl 100mg capsules","02: Cardiovascular System","84.","1","84.","0.","10.7","10.7124","N","41986811000001100"
"2026-07","MIDLANDS","Y60","NHS COVENTRY AND WARWICKSHIRE INTEGRATED CARE BOARD","QWU","NHS COVENTRY AND WARWICKSHIRE ICB - B2M3M","B2M3M","ENGLETON HOUSE SURGERY","M86009","ENGLETON HOUSE SURGERY","2 VILLA ROAD","COVENTRY","WEST MIDLANDS","CV6 3HZ","0606020A0","Alendronic acid","0606020A0AAACAC","Alendronic acid 70mg tablets","06: Endocrine System","4.","86","344.","2408.","73.96","60.19986","N","39731311000001108"
"2026-07","MIDLANDS","Y60","NHS BLACK COUNTRY INTEGRATED CARE BOARD","QUA","NHS BLACK COUNTRY ICB - D2P2L","D2P2L","PINFOLD MEDICAL","M91650","PINFOLD HEALTH CENTRE","FIELD ROAD","BLOXWICH, WALSALL","WEST MIDLANDS","WS3 3JP","0704050Z0","Sildenafil (Erectile Dysfunction)","0704050Z0AAABAB","Sildenafil 25mg tablets","07: Obstetrics, Gynaecology and Urinary-Tract Disorders","4.","1","4.","0.","0.68","0.55608","N","42089511000001103"
"2026-07","SOUTH WEST","Y58","NHS SOMERSET INTEGRATED CARE BOARD","QSL","NHS SOMERSET ICB - 11X","11X00","AXBRIDGE SURGERY","L85055","AXBRIDGE SURGERY","HOULGATE WAY","AXBRIDGE","SOMERSET","BS26 2BJ","0407020Q0","Morphine sulfate","0407020Q0BKABEG","Zomorph 30mg modified-release capsules","04: Central Nervous System","120.","1","120.","36.","16.6","16.6124","N","3651611000001107"
"2026-07","NORTH EAST AND YORKSHIRE","Y63","NHS HUMBER AND NORTH YORKSHIRE INTEGRATED CARE BOARD","QOQ","NHS HUMBER AND NORTH YORKSHIRE ICB - 03F","03F00","CAMPUS HEALTH CENTRE","B81104","187 COTTINGHAM ROAD","","HULL","EAST YORKSHIRE","HU5 2EG","0103050P0","Omeprazole","0103050P0AAANAN","Omeprazole 20mg dispersible gastro-resistant tablets","01: Gastro-Intestinal System","14.","1","14.","14.","6.73","6.50721","N","39021511000001103"
"2026-07","SOUTH EAST","Y59","NHS KENT AND MEDWAY INTEGRATED CARE BOARD","QKS","NHS KENT AND MEDWAY ICB - 91Q","91Q00","HIGH STREET SURGERY","G82117","THE HIGH STREET SURGERY","100 HIGH STREET","DOVER","KENT","CT16 1EQ","0408010A0","Levetiracetam","0408010A0BBAEAI","Keppra 750mg tablets","04: Central Nervous System","56.","1","56.","28.","78.42","78.5324","N","8171111000001104"
"2026-07","MIDLANDS","Y60","NHS STAFFORDSHIRE AND STOKE-ON-TRENT INTEGRATED CARE BOARD","QNC","NHS STAFFORDSHIRE AND STOKE-ON-TRENT ICB - 05V","05V00","BREWOOD MEDICAL PRACTICE","M83009","KIDDEMORE GREEN ROAD","BREWOOD","STAFFORD","","ST19 9BQ","0407010P0","Nefopam hydrochloride","0407010P0AAABAB","Nefopam 30mg tablets","04: Central Nervous System","84.","2","168.","42.","9.36","9.5848","N","42296811000001101"
"2026-07","MIDLANDS","Y60","NHS LINCOLNSHIRE INTEGRATED CARE BOARD","QJM","NHS LINCOLNSHIRE ICB - 71E","71E00","LIQUORPOND SURGERY","C83004","LIQUORPOND SURGERY","10 LIQUORPOND STREET","BOSTON","LINCOLNSHIRE","PE21 8UE","1001010P0","Naproxen","1001010P0AAAEAE","Naproxen 500mg tablets","10: Musculoskeletal and Joint Diseases","56.","104","5824.","3882.66666","270.4","217.48333","N","42107811000001100"
"2026-07","EAST OF ENGLAND","Y61","NHS NORFOLK AND SUFFOLK INTEGRATED CARE BOARD","T6Y0W","NHS NORFOLK AND SUFFOLK ICB - 26A","26A00","CASTLE PARTNERSHIP","D82011","GURNEY SURGERY","40 FISHERGATE","NORWICH","NORFOLK","NR3 1SE","0905011D0","Calcium carbonate","0905011D0AAAKAK","Calcium carbonate 1.5g chewable tablets sugar free","09: Nutrition and Blood","28.","2","56.","0.","4.88","4.86175","N","41982611000001100"
"2026-07","MIDLANDS","Y60","NHS NOTTINGHAM AND NOTTINGHAMSHIRE INTEGRATED CARE BOARD","QT1","NHS NOTTINGHAM AND NOTTINGHAMSHIRE ICB - 52R","52R00","BILBOROUGH MEDICAL CENTRE","Y06356","48 BRACEBRIDGE DRIVE","BILBOROUGH","NOTTINGHAM","","NG8 4PN","2122","Emollients","21220000115","Dermatonics Once Heel Balm","21: Appliances","75.","3","225.","0.","11.49","10.39328","N","15550211000001102"
"2026-07","MIDLANDS","Y60","NHS HEREFORDSHIRE AND WORCESTERSHIRE INTEGRATED CARE BOARD","QGH","NHS HEREFORDSHIRE AND WORCESTERSHIRE ICB - 18C","18C00","KIDDERMINSTER MEDICAL CENTRE","M81010","KIDDERMINSTER MEDICAL CTR","WATERLOO STREET","KIDDERMINSTER","WORCESTERSHIRE","DY10 2BG","1105000B0","Atropine sulfate","1105000B0AAAJAJ","Atropine 1% eye drops 0.5ml unit dose preservative free","11: Eye","60.","1","60.","0.","54.81","52.09255","N","35904611000001107"
"2026-07","SOUTH WEST","Y58","NHS CORNWALL AND THE ISLES OF SCILLY INTEGRATED CARE BOARD","QT6","NHS CORNWALL AND THE ISLES OF SCILLY ICB - 11N","11N00","CARN TO COAST HEALTH CENTRES","L82041","POOL HEALTH CENTRE","STATION ROAD, POOL","REDRUTH","CORNWALL","TR15 3DU","0204000E0","Atenolol","0204000E0AAACAC","Atenolol 100mg tablets","02: Cardiovascular System","7.","8","56.","74.66667","1.52","1.35083","N","42370411000001101"
"2026-07","SOUTH EAST","Y59","NHS HAMPSHIRE AND ISLE OF WIGHT INTEGRATED CARE BOARD","QRL","NHS HAMPSHIRE AND ISLE OF WIGHT ICB - D9Y0V","D9Y0V","TESTVALE SURGERY","J82132","TESTVALE SURGERY","12 SALISBURY ROAD","TOTTON, SOUTHAMPTON","HAMPSHIRE","SO40 3PY","0603010I0","Fludrocortisone acetate","0603010I0AAACAC","Fludrocortisone 100microgram tablets","06: Endocrine System","28.","1","28.","0.","2.62","2.10718","N","42082611000001106"
"2026-07","SOUTH WEST","Y58","NHS SOMERSET INTEGRATED CARE BOARD","QSL","NHS SOMERSET ICB - 11X","11X00","QUEEN CAMEL MEDICAL CENTRE","L85044","WEST CAMEL ROAD","QUEEN CAMEL","YEOVIL","SOMERSET","BA22 7LT","0307000J0","Carbocisteine","0307000J0AAAAAA","Carbocisteine 375mg capsules","03: Respiratory System","60.","1","60.","0.","1.66","1.47525","N","42292811000001102"
"2026-07","EAST OF ENGLAND","Y61","NHS CENTRAL EAST INTEGRATED CARE BOARD","S1Y5D","NHS CENTRAL EAST ICB - M1J4Y","M1J4Y","LARKSIDE PRACTICE","E81026","CHURCHFIELD MEDICAL CTR","322 CRAWLEY GREEN ROAD","LUTON","BEDFORDSHIRE","LU2 9SB","0206020R0","Nifedipine","0206020R0CBABAR","Nifedipress MR 20 tablets (Dexcel-Pharma)","02: Cardiovascular System","168.","1","168.","112.","30.18","28.68926","N","619111000001101"
"2026-07","NORTH WEST","Y62","NHS LANCASHIRE AND SOUTH CUMBRIA INTEGRATED CARE BOARD","QE1","NHS LANCASHIRE AND SOUTH CUMBRIA ICB - 00Q","00Q00","OAKENHURST MEDICAL PRACTICE","P81125","BARBARA CASTLE WAY HC","SIMMONS STREET","BLACKBURN","LANCASHIRE","BB2 1AX","0704020AA","Duloxetine hydrochloride","0704020AAAAAAAA","Duloxetine 20mg gastro-resistant capsules","07: Obstetrics, Gynaecology and Urinary-Tract Disorders","20.","2","40.","13.33333","3.74","3.21505","N","8013111000001100"
"2026-07","NORTH WEST","Y62","NHS GREATER MANCHESTER INTEGRATED CARE BOARD","QOP","NHS GREATER MANCHESTER ICB - 02H","02H00","PENNYGATE MEDICAL CENTRE","P92016","PENNYGATE MEDICAL CENTRE","109 LADIES LANE, HINDLEY","WIGAN","LANCASHIRE","WN2 2QG","0601021M0","Gliclazide","0601021M0AAARAR","Gliclazide 40mg tablets","06: Endocrine System","28.","13","364.","91.","10.79","10.9512","N","16702011000001102"
"2026-07","MIDLANDS","Y60","NHS LINCOLNSHIRE INTEGRATED CARE BOARD","QJM","NHS LINCOLNSHIRE ICB - 71E","71E00","VINE STREET SURGERY","C83075","VINE HOUSE","VINE STREET","GRANTHAM","LINCOLNSHIRE","NG31 6RQ","0601011L0","Insulin Lispro","0601011L0BBAIAF","Humalog Junior KwikPen 100units/ml inj 3ml pre-filled pens","06: Endocrine System","5.","2","10.","0.","58.92","58.9448","N","35216811000001101"
"2026-07","MIDLANDS","Y60","NHS NORTHAMPTONSHIRE INTEGRATED CARE BOARD","QPM","NHS NORTHAMPTONSHIRE ICB - 78H","78H00","EARLS BARTON MEDICAL CENTRE","K83601","8 AGGATE WAY","EARLS BARTON","NORTHAMPTON","NORTHAMPTONSHIRE","NN6 0EU","0407020Q0","Morphine sulfate","0407020Q0BBABAL","MST Continus 30mg tablets","04: Central Nervous System","60.","1","60.","18.","12.47","12.4824","N","3078711000001103"
"2026-07","LONDON","Y56","NHS NORTH EAST LONDON INTEGRATED CARE BOARD","QMF","NHS NORTH EAST LONDON ICB - A3A8R","A3A8R","LATHOM ROAD MEDICAL CENTRE","F84070","LATHOM ROAD MED CTR","2A LATHOM ROAD","EAST HAM","LONDON","E6 2DU","0403040W0","Venlafaxine","0403040W0AAALAL","Venlafaxine 225mg modified-release tablets","04: Central Nervous System","30.","2","60.","135.","67.2","63.87785","N","15439111000001107"
"2026-07","SOUTH EAST","Y59","NHS SURREY AND SUSSEX INTEGRATED CARE BOARD","S9B9J","NHS SURREY AND SUSSEX ICB - 70F","70F00","BROADWATER MEDICAL CENTRE","H82046","5-11 BROADWATER BOULEVARD","","WORTHING","WEST SUSSEX","BN14 8JE","2101","Other Appliances","21010900637","Glucoject lancets PLUS 0.2mm/33gauge","21: Appliances","100.","1","100.","0.","3.77","3.41035","N","24530611000001106"
"2026-07","SOUTH WEST","Y58","NHS CORNWALL AND THE ISLES OF SCILLY INTEGRATED CARE BOARD","QT6","NHS CORNWALL AND THE ISLES OF SCILLY ICB - 11N","11N00","VEOR SURGERY","L82044","VEOR SURGERY","SOUTH TERRACE","CAMBORNE","CORNWALL","TR14 8SN","0601021M0","Gliclazide","0601021M0AAAAAA","Gliclazide 80mg tablets","06: Endocrine System","84.","1","84.","42.","2.28","1.83534","N","42082911000001100"
"2026-07","MIDLANDS","Y60","NHS NORTHAMPTONSHIRE INTEGRATED CARE BOARD","QPM","NHS NORTHAMPTONSHIRE ICB - 78H","78H00","THE SAXON SPIRES PRACTICE","K83064","WEST HADDON ROAD","GUILSBOROUGH","NORTHAMPTON","NORTHAMPTONSHIRE","NN6 8QE","0302000AB","BeclometDiprop/Formoterol","0302000ABBBAAAA","Fostair NEXThaler 100microg/dose / 6microg/dose dry pdr inh","03: Respiratory System","2.","2","4.","0.","117.28","107.84537","N","26112111000001106"
"2026-07","NORTH EAST AND YORKSHIRE","Y63","NHS WEST YORKSHIRE INTEGRATED CARE BOARD","QWO","NHS WEST YORKSHIRE ICB - X2C4Y","X2C4Y","THE JUNCTION SURGERY","B85660","THE JUNCTION SURGERY","BIRKHOUSE LANE, MOLDGREEN","HUDDERSFIELD","WEST YORKSHIRE","HD5 8BE","040201030","Risperidone","040201030AAABAB","Risperidone 2mg tablets","04: Central Nervous System","56.","4","224.","89.6","5.68","4.99095","N","42278911000001104"
"2026-07","NORTH EAST AND YORKSHIRE","Y63","NHS WEST YORKSHIRE INTEGRATED CARE BOARD","QWO","NHS WEST YORKSHIRE ICB - X2C4Y","X2C4Y","LINDLEY GROUP PRACTICE LTD","B85027","THE LINDLEY GROUP PRACT","62 ACRE STREET, LINDLEY","HUDDERSFIELD","WEST YORKSHIRE","HD3 3DY","1108010B0","Carbomer 940/980","1108010B0BBABAC","Viscotears 2mg/g eye gel 0.6ml unit dose","11: Eye","30.","1","30.","0.","5.42","5.16245","N","3154811000001107"
"2026-07","NORTH WEST","Y62","NHS GREATER MANCHESTER INTEGRATED CARE BOARD","QOP","NHS GREATER MANCHESTER ICB - 00T","00T00","MANDALAY MEDICAL CENTRE","P82023","MANDALAY MEDICAL CENTRE","933 BLACKBURN RD,SHARPLES","BOLTON","","BL1 7LR","2380","Skin Fillers And Protectives","23803068001","Medi Derma-S barrier cream","23: Stoma Appliances","84.","1","84.","0.","8.94","8.07013","N","17835111000001102"
"2026-07","MIDLANDS","Y60","NHS STAFFORDSHIRE AND STOKE-ON-TRENT INTEGRATED CARE BOARD","QNC","NHS STAFFORDSHIRE AND STOKE-ON-TRENT ICB - 05V","05V00","HOLMCROFT","M83049","HOLMCROFT SURGERY","HOLMCROFT ROAD","STAFFORD","STAFFORDSHIRE","ST16 1JG","0601012V0","Insulin glargine","0601012V0BBAEAD","Lantus 100units/ml inj 3ml pre-filled SoloStar pens","06: Endocrine System","2.","2","4.","0.","27.8","28.0248","N","11933011000001106"
"2026-07","LONDON","Y56","NHS SOUTH WEST LONDON INTEGRATED CARE BOARD","QWE","NHS SOUTH WEST LONDON ICB - 36L","36L00","DENMARK ROAD SURGERY","Y05318","WOODSIDE HEALTH CENTRE","3 ENMORE ROAD","SOUTH NORWOOD","LONDON","SE25 5NT","1202010Y0","Fluticasone propionate/azelastine hydrochloride (Nasal)","1202010Y0AAAAAA","Fluticasone propionate 50microg/Azelastine 137microg/dose","12: Ear, Nose and Oropharynx","1.","4","4.","0.","17.96","14.40921","N","21994411000001108"
"2026-07","NORTH EAST AND YORKSHIRE","Y63","NHS HUMBER AND NORTH YORKSHIRE INTEGRATED CARE BOARD","QOQ","NHS HUMBER AND NORTH YORKSHIRE ICB - 42D","42D00","HAXBY GROUP SCARBOROUGH","B82038","LAWRENCE HOUSE MED CTR","1A BELGRAVE CRESCENT","SCARBOROUGH","","YO11 1UB","1304000N0","Fluocinolone acetonide","1304000N0BBAAAB","Synalar 0.025% cream","13: Skin","30.","1","30.","0.","4.14","3.9462","N","264611000001109"
"2026-07","SOUTH EAST","Y59","NHS THAMES VALLEY INTEGRATED CARE BOARD","S0E4D","NHS THAMES VALLEY ICB - 15A","15A00","PARKSIDE PRACTICE","K81045","GREEN ROAD SURGERY","224 WOKINGHAM ROAD","READING","BERKSHIRE","RG6 1JS","2122","Emollients","21220000128","Hydromol Bath & Shower emollient","21: Appliances","1000.","2","2000.","0.","19.56","17.65447","N","3004211000001107"
"2026-07","EAST OF ENGLAND","Y61","NHS NORFOLK AND SUFFOLK INTEGRATED CARE BOARD","T6Y0W","NHS NORFOLK AND SUFFOLK ICB - 06L","06L00","MARTLESHAM SURGERY","D83080","MARTLESHAM HEALTH SURGERY","23 THE SQUARE","MARTLESHAM","SUFFOLK","IP5 3SL","0913011W0","RtS  2.4 kcal/ml m/sk lower volume, higher protein (0913011)","0913011W0BCAAAC","Fresubin 3.2kcal drink (4 flavours)","09: Nutrition and Blood","2000.","1","2000.","0.","41.44","41.4524","N","35095111000001108"
"2026-07","SOUTH EAST","Y59","NHS THAMES VALLEY INTEGRATED CARE BOARD","S0E4D","NHS THAMES VALLEY ICB - U2G6B","U2G6B","THE CEDARS SURGERY","K81036","THE CEDARS SURGERY","WILDERNESS MEDICAL CTR","8 COOKHAM ROAD","MAIDENHEAD, BERKSHIRE","SL6 8AJ","0205052AE","Sacubitril/valsartan","0205052AEBBAAAA","Entresto 49mg/51mg tablets","02: Cardiovascular System","112.","1","112.","0.","183.12","183.1324","N","31136411000001107"
"2026-07","NORTH WEST","Y62","NHS CHESHIRE AND MERSEYSIDE INTEGRATED CARE BOARD","QYG","NHS CHESHIRE AND MERSEYSIDE ICB - 99A","99A00","LONG LANE","N82110","LONG LANE MEDICAL CENTRE","LONG LANE, AINTREE","LIVERPOOL","MERSEYSIDE","L9 6DQ","0906040G0","Colecalciferol","0906040G0BRABBW","Calcichew D3 Forte chewable tablets","09: Nutrition and Blood","28.","2","56.","0.","3.96","3.98757","N","45611000001108"
"2026-07","LONDON","Y56","NHS SOUTH EAST LONDON INTEGRATED CARE BOARD","QKK","NHS SOUTH EAST LONDON ICB - 72Q","72Q00","THE CHISLEHURST PARTNERSHIP","G84010","THE CHISLEHURST MED PRACT","42 HIGH STREET","CHISLEHURST","KENT","BR7 5AQ","1001010J0","Ibuprofen","1001010J0AAAEAE","Ibuprofen 400mg tablets","10: Musculoskeletal and Joint Diseases","84.","1","84.","28.","2.59","2.08319","N","42104911000001104"
"2026-07","MIDLANDS","Y60","NHS BLACK COUNTRY INTEGRATED CARE BOARD","QUA","NHS BLACK COUNTRY ICB - D2P2L","D2P2L","CASTLE MEADOWS SURGERY","M87620","CASTLE MEADOWS SURGERY","100 MILKING BANK","DUDLEY","WEST MIDLANDS","DY1 2TY","0407020G0","Dihydrocodeine tartrate","0407020G0AAACAC","Dihydrocodeine 30mg tablets","04: Central Nervous System","100.","1","100.","25.","6.5","5.20936","N","39708511000001104"
"2026-07","SOUTH WEST","Y58","NHS BATH AND NORTH EAST SOMERSET, SWINDON AND WILTSHIRE INTEGRATED CARE BOARD","QOX","NHS BATH AND NORTH EAST SOMERSET, SWINDON AND WILTSHIRE ICB - 92G","92G00","SARUM HEALTH GROUP","J83052","MILLSTREAM MEDICAL CENTRE","AVON APPROACH","SALISBURY","WILTSHIRE","SP1 3SL","0206020K0","Lacidipine","0206020K0AAABAB","Lacidipine 4mg tablets","02: Cardiovascular System","28.","1","28.","28.","2.99","3.0024","N","42212911000001108"
"2026-07","MIDLANDS","Y60","NHS COVENTRY AND WARWICKSHIRE INTEGRATED CARE BOARD","QWU","NHS COVENTRY AND WARWICKSHIRE ICB - B2M3M","B2M3M","PARK LEYS MEDICAL PRACTICE","M84012","PARK LEYS MED PRACTICE","KERESLEY GREEN MED CENTRE","COVENTRY","WEST MIDLANDS","CV6 2FL","0601060D0","Glucose blood testing reagents","0601060D0EVAAA0","GLUCOFIX TECH Sensor testing stips","06: Endocrine System","200.","3","600.","0.","71.4","64.39091","N","39143311000001102"
"2026-07","SOUTH EAST","Y59","NHS SURREY AND SUSSEX INTEGRATED CARE BOARD","S9B9J","NHS SURREY AND SUSSEX ICB - 92A","92A00","BARTLETT GROUP PRACTICE","H81013","FRIMLEY GREEN MEDICAL CTR","1 BEECH RD, FRIMLEY GREEN","CAMBERLEY","SURREY","GU16 6QQ","0407041M0","Naratriptan hydrochloride","0407041M0AAAAAA","Naratriptan 2.5mg tablets","04: Central Nervous System","24.","1","24.","24.","5.08","4.07403","N","42108011000001107"
"2026-07","NORTH WEST","Y62","NHS LANCASHIRE AND SOUTH CUMBRIA INTEGRATED CARE BOARD","QE1","NHS LANCASHIRE AND SOUTH CUMBRIA ICB - 02M","02M00","GREAT ECCLESTON HLTH CTR","P81059","GREAT ECCLESTON HLTH CTR","RAIKES RD,GREAT ECCLESTON","PRESTON","LANCASHIRE","PR3 0ZA","0606020A0","Alendronic acid","0606020A0AAACAC","Alendronic acid 70mg tablets","06: Endocrine System","4.","106","424.","2968.","91.16","74.19983","N","39731311000001108"
"2026-07","NORTH EAST AND YORKSHIRE","Y63","NHS NORTH EAST AND NORTH CUMBRIA INTEGRATED CARE BOARD","QHM","NHS NORTH EAST AND NORTH CUMBRIA ICB - 01H","01H00","ALSTON MEDICAL PRACTICE","A82004","ALSTON","CUMBRIA","","","CA9 3QX","120101040","Dexamethasone sodium metasulphobenzoate","120101040BBAAAA","Sofradex ear/eye drops","12: Ear, Nose and Oropharynx","8.","1","8.","0.","7.5","6.66528","N","535411000001106"
"2026-07","EAST OF ENGLAND","Y61","NHS NORFOLK AND SUFFOLK INTEGRATED CARE BOARD","T6Y0W","NHS NORFOLK AND SUFFOLK ICB - 07K","07K00","ORCHARD HOUSE SURGERY","D83027","ORCHARD HOUSE SURGERY","FRED ARCHER WAY","NEWMARKET","SUFFOLK","CB8 8NU","2148","Detection Sensor Interstitial Fluid/Gluc","21480000110","Dexcom One+ Sensor","21: Appliances","3.","10","30.","0.","749.1","715.82555","N","42745011000001104"
"2026-07","NORTH EAST AND YORKSHIRE","Y63","NHS WEST YORKSHIRE INTEGRATED CARE BOARD","QWO","NHS WEST YORKSHIRE ICB - 03R","03R00","LUPSET HEALTH CENTRE","B87008","LUPSET HEALTH CENTRE","GEORGE-A-GREEN COURT","WAKEFIELD","WEST YORKSHIRE","WF2 8FE","0101021B0","Alginic acid compound preparations","0101021B0BQABAH","Acidex oral suspension peppermint","01: Gastro-Intestinal System","1000.","3","3000.","0.","23.46","22.32876","N","9363011000001101"
"2026-07","EAST OF ENGLAND","Y61","NHS NORFOLK AND SUFFOLK INTEGRATED CARE BOARD","T6Y0W","NHS NORFOLK AND SUFFOLK ICB - 26A","26A00","SOLE BAY H/C","D83022","SOLE BAY H/C","TEAL CLOSE","REYDON","SUFFOLK","IP18 6GY","0603020T0","Prednisolone","0603020T0AAACAC","Prednisolone 5mg tablets","06: Endocrine System","56.","6","336.","0.","8.64","7.21438","N","42087311000001104"
"2026-07","NORTH WEST","Y62","NHS GREATER MANCHESTER INTEGRATED CARE BOARD","QOP","NHS GREATER MANCHESTER ICB - 02H","02H00","DR KK CHAN & PARTNERS","P92042","SEVEN BROOKS MEDICAL CTR","21 CHURCH ST, ATHERTON","MANCHESTER","","M46 9DE","2122","Emollients","21220000100","Epaderm ointment","21: Appliances","500.","3","1500.","0.","21.03","18.9918","N","141611000001102"
"2026-07","MIDLANDS","Y60","NHS HEREFORDSHIRE AND WORCESTERSHIRE INTEGRATED CARE BOARD","QGH","NHS HEREFORDSHIRE AND WORCESTERSHIRE ICB - 18C","18C00","HOLLYWOOD MEDICAL CENTRE","M81064","HOLLYWOOD MEDICAL CENTRE","BEAUDESERT ROAD,HOLLYWOOD","BIRMINGHAM","","B47 5DP","0302000C0","Beclometasone dipropionate","0302000C0BPABBF","Clenil Modulite 100micrograms/dose inhaler","03: Respiratory System","3.","1","3.","300.","22.26","21.16372","N","10618211000001109"
"2026-07","SOUTH EAST","Y59","NHS THAMES VALLEY INTEGRATED CARE BOARD","S0E4D","NHS THAMES VALLEY ICB - 15A","15A00","EASTFIELD HOUSE SURGERY","K81002","EASTFIELD HOUSE SURGERY","6 ST.JOHNS ROAD","NEWBURY","BERKSHIRE","RG14 7LW","1310020H0","Clotrimazole","1310020H0AAABAB","Clotrimazole 1% cream","13: Skin","50.","1","50.","0.","3.83","3.07461","N","41894811000001103"
"2026-07","NORTH WEST","Y62","NHS CHESHIRE AND MERSEYSIDE INTEGRATED CARE BOARD","QYG","NHS CHESHIRE AND MERSEYSIDE ICB - 27D","27D00","WILLOW WOOD SURGERY","N81123","WILLOW WOOD SURGERY","WHARTON PHC","CROOK LANE, WHARTON","WINSFORD, CHESHIRE","CW7 3GY","0302000K0","Budesonide","0302000K0BBAHAG","Pulmicort 200 Turbohaler","03: Respiratory System","1.","1","1.","100.","14.25","13.55267","N","3112411000001105"
"2026-07","NORTH WEST","Y62","NHS GREATER MANCHESTER INTEGRATED CARE BOARD","QOP","NHS GREATER MANCHESTER ICB - 14L","14L00","WILLOWBANK SURGERY","P84679","1 WILLOWBANK","CHURCH LANE","MANCHESTER","","M9 4WH","0208020V0","Warfarin sodium","0208020V0AAAAAA","Warfarin 1mg tablets","02: Cardiovascular System","56.","3","168.","0.","11.88","11.9172","N","42217511000001103"
"2026-07","NORTH EAST AND YORKSHIRE","Y63","NHS SOUTH YORKSHIRE INTEGRATED CARE BOARD","QF7","NHS SOUTH YORKSHIRE ICB - 03N","03N00","SELBORNE ROAD MEDICAL CENTRE","C88083","SELBORNE ROAD MED. CTR","1 SELBORNE ROAD","SHEFFIELD","SOUTH YORKSHIRE","S10 5ND","0602010V0","Levothyroxine sodium","0602010V0AABZBZ","Levothyroxine sodium 100microgram tablets","06: Endocrine System","56.","21","1176.","1176.","30.24","24.43828","N","39697911000001101"
"2026-07","SOUTH WEST","Y58","NHS DORSET INTEGRATED CARE BOARD","QVV","NHS DORSET ICB - 11J","11J00","THE BLANDFORD GROUP PRACTICE","J81019","BLANDFORD GROUP PRACTICE","WHITECLIFF MILL STREET","BLANDFORD","DORSET","DT11 7BH","2009","Stockinette","20090000945","CliniFast stockinette 10.75cm","20: Dressings","10.","1","10.","0.","12.66","11.42302","N","11464211000001105"
"2026-07","NORTH WEST","Y62","NHS LANCASHIRE AND SOUTH CUMBRIA INTEGRATED CARE BOARD","QE1","NHS LANCASHIRE AND SOUTH CUMBRIA ICB - 01K","01K00","CARTMEL SURGERY","A82647","CARTMEL SURGERY","HAGGS LANE","CARTMEL","CUMBRIA","LA11 6PH","0913141B0","RtS 3.3 - 4 kcal/ml energy with protein liquid (0913141)","0913141B0BBABAA","Altrashot 120ml bottles strawberry","09: Nutrition and Blood","28.","2","56.","0.","175.42","175.4448","N","32763311000001107"
"2026-07","MIDLANDS","Y60","NHS BLACK COUNTRY INTEGRATED CARE BOARD","QUA","NHS BLACK COUNTRY ICB - D2P2L","D2P2L","TUDOR MEDICAL CENTRE","M92016","TUDOR MEDICAL CENTRE","1 TUDOR ROAD","WOLVERHAMPTON","","WV10 0LS","0403010B0","Amitriptyline hydrochloride","0403010B0AAAGAG","Amitriptyline 10mg tablets","04: Central Nervous System","28.","43","1204.","160.53333","25.37","20.81735","N","42291111000001104"
"2026-07","NORTH WEST","Y62","NHS GREATER MANCHESTER INTEGRATED CARE BOARD","QOP","NHS GREATER MANCHESTER ICB - 02H","02H00","THE DICCONSON GROUP PRACTICE","P92003","BOSTON HOUSE","WIGAN HEALTH CENTRE","FROG LANE","WIGAN","WN6 7LB","0704020J0","Oxybutynin","0704020J0AAACAC","Oxybutynin 5mg tablets","07: Obstetrics, Gynaecology and Urinary-Tract Disorders","84.","6","504.","0.","63.18","63.8544","N","42039111000001104"
"2026-07","NORTH EAST AND YORKSHIRE","Y63","NHS NORTH EAST AND NORTH CUMBRIA INTEGRATED CARE BOARD","QHM","NHS NORTH EAST AND NORTH CUMBRIA ICB - 16C","16C00","THE DISCOVERY PRACTICE","A81064","CLEVELAND HEALTH CENTRE","20 CLEVELAND SQUARE","CLEVELAND CENTRE","MIDDLESBROUGH","TS1 2NX","2003","Wound Management & Other Dressings","20030100167","Dressit sterile dressing pack with gloves","20: Dressings","20.","6","120.","0.","84.","75.78465","N","10861611000001105"
"2026-07","NORTH WEST","Y62","NHS GREATER MANCHESTER INTEGRATED CARE BOARD","QOP","NHS GREATER MANCHESTER ICB - 02H","02H00","BEECH HILL MEDICAL PRACTICE","P92010","BEECH HILL MEDICAL PRACT","278 GIDLOW LN, BEECH HILL","WIGAN","LANCASHIRE","WN6 7PD","0702010G0","Estradiol","0702010G0AAAGAG","Estradiol 10microgram pessaries","07: Obstetrics, Gynaecology and Urinary-Tract Disorders","24.","17","408.","0.","208.93","167.25723","N","18109911000001108"
"2026-07","LONDON","Y56","NHS WEST AND NORTH LONDON INTEGRATED CARE BOARD","Z9B2Z","NHS WEST AND NORTH LONDON ICB - 93C","93C00","KILLICK STREET HEALTH CENTRE","F83063","KILLICK STREET HEALTH CTR","75 KILLICK STREET","","LONDON","N1 9RH","0208020Y0","Rivaroxaban","0208020Y0AAAAAA","Rivaroxaban 10mg tablets","02: Cardiovascular System","60.","1","60.","0.","4.","4.0124","N","14254711000001104"
"2026-07","LONDON","Y56","NHS NORTH EAST LONDON INTEGRATED CARE BOARD","QMF","NHS NORTH EAST LONDON ICB - A3A8R","A3A8R","WESTERN ROAD MEDICAL CENTRE","F82013","WESTERN ROAD MEDICAL CTR","99 WESTERN ROAD","ROMFORD","ESSEX","RM1 3LS","0601040I0","Glucose","0601040I0BBABAD","GlucoGel 40% gel original","06: Endocrine System","80.","1","80.","0.","6.84","6.51173","N","4255211000001108"
"2026-07","MIDLANDS","Y60","NHS BIRMINGHAM AND SOLIHULL INTEGRATED CARE BOARD","QHL","NHS BIRMINGHAM AND SOLIHULL ICB - 15E","15E00","SHAH ZAMAN SURGERY","M85001","SHAH ZAMAN SURGERY, CVPCC","70 TANGMERE DRIVE","BIRMINGHAM","WEST MIDLANDS","B35 7QX","0901020D0","Cyanocobalamin","0901020D0AAAEAE","Cyanocobalamin 50microgram tablets","09: Nutrition and Blood","60.","1","60.","0.","7.14","7.2524","N","41984111000001100"
"2026-07","MIDLANDS","Y60","NHS HEREFORDSHIRE AND WORCESTERSHIRE INTEGRATED CARE BOARD","QGH","NHS HEREFORDSHIRE AND WORCESTERSHIRE ICB - 18C","18C00","ST JOHNS HOUSE SURGERY","M81063","ST JOHN'S HOUSE MED CTR","299 BROMYARD ROAD","WORCESTER","","WR2 5FB","1304000G0","Clobetasol propionate","1304000G0BEAACD","Etrivex 500micrograms/g shampoo","13: Skin","125.","2","250.","0.","18.3","17.41335","N","11771511000001105"
"2026-07","MIDLANDS","Y60","NHS LINCOLNSHIRE INTEGRATED CARE BOARD","QJM","NHS LINCOLNSHIRE ICB - 71E","71E00","SPILSBY SURGERY","C83005","SPILSBY SURGERY","BULL YARD,SIMPSON STREET","SPILSBY","LINCOLNSHIRE","PE23 5LG","0408010H0","Lamotrigine","0408010H0BBAAAB","Lamictal 50mg tablets","04: Central Nervous System","56.","3","168.","42.","120.06","109.17101","N","2927711000001103"
"2026-07","SOUTH EAST","Y59","NHS THAMES VALLEY INTEGRATED CARE BOARD","S0E4D","NHS THAMES VALLEY ICB - U2G6B","U2G6B","THE WATERFIELD PRACTICE","K81001","THE WATERFIELD PRACTICE","RALPHS RIDE,HARMANS WATER","BRACKNELL","BERKSHIRE","RG12 9LH","0407020A0","Fentanyl","0407020A0BRAKAU","Opiodur 12micrograms/hour transdermal patches (Zentiva)","04: Central Nervous System","10.","1","10.","0.","11.28","11.2924","N","37972611000001107"
"2026-07","EAST OF ENGLAND","Y61","NHS ESSEX INTEGRATED CARE BOARD","D7T5G","NHS ESSEX ICB - 07G","07G00","PEARTREE SURGERY & WEST HORNDON SURGERY","F81134","PEAR TREE SURGERY","PEAR TREE CLOSE","SOUTH OCKENDON","ESSEX","RM15 6PR","0403040X0","Mirtazapine","0403040X0AAANAN","Mirtazapine 15mg tablets","04: Central Nervous System","14.","1","14.","7.","0.7","0.8124","N","42274511000001104"
"2026-07","NORTH WEST","Y62","NHS GREATER MANCHESTER INTEGRATED CARE BOARD","QOP","NHS GREATER MANCHESTER ICB - 02H","02H00","THE AVENUE SURGERY","P92615","LEIGH HEALTH CENTRE","THE AVENUE","LEIGH","","WN7 1HR","0602010V0","Levothyroxine sodium","0602010V0AABZBZ","Levothyroxine sodium 100microgram tablets","06: Endocrine System","84.","1","84.","84.","2.16","1.73939","N","39697911000001101"
"2026-07","NORTH WEST","Y62","NHS CHESHIRE AND MERSEYSIDE INTEGRATED CARE BOARD","QYG","NHS CHESHIRE AND MERSEYSIDE ICB - 01J","01J00","WINGATE MEDICAL CENTRE","N83009","WINGATE MEDICAL CENTRE","79 BIGDALE DRIVE","NORTHWOOD","KIRKBY","L33 6YJ","0403030D0","Citalopram hydrobromide","0403030D0AAACAC","Citalopram 40mg tablets","04: Central Nervous System","7.","5","35.","70.","1.3","1.60139","N","42269511000001106"
"2026-07","EAST OF ENGLAND","Y61","NHS NORFOLK AND SUFFOLK INTEGRATED CARE BOARD","T6Y0W","NHS NORFOLK AND SUFFOLK ICB - 26A","26A00","THE PARK SURGERY","D82067","THE PARK SURGERY","4 ALEXANDRA ROAD","GREAT YARMOUTH","NORFOLK","NR30 2HW","0209000C0","Clopidogrel","0209000C0AAAAAA","Clopidogrel 75mg tablets","02: Cardiovascular System","60.","1","60.","60.","2.01","1.71946","N","39689111000001106"
"2026-07","NORTH WEST","Y62","NHS LANCASHIRE AND SOUTH CUMBRIA INTEGRATED CARE BOARD","QE1","NHS LANCASHIRE AND SOUTH CUMBRIA ICB - 01K","01K00","ULVERSTON MEDICAL PRACTICE","A82003","ULVERSTON COMM.HEALTH CTR","STANLEY STREET","ULVERSTON","CUMBRIA","LA12 7BT","0403040W0","Venlafaxine","0403040W0AAASAS","Venlafaxine 37.5mg modified-release capsules","04: Central Nervous System","28.","9","252.","94.5","26.1","20.97941","N","23560511000001101"
"2026-07","NORTH WEST","Y62","NHS GREATER MANCHESTER INTEGRATED CARE BOARD","QOP","NHS GREATER MANCHESTER ICB - 02H","02H00","THE DICCONSON GROUP PRACTICE","P92003","BOSTON HOUSE","WIGAN HEALTH CENTRE","FROG LANE","WIGAN","WN6 7LB","0402010AB","Quetiapine","0402010ABAAAXAX","Quetiapine 300mg modified-release tablets","04: Central Nervous System","28.","3","84.","84.","237.99","238.3272","N","42278411000001107"
"2026-07","LONDON","Y56","NHS NORTH EAST LONDON INTEGRATED CARE BOARD","QMF","NHS NORTH EAST LONDON ICB - A3A8R","A3A8R","LABURNUM HEALTH CENTRE","F82051","LABURNUM HEALTH CENTRE","GEORGE CROUCH CENTRE","ALTHORNE WAY, DAGENHAM","ESSEX","RM10 7DF","0302000C0","Beclometasone dipropionate","0302000C0BJAABE","Qvar 50 inhaler","03: Respiratory System","1.","3","3.","150.","23.61","22.47129","N","3176811000001102"
"2026-07","LONDON","Y56","NHS SOUTH EAST LONDON INTEGRATED CARE BOARD","QKK","NHS SOUTH EAST LONDON ICB - 72Q","72Q00","ABBEY WOOD SURGERY","G83031","ABBEY WOOD SURGERY","9 GODSTOW ROAD","ABBEY WOOD","LONDON","SE2 9AT","0212000X0","Pravastatin sodium","0212000X0AAAAAA","Pravastatin 10mg tablets","02: Cardiovascular System","84.","1","84.","28.","3.06","2.45897","N","42379811000001108"
"2026-07","MIDLANDS","Y60","NHS DERBY AND DERBYSHIRE INTEGRATED CARE BOARD","QJ2","NHS DERBY AND DERBYSHIRE ICB - 15M","15M00","ROYAL PRIMARY CARE CLAY CROSS","C81008","BLUE DYKES SURGERY","ELDON ST, CLAY CROSS","CHESTERFIELD","DERBYSHIRE","S45 9NR","1202010W0","Fluticasone furoate","1202010W0BBAAAA","Avamys 27.5micrograms/dose nasal spray","12: Ear, Nose and Oropharynx","1.","2","2.","0.","12.88","12.2633","N","15046311000001109"
"2026-07","MIDLANDS","Y60","NHS SHROPSHIRE, TELFORD AND WREKIN INTEGRATED CARE BOARD","QOC","NHS SHROPSHIRE, TELFORD AND WREKIN ICB - M2L0M","M2L0M","IRONBRIDGE MEDICAL PRACTICE","M82606","IRONBRIDGE MEDICAL PRACT","TRINITY HALL","DALE ROAD","COALBROOKDALE,TELFORD","TF8 7DT","0206020L0","Lercanidipine hydrochloride","0206020L0AAABAB","Lercanidipine 20mg tablets","02: Cardiovascular System","56.","7","392.","784.","35.98","28.854","N","10225911000001102"
"2026-07","EAST OF ENGLAND","Y61","NHS ESSEX INTEGRATED CARE BOARD","D7T5G","NHS ESSEX ICB - 06Q","06Q00","BLACKWATER MEDICAL CENTRE","F81099","BLACKWATER MEDICAL CENTRE","PRINCES ROAD","MALDON","ESSEX","CM9 5GP","0803042W0","Triptorelin","0803042W0BBAAAA","Decapeptyl SR 11.25mg inj vials","08: Malignant Disease and Immunosuppression","1.","1","1.","0.","207.","183.96165","N","8172811000001102"
"2026-07","NORTH EAST AND YORKSHIRE","Y63","NHS HUMBER AND NORTH YORKSHIRE INTEGRATED CARE BOARD","QOQ","NHS HUMBER AND NORTH YORKSHIRE ICB - 42D","42D00","POSTERNGATE SURGERY","B82074","POSTERNGATE SURGERY","PORTHOLME ROAD","SELBY","NORTH YORKSHIRE","YO8 4QH","2122","Emollients","21220000128","Hydromol Bath & Shower emollient","21: Appliances","500.","1","500.","0.","4.9","4.42883","N","3004211000001107"
"2026-07","NORTH WEST","Y62","NHS LANCASHIRE AND SOUTH CUMBRIA INTEGRATED CARE BOARD","QE1","NHS LANCASHIRE AND SOUTH CUMBRIA ICB - 01A","01A00","ROSEGROVE SURGERY","P81197","ROSEGROVE SURGERY","225-227 GANNOW LANE","BURNLEY","LANCASHIRE","BB12 6HY","0407020AD","Oxycodone hydrochloride","0407020ADBSADAG","Oxypro 20mg modified-release tablets","04: Central Nervous System","56.","3","168.","56.","37.56","37.5972","N","35846611000001103"
"2026-07","LONDON","Y56","NHS WEST AND NORTH LONDON INTEGRATED CARE BOARD","Z9B2Z","NHS WEST AND NORTH LONDON ICB - W2U3Z","W2U3Z","WEMBLEY PARK MEDICAL CENTRE","E84709","2 HUMPHRY REPTON LANE","","WEMBLEY","","HA9 0GL","0913021E0","Ready to serve 1.5 kcal/ml milkshake (0913021)","0913021E0BEAAAA","PaediaSure Plus liquid (3 flavours)","09: Nutrition and Blood","12000.","1","12000.","0.","313.8","313.8124","N","239011000001109"
"2026-07","NORTH EAST AND YORKSHIRE","Y63","NHS NORTH EAST AND NORTH CUMBRIA INTEGRATED CARE BOARD","QHM","NHS NORTH EAST AND NORTH CUMBRIA ICB - 16C","16C00","DENMARK STREET SURGERY","A83047","DENMARK STREET SURGERY","DENMARK STREET","DARLINGTON","COUNTY DURHAM","DL3 0PD","0704020AB","Solifenacin","0704020ABAAABAB","Solifenacin 10mg tablets","07: Obstetrics, Gynaecology and Urinary-Tract Disorders","60.","5","300.","0.","14.3","11.49532","N","42042811000001100"
"2026-07","SOUTH WEST","Y58","NHS CORNWALL AND THE ISLES OF SCILLY INTEGRATED CARE BOARD","QT6","NHS CORNWALL AND THE ISLES OF SCILLY ICB - 11N","11N00","BOSVENA HEALTH","L82010","STILLMOOR HOUSE MED PRACT","BELL LANE","BODMIN","CORNWALL","PL31 2JJ","0301011R0","Salbutamol","0301011R0AACDCD","Salbutamol 2.5mg/2.5ml nebuliser liquid unit dose ampoules","03: Respiratory System","30.","1","30.","7.5","24.38","23.27814","N","43207011000001101"
"2026-07","SOUTH EAST","Y59","NHS HAMPSHIRE AND ISLE OF WIGHT INTEGRATED CARE BOARD","QRL","NHS HAMPSHIRE AND ISLE OF WIGHT ICB - 10R","10R00","THE DRAYTON SURGERY","J82102","DRAYTON SURGERY","280 HAVANT ROAD, DRAYTON","PORTSMOUTH","HAMPSHIRE","PO6 1PA","0106040M0","Macrogol 3350","0106040M0BGAFAA","CosmoCol Plain oral powder sachets","01: Gastro-Intestinal System","60.","1","60.","0.","13.2","12.55496","N","28751911000001106"
"2026-07","MIDLANDS","Y60","NHS STAFFORDSHIRE AND STOKE-ON-TRENT INTEGRATED CARE BOARD","QNC","NHS STAFFORDSHIRE AND STOKE-ON-TRENT ICB - 04Y","04Y00","HEATH HAYES HEALTH CENTRE","M83129","HEATH HAYES HEALTH CENTRE","GORSEMOOR RD, HEATH HAYES","CANNOCK","STAFFORDSHIRE","WS12 3TG","0105010B0","Mesalazine (Systemic)","0105010B0BIABAA","Octasa 400mg MR gastro-resistant tablets","01: Gastro-Intestinal System","120.","1","120.","30.","26.","26.0124","N","21426611000001105"
"2026-07","SOUTH WEST","Y58","NHS GLOUCESTERSHIRE INTEGRATED CARE BOARD","QR1","NHS GLOUCESTERSHIRE ICB - 11M","11M00","OVERTON PARK SURGERY","L84041","OVERTON PARK SURGERY","OVERTON PARK ROAD","CHELTENHAM","GLOUCESTERSHIRE","GL50 3BP","1001022K0","Methylprednisolone acetate","1001022K0BBAGAG","Depo-Medrone with Lidocaine inj 1ml vials","10: Musculoskeletal and Joint Diseases","1.","13","13.","0.","51.22","47.85629","N","470611000001109"
"2026-07","NORTH EAST AND YORKSHIRE","Y63","NHS NORTH EAST AND NORTH CUMBRIA INTEGRATED CARE BOARD","QHM","NHS NORTH EAST AND NORTH CUMBRIA ICB - 99C","99C00","NORTHUMBERLAND PARK MEDICAL GROUP","A87022","SHIREMOOR RESOURCE CENTRE","EARSDON ROAD, SHIREMOOR","NEWCASTLE UPON TYNE","TYNE & WEAR","NE27 0HJ","0906040G0","Colecalciferol","0906040G0BNADCD","Adcal-D3 750mg/200unit caplets","09: Nutrition and Blood","56.","1","56.","0.","2.13","2.13631","N","19368411000001103"
"2026-07","MIDLANDS","Y60","NHS NOTTINGHAM AND NOTTINGHAMSHIRE INTEGRATED CARE BOARD","QT1","NHS NOTTINGHAM AND NOTTINGHAMSHIRE ICB - 52R","52R00","DAYBROOK MEDICAL PRACTICE","C84066","DAYBROOK HEALTH CENTRE","SALOP STREET, DAYBROOK","NOTTINGHAM","","NG5 6HP","0401010T0","Temazepam","0401010T0AAAMAM","Temazepam 10mg tablets","04: Central Nervous System","28.","4","112.","56.","108.64","108.6896","N","42137211000001105"
"2026-07","NORTH EAST AND YORKSHIRE","Y63","NHS WEST YORKSHIRE INTEGRATED CARE BOARD","QWO","NHS WEST YORKSHIRE ICB - 15F","15F00","EAST PARK MEDICAL CENTRE","B86043","EAST PARK MEDICAL CENTRE","5-7 EAST PARK ROAD","LEEDS","WEST YORKSHIRE","LS9 9JD","0206020A0","Amlodipine","0206020A0AAABAB","Amlodipine 10mg tablets","02: Cardiovascular System","28.","56","1568.","3136.","40.32","32.93157","N","39731911000001109"
"2026-07","LONDON","Y56","NHS WEST AND NORTH LONDON INTEGRATED CARE BOARD","Z9B2Z","NHS WEST AND NORTH LONDON ICB - 93C","93C00","MILLWAY MEDICAL PRACTICE","E83016","MILLWAY MEDICAL PRACTICE","2 HARTLEY AVENUE","MILL HILL","LONDON","NW7 2HX","0502010B0","Fluconazole","0502010B0AAABAB","Fluconazole 150mg capsules","05: Infections","3.","4","12.","9.","9.","7.2454","N","41787011000001104"
"2026-07","NORTH EAST AND YORKSHIRE","Y63","NHS NORTH EAST AND NORTH CUMBRIA INTEGRATED CARE BOARD","QHM","NHS NORTH EAST AND NORTH CUMBRIA ICB - 16C","16C00","WEST QUAY MEDICAL PRACTICE","A81060","THE HEALTH CENTRE","VICTORIA ROAD","HARTLEPOOL","CLEVELAND","TS26 8DB","0407020Q0","Morphine sulfate","0407020Q0BHACCD","Sevredol 10mg tablets","04: Central Nervous System","84.","1","84.","8.4","7.97","8.0824","N","2898611000001107"
"2026-07","EAST OF ENGLAND","Y61","NHS NORFOLK AND SUFFOLK INTEGRATED CARE BOARD","T6Y0W","NHS NORFOLK AND SUFFOLK ICB - 07K","07K00","HARDWICKE HOUSE GROUP PRACTICE","D83060","HARDWICKE HOUSE","STOUR STREET","SUDBURY","SUFFOLK","CO10 2AY","2399","Leakage Notification System","23990000008","Heylo Sensor Layers 60mm","23: Stoma Appliances","30.","1","30.","0.","93.75","93.75","N","42952211000001109"
"2026-07","MIDLANDS","Y60","NHS COVENTRY AND WARWICKSHIRE INTEGRATED CARE BOARD","QWU","NHS COVENTRY AND WARWICKSHIRE ICB - B2M3M","B2M3M","STATION STREET SURGERY","M84612","45 STATION STREET","ATHERSTONE","","WARWICKSHIRE","CV9 1DB","0601023AR","Empagliflozin/metformin","0601023ARAAADAD","Empagliflozin 12.5mg / Metformin 1g tablets","06: Endocrine System","28.","2","56.","0.","36.6","35.00191","N","30318111000001109"
"2026-07","SOUTH WEST","Y58","NHS GLOUCESTERSHIRE INTEGRATED CARE BOARD","QR1","NHS GLOUCESTERSHIRE ICB - 11M","11M00","MINCHINHAMPTON SURGERY","L84005","CIRENCESTER ROAD","MINCHINHAMPTON","STROUD","GLOUCESTERSHIRE","GL6 9FB","0107020J0","Hydrocortisone","0107020J0BEABAF","Proctosedyl suppositories","01: Gastro-Intestinal System","12.","1","12.","0.","5.08","5.0924","N","564411000001103"
"2026-07","NORTH WEST","Y62","NHS LANCASHIRE AND SOUTH CUMBRIA INTEGRATED CARE BOARD","QE1","NHS LANCASHIRE AND SOUTH CUMBRIA ICB - 01A","01A00","GREAT HARWOOD MEDICAL GROUP","P81730","GREAT HARWOOD HEALTH CTR","WATER STREET, GT HARWOOD","BLACKBURN","LANCASHIRE","BB6 7QR","0601012Z0","Insulin degludec","0601012Z0BBAAAA","Tresiba Penfill 100units/ml inj 3ml cartridges","06: Endocrine System","3.","8","24.","0.","223.68","224.5792","N","21928511000001109"
"2026-07","EAST OF ENGLAND","Y61","NHS NORFOLK AND SUFFOLK INTEGRATED CARE BOARD","T6Y0W","NHS NORFOLK AND SUFFOLK ICB - 07K","07K00","HARDWICKE HOUSE GROUP PRACTICE","D83060","HARDWICKE HOUSE","STOUR STREET","SUDBURY","SUFFOLK","CO10 2AY","0604011G0","Estradiol","0604011G0BPABBJ","Sandrena 1mg gel sachets","06: Endocrine System","91.","1","91.","0.","27.62","26.25677","N","3658611000001104"
"2026-07","SOUTH EAST","Y59","NHS HAMPSHIRE AND ISLE OF WIGHT INTEGRATED CARE BOARD","QRL","NHS HAMPSHIRE AND ISLE OF WIGHT ICB - D9Y0V","D9Y0V","EAST COWES MEDICAL CENTRE","J84004","EAST COWES MEDICAL CENTRE","CHURCH PATH","EAST COWES","ISLE OF WIGHT","PO32 6RP","0304010W0","Promethazine hydrochloride","0304010W0BBABAL","Phenergan 25mg tablets","03: Respiratory System","112.","1","112.","112.","12.2","11.60477","N","351811000001108"
"2026-07","EAST OF ENGLAND","Y61","NHS NORFOLK AND SUFFOLK INTEGRATED CARE BOARD","T6Y0W","NHS NORFOLK AND SUFFOLK ICB - 26A","26A00","LAWNS PRACTICE","D82022","THE LAWNS MEDICAL PRACT","MOUNT STREET","DISS","NORFOLK","IP22 4WG","2101","Other Appliances","21010900689","GlucoRx lancets 0.31mm/30gauge","21: Appliances","200.","24","4800.","0.","108.","97.29365","N","17087411000001106"
"2026-07","EAST OF ENGLAND","Y61","NHS CENTRAL EAST INTEGRATED CARE BOARD","S1Y5D","NHS CENTRAL EAST ICB - M1J4Y","M1J4Y","GREAT BARFORD SURGERY","E81031","26 SILVER STREET","","GREAT BARFORD","BEDFORDSHIRE","MK44 3HX","0407041M0","Naratriptan hydrochloride","0407041M0AAAAAA","Naratriptan 2.5mg tablets","04: Central Nervous System","12.","1","12.","12.","2.54","2.25731","N","42108011000001107"
"2026-07","SOUTH EAST","Y59","NHS KENT AND MEDWAY INTEGRATED CARE BOARD","QKS","NHS KENT AND MEDWAY ICB - 91Q","91Q00","SANDGATE ROAD","G82121","THE SURGERY","180 SANDGATE ROAD","FOLKESTONE","KENT","CT20 2HN","2130","Eye Products","21300000712","Carbomer 0.2% eye gel (Medicom)","21: Appliances","20.","1","20.","0.","5.6","5.33349","N","28055511000001104"
"2026-07","LONDON","Y56","NHS SOUTH EAST LONDON INTEGRATED CARE BOARD","QKK","NHS SOUTH EAST LONDON ICB - 72Q","72Q00","BEXLEY GROUP PRACTICE","G83028","BEXLEY GROUP PRACTICE","76-78 UPPER WICKHAM LANE","WELLING","KENT","DA16 3HQ","0302000AB","BeclometDiprop/Formoterol","0302000ABBBABAC","Fostair NEXThaler 200microg/dose / 6microg/dose dry pdr inh","03: Respiratory System","1.","7","7.","0.","205.24","195.10467","N","31063111000001106"
"2026-07","MIDLANDS","Y60","NHS BLACK COUNTRY INTEGRATED CARE BOARD","QUA","NHS BLACK COUNTRY ICB - D2P2L","D2P2L","BEARWOOD ROAD SURGERY","M88019","THE SURGERY","348 BEARWOOD ROAD","SMETHWICK, WARLEY","WEST MIDLANDS","B66 4ES","0602010V0","Levothyroxine sodium","0602010V0AABZBZ","Levothyroxine sodium 100microgram tablets","06: Endocrine System","112.","2","224.","224.","5.76","4.63011","N","39697911000001101"
"2026-07","MIDLANDS","Y60","NHS LINCOLNSHIRE INTEGRATED CARE BOARD","QJM","NHS LINCOLNSHIRE ICB - 71E","71E00","LINDUM MEDICAL PRACTICE","C83009","LINDUM MEDICAL PRACTICE","1 CABOURNE CT,CABOURNE AV","LINCOLN","LINCOLNSHIRE","LN2 2JP","0408010G0","Gabapentin","0408010G0AAAAAA","Gabapentin 100mg capsules","04: Central Nervous System","168.","1","168.","14.","1.98","2.0924","N","42129511000001104"
"2026-07","NORTH EAST AND YORKSHIRE","Y63","NHS SOUTH YORKSHIRE INTEGRATED CARE BOARD","QF7","NHS SOUTH YORKSHIRE ICB - 02X","02X00","CONISBROUGH GROUP PRACTICE","C86024","THE STONE CASTLE CENTRE","GARDENS LANE, CONISBROUGH","DONCASTER","SOUTH YORKSHIRE","DN12 3JW","0106020M0","Senna","0106020M0AAAPAP","Senna 15mg tablets","01: Gastro-Intestinal System","30.","2","60.","60.","9.28","8.8426","N","42358211000001100"
"2026-07","LONDON","Y56","NHS WEST AND NORTH LONDON INTEGRATED CARE BOARD","Z9B2Z","NHS WEST AND NORTH LONDON ICB - W2U3Z","W2U3Z","EALING COMMUNITY PRT - CARE HOME SERVICE","Y04225","1 ARMSTRONG WAY","","SOUTHALL","LONDON","UB2 4SD","0103050P0","Omeprazole","0103050P0AABDBD","Omeprazole 20mg gastro-resistant tablets","01: Gastro-Intestinal System","10.","1","10.","10.","2.31","1.95932","N","42356511000001103"
"2026-07","MIDLANDS","Y60","NHS BLACK COUNTRY INTEGRATED CARE BOARD","QUA","NHS BLACK COUNTRY ICB - D2P2L","D2P2L","WORDSLEY GREEN HEALTH CENTRE","M87023","WORDSLEY GREEN HTH.CTR","WORDSLEY GREEN,WORDSLEY","STOURBRIDGE","WEST MIDLANDS","DY8 5PD","0208020Z0","Apixaban","0208020Z0AAABAB","Apixaban 5mg tablets","02: Cardiovascular System","168.","1","168.","0.","4.17","4.1824","N","42206511000001102"
"2026-07","MIDLANDS","Y60","NHS LEICESTER, LEICESTERSHIRE AND RUTLAND INTEGRATED CARE BOARD","QK1","NHS LEICESTER, LEICESTERSHIRE AND RUTLAND ICB - 03W","03W00","HAZELMERE MEDICAL CENTRE","C82098","HAZELMERE MEDICAL CENTRE","58 LUTTERWORTH ROAD,BLABY","LEICESTER","","LE8 4DN","0902013S0","Sodium bicarbonate","0902013S0AAACAC","Sodium bicarbonate 500mg capsules","09: Nutrition and Blood","112.","1","112.","0.","10.42","8.34353","N","41988711000001107"
"2026-07","MIDLANDS","Y60","NHS COVENTRY AND WARWICKSHIRE INTEGRATED CARE BOARD","QWU","NHS COVENTRY AND WARWICKSHIRE ICB - B2M3M","B2M3M","BEDWORTH HEALTH CENTRE","M84011","THE HEALTH CENTRE","HIGH STREET","BEDWORTH","WARWICKSHIRE","CV12 8NQ","0407010F0","Co-codamol (Codeine phosphate/paracetamol)","0407010F0AAAHAH","Co-codamol 30mg/500mg tablets","04: Central Nervous System","120.","1","120.","20.","9.68","7.75188","N","42009811000001101"
"2026-07","MIDLANDS","Y60","NHS BLACK COUNTRY INTEGRATED CARE BOARD","QUA","NHS BLACK COUNTRY ICB - D2P2L","D2P2L","PINFOLD MEDICAL","M91650","PINFOLD HEALTH CENTRE","FIELD ROAD","BLOXWICH, WALSALL","WEST MIDLANDS","WS3 3JP","0501011P0","Phenoxymethylpenicillin (Penicillin V)","0501011P0AAAJAJ","Phenoxymethylpenicillin 250mg tablets","05: Infections","112.","3","336.","84.","14.88","11.93425","N","41953811000001101"
"2026-07","NORTH WEST","Y62","NHS LANCASHIRE AND SOUTH CUMBRIA INTEGRATED CARE BOARD","QE1","NHS LANCASHIRE AND SOUTH CUMBRIA ICB - 01A","01A00","REEDYFORD HLTH CARE GROUP","P81032","YARNSPINNERS PRIMARY HCC","YARNSPINNERS WHARF","CARR ROAD, NELSON","LANCASHIRE","BB9 7SR","0601023AG","Dapagliflozin","0601023AGAAABAB","Dapagliflozin 10mg tablets","06: Endocrine System","28.","335","9380.","0.","834.15","838.304","N","39689811000001104"
"2026-07","NORTH EAST AND YORKSHIRE","Y63","NHS HUMBER AND NORTH YORKSHIRE INTEGRATED CARE BOARD","QOQ","NHS HUMBER AND NORTH YORKSHIRE ICB - 02Y","02Y00","HOLDERNESS HEALTH","B81025","ST.NICHOLAS SURGERY","QUEEN STREET","WITHERNSEA","","HU19 2PZ","0604011Y0","Tibolone","0604011Y0AAAAAA","Tibolone 2.5mg tablets","06: Endocrine System","28.","28","784.","0.","156.8","131.07048","N","41882911000001100"
"2026-07","MIDLANDS","Y60","NHS DERBY AND DERBYSHIRE INTEGRATED CARE BOARD","QJ2","NHS DERBY AND DERBYSHIRE ICB - 15M","15M00","HENMORE HEALTH - ASHBOURNE SURGERY","C81086","THE SURGERY","CLIFTON ROAD","ASHBOURNE","DERBYSHIRE","DE6 1RR","0302000C0","Beclometasone dipropionate","0302000C0BPADBW","Clenil Modulite 250micrograms/dose inhaler","03: Respiratory System","1.","1","1.","250.","16.29","15.49106","N","10619611000001102"
"2026-07","LONDON","Y56","NHS WEST AND NORTH LONDON INTEGRATED CARE BOARD","Z9B2Z","NHS WEST AND NORTH LONDON ICB - 93C","93C00","GILLAN HOUSE SURGERY","F85701","GILLAN HOUSE SURGERY","457 GREEN LANES","PALMERS GREEN","LONDON","N13 4BS","2102","Catheters","21020000785","Biocath Comprehensive Care Foley Tray catheter female large 12Ch-16Ch","21: Appliances","4.","1","4.","0.","77.04","77.04","N","14991011000001109"
"2026-07","MIDLANDS","Y60","NHS DERBY AND DERBYSHIRE INTEGRATED CARE BOARD","QJ2","NHS DERBY AND DERBYSHIRE ICB - 15M","15M00","GRESLEYDALE HEALTHCARE CENTRE","C81114","GLAMORGAN WAY","CHURCH GRESLEY","SWADLINCOTE","DERBYSHIRE","DE11 9JT","0803042N0","Leuprorelin acetate","0803042N0BBACAC","Prostap SR DCS 3.75mg pdr and solvent for prolonged-rel inj","08: Malignant Disease and Immunosuppression","1.","1","1.","0.","75.24","70.29885","N","19305111000001104"
"2026-07","MIDLANDS","Y60","NHS DERBY AND DERBYSHIRE INTEGRATED CARE BOARD","QJ2","NHS DERBY AND DERBYSHIRE ICB - 15M","15M00","STEWART MEDICAL CENTRE","C81034","THE STEWART MEDICAL CTR","15 HARTINGTON ROAD","BUXTON","DERBYSHIRE","SK17 6JP","0906040G0","Colecalciferol","0906040G0DXAAES","Urgent-D 2,000unit chewable tablets","09: Nutrition and Blood","22.","1","22.","0.","1.62","1.65171","N","34580611000001101"
"2026-07","MIDLANDS","Y60","NHS HEREFORDSHIRE AND WORCESTERSHIRE INTEGRATED CARE BOARD","QGH","NHS HEREFORDSHIRE AND WORCESTERSHIRE ICB - 18C","18C00","MERSTOW GREEN MEDICAL PRACTICE","M81058","MERSTOW GREEN MED PRAC","EVESHAM MEDICAL CENTRE","ABBEY LANE, EVESHAM","WORCESTERSHIRE","WR11 4BS","0913011C0","Powder 1.6 kcal/ml milkshake (0913011)","0913011C0BBAGAH","Aymes Shake powder 57g sachets vanilla","09: Nutrition and Blood","28.","1","28.","0.","16.08","14.29035","N","35169611000001107"
"2026-07","NORTH EAST AND YORKSHIRE","Y63","NHS HUMBER AND NORTH YORKSHIRE INTEGRATED CARE BOARD","QOQ","NHS HUMBER AND NORTH YORKSHIRE ICB - 42D","42D00","TOLLERTON SURGERY","B82064","10 POND VIEW","TOLLERTON","YORK","","YO61 1AG","0601021M0","Gliclazide","0601021M0AAATAT","Gliclazide 60mg modified-release tablets","06: Endocrine System","28.","1","28.","10.5","7.67","6.81636","N","22226111000001104"
"2026-07","NORTH WEST","Y62","NHS CHESHIRE AND MERSEYSIDE INTEGRATED CARE BOARD","QYG","NHS CHESHIRE AND MERSEYSIDE ICB - 01F","01F00","BEVAN GROUP PRACTICE","N81011","BEVAN GROUP PRACTICE","BEVAN WAY","WIDNES","CHESHIRE","WA8 6TR","0408010AE","Pregabalin","0408010AEAAAAAA","Pregabalin 25mg capsules","04: Central Nervous System","24.","1","24.","2.","0.55","0.6624","N","42135411000001103"
"2026-07","NORTH WEST","Y62","NHS LANCASHIRE AND SOUTH CUMBRIA INTEGRATED CARE BOARD","QE1","NHS LANCASHIRE AND SOUTH CUMBRIA ICB - 00Q","00Q00","PRIMROSE BANK MEDICAL CENTRE","P81771","PRIMROSE BANK","LARKHILL","BLACKBURN","LANCASHIRE","BB1 5ER","0106040M0","Macrogol 3350","0106040M0BCACAA","Laxido Orange oral powder sachets sugar free","01: Gastro-Intestinal System","60.","34","2040.","0.","422.52","401.89768","N","17420611000001107"
"2026-07","SOUTH WEST","Y58","NHS CORNWALL AND THE ISLES OF SCILLY INTEGRATED CARE BOARD","QT6","NHS CORNWALL AND THE ISLES OF SCILLY ICB - 11N","11N00","NARROWCLIFF SURGERY","L82029","NARROWCLIFF SURGERY","NARROWCLIFF","NEWQUAY","CORNWALL","TR7 2QF","0302000N0","Fluticasone propionate (Inhalation)","0302000N0BCABAY","Seretide 250 Accuhaler","03: Respiratory System","1.","3","3.","90.","101.85","96.81448","N","3187211000001106"
"2026-07","LONDON","Y56","NHS SOUTH EAST LONDON INTEGRATED CARE BOARD","QKK","NHS SOUTH EAST LONDON ICB - 72Q","72Q00","PLAS MEDDYG SURGERY","G83029","PLAS MEDDYG SURGERY","40 PARKHILL ROAD","BEXLEY","KENT","DA5 1HU","0212000B0","Atorvastatin","0212000B0BBABAB","Lipitor 20mg tablets","02: Cardiovascular System","84.","1","84.","84.","73.92","70.25076","N","232011000001102"
"2026-07","MIDLANDS","Y60","NHS BLACK COUNTRY INTEGRATED CARE BOARD","QUA","NHS BLACK COUNTRY ICB - D2P2L","D2P2L","PORTLAND MEDICAL PRACTICE","M91010","PORTLAND MEDICAL PRACTICE","ANCHOR MEADOW HEALTH CTR","ANCHOR MEADOW, ALDRIDGE","WALSALL","WS9 8AJ","0205052C0","Candesartan cilexetil","0205052C0AAADAD","Candesartan 16mg tablets","02: Cardiovascular System","7.","5","35.","70.","1.5","2.062","N","42371711000001104"
"2026-07","SOUTH EAST","Y59","NHS HAMPSHIRE AND ISLE OF WIGHT INTEGRATED CARE BOARD","QRL","NHS HAMPSHIRE AND ISLE OF WIGHT ICB - D9Y0V","D9Y0V","STOCKBRIDGE SURGERY","J82016","THE SURGERY","NEW STREET","STOCKBRIDGE","HAMPSHIRE","SO20 6HG","0704050R0","Tadalafil","0704050R0AAAAAA","Tadalafil 10mg tablets","07: Obstetrics, Gynaecology and Urinary-Tract Disorders","8.","11","88.","0.","18.26","15.82086","N","42090011000001102"
"2026-07","SOUTH EAST","Y59","NHS KENT AND MEDWAY INTEGRATED CARE BOARD","QKS","EAST KENT HOSPITALS UNIVERSITY NHS FOUNDATION TRUST","RVV00","EAST KENT ALLIANCE UTCS","Y06871","UTC WILLIAM HARVEY HOSP","KENNINGTON ROAD","ASHFORD","KENT","TN24 0LZ","0403030Q0","Sertraline hydrochloride","0403030Q0AAAAAA","Sertraline 50mg tablets","04: Central Nervous System","28.","4","112.","112.","4.04","4.0896","N","39704111000001102"
"2026-07","LONDON","Y56","NHS NORTH EAST LONDON INTEGRATED CARE BOARD","QMF","NHS NORTH EAST LONDON ICB - A3A8R","A3A8R","THE FOREST EDGE PRACTICE","F86007","THE FOREST EDGE PRACTICE","HAINAULT HEALTH CENTRE","MANFORD WAY, CHIGWELL","ESSEX","IG7 4DF","0205052N0","Losartan potassium","0205052N0AAAAAA","Losartan 25mg tablets","02: Cardiovascular System","7.","16","112.","56.","2.72","3.97313","N","42376811000001102"
"2026-07","NORTH WEST","Y62","NHS LANCASHIRE AND SOUTH CUMBRIA INTEGRATED CARE BOARD","QE1","NHS LANCASHIRE AND SOUTH CUMBRIA ICB - 01A","01A00","GREAT HARWOOD MEDICAL GROUP","P81730","GREAT HARWOOD HEALTH CTR","WATER STREET, GT HARWOOD","BLACKBURN","LANCASHIRE","BB6 7QR","0309010L0","Dextromethorphan hydrobromide","0309010L0AAAQAQ","Dextromethorphan 7.5mg/5ml oral solution sugar free","03: Respiratory System","250.","1","250.","0.","8.9","8.46913","N","4650911000001106"
"2026-07","MIDLANDS","Y60","NHS DERBY AND DERBYSHIRE INTEGRATED CARE BOARD","QJ2","NHS DERBY AND DERBYSHIRE ICB - 15M","15M00","LITTLEWICK MEDICAL CENTRE","C81061","LITTLEWICK MEDICAL CENTRE","42 NOTTINGHAM ROAD","ILKESTON","DERBYSHIRE","DE7 5PR","0205052AE","Sacubitril/valsartan","0205052AEAAAAAA","Sacubitril 49mg / Valsartan 51mg tablets","02: Cardiovascular System","56.","4","224.","0.","366.24","366.2896","N","31142111000001102"
"2026-07","NORTH WEST","Y62","NHS CHESHIRE AND MERSEYSIDE INTEGRATED CARE BOARD","QYG","NHS CHESHIRE AND MERSEYSIDE ICB - 02E","02E00","LATCHFORD MEDICAL CENTRE","N81065","LATCHFORD MEDICAL CENTRE","5 THELWALL LNE, LATCHFORD","WARRINGTON","CHESHIRE","WA4 1LJ","2130","Eye Products","21300000115","Hydromoor 0.3% eye drops 0.4ml unit dose preservative free","21: Appliances","60.","3","180.","0.","35.94","32.43037","N","10899411000001106"
"2026-07","NORTH EAST AND YORKSHIRE","Y63","NHS SOUTH YORKSHIRE INTEGRATED CARE BOARD","QF7","NHS SOUTH YORKSHIRE ICB - 02P","02P00","ROYSTON GROUP PRACTICE","C85005","ROYSTON GROUP PRACTICE","65D MIDLAND ROAD, ROYSTON","BARNSLEY","SOUTH YORKSHIRE","S71 4QW","0302000K0","Budesonide","0302000K0BDADBB","Symbicort 200microg/dose / 6microg/dose pressurised inh","03: Respiratory System","1.","3","3.","180.","84.","79.85352","N","32926011000001100"
"2026-07","SOUTH EAST","Y59","NHS THAMES VALLEY INTEGRATED CARE BOARD","S0E4D","NHS THAMES VALLEY ICB - 10Q","10Q00","THE RYCOTE GROUP","K84050","THAME HEALTH CENTRE","EAST STREET","THAME","OXFORDSHIRE","OX9 3JZ","2101","Other Appliances","21010900916","AllStar Pro hypod insulin inj pen reusable for 3ml cartridge 1 unit dial up /range 1-80 units silver","21: Appliances","1.","2","2.","0.","50.","45.09042","N","34918411000001109"
"2026-07","MIDLANDS","Y60","NHS STAFFORDSHIRE AND STOKE-ON-TRENT INTEGRATED CARE BOARD","QNC","NHS STAFFORDSHIRE AND STOKE-ON-TRENT ICB - 05V","05V00","CUMBERLAND HOUSE","M83020","CUMBERLAND HOUSE","8 HIGH STREET","STONE","STAFFORDSHIRE","ST15 8AP","1106000AL","Brinzolamide/brimonidine","1106000ALBBAAAA","Simbrinza 10mg/ml / 2mg/ml eye drops","11: Eye","10.","1","10.","0.","18.46","17.55299","N","24996711000001104"
"2026-07","NORTH EAST AND YORKSHIRE","Y63","NHS NORTH EAST AND NORTH CUMBRIA INTEGRATED CARE BOARD","QHM","NHS NORTH EAST AND NORTH CUMBRIA ICB - 16C","16C00","CROSSFELL HEALTH CENTRE","A81019","CROSSFELL ROAD","BERWICK HILLS","MIDDLESBROUGH","CLEVELAND","TS3 7RL","0407020C0","Codeine phosphate","0407020C0AAAEAE","Codeine 30mg tablets","04: Central Nervous System","14.","6","84.","28.","3.54","4.2144","N","42010411000001105"
"2026-07","SOUTH EAST","Y59","NHS SURREY AND SUSSEX INTEGRATED CARE BOARD","S9B9J","NHS SURREY AND SUSSEX ICB - 09D","09D00","WELLBN HEALTHCARE","G81638","18-19 WESTERN ROAD","","HOVE","EAST SUSSEX","BN3 1AE","0407041R0","Rizatriptan","0407041R0BBACAC","Maxalt Melt 10mg oral lyophilisates","04: Central Nervous System","12.","1","12.","12.","53.48","50.82879","N","3205011000001107"
"2026-07","SOUTH EAST","Y59","NHS SURREY AND SUSSEX INTEGRATED CARE BOARD","S9B9J","NHS SURREY AND SUSSEX ICB - 70F","70F00","WESTCOURT MEDICAL CENTRE","H82007","WESTCOURT MEDICAL CENTRE","12 THE STREET,RUSTINGTON","LITTLEHAMPTON","WEST SUSSEX","BN16 3NX","1001010P0","Naproxen","1001010P0AAAIAI","Naproxen 500mg gastro-resistant tablets","10: Musculoskeletal and Joint Diseases","56.","10","560.","373.33333","132.1","105.74231","N","42107611000001104"
"2026-07","EAST OF ENGLAND","Y61","NHS NORFOLK AND SUFFOLK INTEGRATED CARE BOARD","T6Y0W","NHS NORFOLK AND SUFFOLK ICB - 26A","26A00","LAKENHAM SURGERY","D82026","THE LAKENHAM SURGERY","1 NINHAM STREET, LAKENHAM","NORWICH","NORFOLK","NR1 3JJ","0602010V0","Levothyroxine sodium","0602010V0AABXBX","Levothyroxine sodium 50microgram tablets","06: Endocrine System","56.","35","1960.","980.","50.4","40.73046","N","39698611000001106"
"2026-07","EAST OF ENGLAND","Y61","NHS CENTRAL EAST INTEGRATED CARE BOARD","S1Y5D","NHS CENTRAL EAST ICB - 06N","06N00","GADE AND CHORLEYWOOD HEALTH CENTRES","E82068","99B UXBRIDGE ROAD","","RICKMANSWORTH","HERTFORDSHIRE","WD3 7DJ","0205040D0","Doxazosin mesilate","0205040D0AAAQAQ","Doxazosin 4mg modified-release tablets","02: Cardiovascular System","56.","5","280.","280.","39.3","37.40463","N","39020411000001106"
"2026-07","NORTH WEST","Y62","NHS CHESHIRE AND MERSEYSIDE INTEGRATED CARE BOARD","QYG","NHS CHESHIRE AND MERSEYSIDE ICB - 27D","27D00","LAUREL BANK SURGERY","N81038","LAUREL BANK SURGERY","OLD HALL STREET","MALPAS","CHESHIRE","SY14 8PS","0913011N0","Ready to serve 1.5 kcal/ml milkshake (0913011)","0913011N0BEAAAA","Ensure Plus milkshake style liquid (8 flavours)","09: Nutrition and Blood","4000.","1","4000.","0.","31.6","30.03854","N","433511000001102"
"2026-07","NORTH EAST AND YORKSHIRE","Y63","NHS NORTH EAST AND NORTH CUMBRIA INTEGRATED CARE BOARD","QHM","NHS NORTH EAST AND NORTH CUMBRIA ICB - 13T","13T00","GLENPARK & TEAMS MEDICAL SERVICES","A85006","RAVENSWORTH ROAD","DUNSTON","GATESHEAD","","NE11 9FJ","2315","Adhesive Removers (Sprays/Liquids/Wipes)","23154101508","Salts adhesive remover spray","23: Stoma Appliances","50.","1","50.","0.","7.28","7.28","N","24540411000001109"
"2026-07","NORTH EAST AND YORKSHIRE","Y63","NHS WEST YORKSHIRE INTEGRATED CARE BOARD","QWO","NHS WEST YORKSHIRE ICB - 36J","36J00","THE LISTER SURGERY","B83604","WESTBOURNE GREEN CHC CTR","50 HEATON ROAD","BRADFORD","WEST YORKSHIRE","BD8 8RA","2101","Other Appliances","21012600214","AactiWax Olive Oil ear drops","21: Appliances","10.","1","10.","0.","0.89","0.81457","N","44050311000001100"
"2026-07","MIDLANDS","Y60","NHS BLACK COUNTRY INTEGRATED CARE BOARD","QUA","NHS BLACK COUNTRY ICB - D2P2L","D2P2L","BLACKWOOD HEALTH CENTRE","M91637","BLACKWOOD HEALTH CENTRE","BLACKWOOD ROAD","STREETLY,SUTTON COLDFIELD","BIRMINGHAM","B74 3PL","2102","Catheters","21020000782","Biocath Comprehensive Care Foley Tray catheter male large 12Ch-16Ch","21: Appliances","2.","1","2.","0.","38.52","38.52","N","14988011000001104"
"2026-07","MIDLANDS","Y60","NHS BLACK COUNTRY INTEGRATED CARE BOARD","QUA","NHS BLACK COUNTRY ICB - D2P2L","D2P2L","GREAT BARR PRACTICE","M88015","379 QUESLETT ROAD","GREAT BARR","BIRMINGHAM","WEST MIDLANDS","B43 7HB","0401020K0","Diazepam","0401020K0AAAIAI","Diazepam 5mg tablets","04: Central Nervous System","12.","2","24.","12.","0.6","0.70452","N","42128311000001104"
"2026-07","NORTH WEST","Y62","NHS CHESHIRE AND MERSEYSIDE INTEGRATED CARE BOARD","QYG","NHS CHESHIRE AND MERSEYSIDE ICB - 02E","02E00","HELSBY STREET MED/CTR","N81041","HELSBY STREET MED/CTR","2 HELSBY STREET","WARRINGTON","CHESHIRE","WA1 3AW","0205051I0","Enalapril maleate","0205051I0AAACAC","Enalapril 10mg tablets","02: Cardiovascular System","84.","1","84.","84.","3.36","2.69883","N","42374011000001103"
"2026-07","LONDON","Y56","NHS NORTH EAST LONDON INTEGRATED CARE BOARD","QMF","NHS NORTH EAST LONDON ICB - A3A8R","A3A8R","THE WAPPING GROUP PRACTICE","F84079","THE WAPPING HEALTH CENTRE","22 WAPPING LANE","","LONDON","E1W 2RL","0109010U0","Ursodeoxycholic acid","0109010U0AAABAB","Ursodeoxycholic acid 250mg capsules","01: Gastro-Intestinal System","90.","1","90.","0.","29.97","24.0744","N","42359411000001109"
"2026-07","LONDON","Y56","NHS SOUTH WEST LONDON INTEGRATED CARE BOARD","QWE","NHS SOUTH WEST LONDON ICB - 36L","36L00","BRIGSTOCK MEDICAL PRACTICE","H83017","141 BRIGSTOCK ROAD","","THORNTON HEATH","SURREY","CR7 7JN","1001040G0","Colchicine","1001040G0AAACAC","Colchicine 500microgram tablets","10: Musculoskeletal and Joint Diseases","12.","4","48.","0.","0.72","1.02526","N","42101011000001101"
"2026-07","SOUTH EAST","Y59","NHS THAMES VALLEY INTEGRATED CARE BOARD","S0E4D","NHS THAMES VALLEY ICB - 10Q","10Q00","MANOR SURGERY","K84044","THE MANOR SURGERY","OSLER ROAD, HEADINGTON","OXFORD","","OX3 9BP","0401020K0","Diazepam","0401020K0AAAHAH","Diazepam 2mg tablets","04: Central Nervous System","14.","17","238.","47.6","5.95","6.66802","N","42128111000001101"
"2026-07","MIDLANDS","Y60","NHS LEICESTER, LEICESTERSHIRE AND RUTLAND INTEGRATED CARE BOARD","QK1","NHS LEICESTER, LEICESTERSHIRE AND RUTLAND ICB - 04V","04V00","SILVERDALE MEDICAL CENTRE","C82627","6 SILVERDALE DRIVE","THURMASTON","LEICESTER","LEICESTERSHIRE","LE4 8NN","2101","Other Appliances","21010900928","GreenFine hypodermic insulin needles for pre-filled / reusable pen injectors screw on 4mm/32gauge","21: Appliances","100.","7","700.","0.","19.25","17.43706","N","35337811000001101"
"2026-07","MIDLANDS","Y60","NHS NOTTINGHAM AND NOTTINGHAMSHIRE INTEGRATED CARE BOARD","QT1","NHS NOTTINGHAM AND NOTTINGHAMSHIRE ICB - 52R","52R00","ST GEORGES MED PRACTICE","C84086","ST GEORGES MED PRACTICE","93 MUSTERS ROAD","WEST BRIDGFORD","NOTTINGHAM","NG2 7PG","0206010K0","Isosorbide mononitrate","0206010K0CTAAAE","Tardisc XL 60 tablets","02: Cardiovascular System","56.","8","448.","0.","55.84","53.15805","N","17032811000001101"
"2026-07","LONDON","Y56","NHS WEST AND NORTH LONDON INTEGRATED CARE BOARD","Z9B2Z","NHS WEST AND NORTH LONDON ICB - W2U3Z","W2U3Z","ST JOHNS WOOD MEDICAL PRACTICE","E87609","BRAMPTON HOUSE","60 GROVE END ROAD","","LONDON","NW8 9NH","0204000K0","Metoprolol tartrate","0204000K0AAABAB","Metoprolol 50mg tablets","02: Cardiovascular System","56.","2","112.","37.33333","5.44","4.37426","N","42377411000001102"
"2026-07","SOUTH WEST","Y58","NHS BATH AND NORTH EAST SOMERSET, SWINDON AND WILTSHIRE INTEGRATED CARE BOARD","QOX","NHS BATH AND NORTH EAST SOMERSET, SWINDON AND WILTSHIRE ICB - 92G","92G00","GIFFORDS PRIMARY CARE CTR","J83011","GIFFORDS PRIMARY CARE CTR","SPA ROAD","MELKSHAM","WILTSHIRE","SN12 7EA","0602020D0","Carbimazole","0602020D0AAAAAA","Carbimazole 5mg tablets","06: Endocrine System","28.","6","168.","56.","2.46","2.64125","N","42081011000001107"
"2026-07","LONDON","Y56","NHS WEST AND NORTH LONDON INTEGRATED CARE BOARD","Z9B2Z","NHS WEST AND NORTH LONDON ICB - W2U3Z","W2U3Z","BACON LANE SURGERY","E84014","BACON LANE SURGERY","11 BACON LANE","EDGWARE","MIDDLESEX","HA8 5AT","0901011H0","Ferrous gluconate","0901011H0AAAAAA","Ferrous gluconate 300mg tablets","09: Nutrition and Blood","7.","4","28.","0.","6.32","5.50265","N","41985111000001101"
"2026-07","EAST OF ENGLAND","Y61","NHS ESSEX INTEGRATED CARE BOARD","D7T5G","NHS ESSEX ICB - 06T","06T00","HIGHWOODS SURGERY","F81679","HIGHWOODS SURGERY","HIGHWOODS SQUARE","COLCHESTER","ESSEX","CO4 9SR","0206020A0","Amlodipine","0206020A0AAABAB","Amlodipine 10mg tablets","02: Cardiovascular System","28.","157","4396.","8792.","113.04","92.32601","N","39731911000001109"
"2026-07","SOUTH EAST","Y59","NHS SURREY AND SUSSEX INTEGRATED CARE BOARD","S9B9J","NHS SURREY AND SUSSEX ICB - 09D","09D00","CHARTER MEDICAL CENTRE","G81034","THE CHARTER MEDICAL CTR","88 DAVIGDOR ROAD","HOVE","EAST SUSSEX","BN3 1RF","0106040M0","Macrogol 3350","0106040M0BCACAA","Laxido Orange oral powder sachets sugar free","01: Gastro-Intestinal System","30.","87","2610.","0.","530.73","505.6754","N","17420611000001107"
"2026-07","LONDON","Y56","NHS NORTH EAST LONDON INTEGRATED CARE BOARD","QMF","NHS NORTH EAST LONDON ICB - A3A8R","A3A8R","GREENGATE MEDICAL CENTRE","F84053","GREENGATE MEDICAL CENTRE","497 BARKING ROAD","PLAISTOW","LONDON","E13 8PS","0301011R0","Salbutamol","0301011R0AABDBD","Salbutamol 5mg/2.5ml nebuliser liquid unit dose vials","03: Respiratory System","20.","1","20.","10.","14.45","11.56565","N","39710011000001108"
"2026-07","SOUTH EAST","Y59","NHS SURREY AND SUSSEX INTEGRATED CARE BOARD","S9B9J","NHS SURREY AND SUSSEX ICB - 09D","09D00","SEVEN DIALS MEDICAL CENTRE","G81047","SEVEN DIALS MEDICAL CTR","24 MONTPELIER CRESCENT","BRIGHTON","EAST SUSSEX","BN1 3JJ","1001010P0","Naproxen","1001010P0AAADAD","Naproxen 250mg tablets","10: Musculoskeletal and Joint Diseases","28.","2","56.","18.66667","1.92","1.5599","N","42107511000001103"
"2026-07","SOUTH WEST","Y58","NHS DEVON INTEGRATED CARE BOARD","QJK","NHS DEVON ICB - 15N","15N00","WALLINGBROOK HEALTH CENTRE","L83025","WALLINGBROOK HEALTH CTR","BACK LANE","CHULMLEIGH","DEVON","EX18 7DL","0302000U0","Ciclesonide","0302000U0AAAAAA","Ciclesonide 80micrograms/dose inhaler CFC free","03: Respiratory System","1.","1","1.","60.","32.83","29.17614","N","9004511000001107"
"2026-07","MIDLANDS","Y60","NHS NOTTINGHAM AND NOTTINGHAMSHIRE INTEGRATED CARE BOARD","QT1","NHS NOTTINGHAM AND NOTTINGHAMSHIRE ICB - 52R","52R00","DERBY ROAD HEALTH CENTRE","C84039","DERBY ROAD HEALTH CENTRE","336 DERBY ROAD, LENTON","NOTTINGHAM","","NG7 2DW","0601012F0","Biphasic insulin lispro","0601012F0BBAFAC","Humalog Mix50 KwikPen 100units/ml inj 3ml pre-filled pens","06: Endocrine System","10.","4","40.","0.","247.84","247.8896","N","13884911000001102"
"2026-07","EAST OF ENGLAND","Y61","NHS NORFOLK AND SUFFOLK INTEGRATED CARE BOARD","T6Y0W","NHS NORFOLK AND SUFFOLK ICB - 26A","26A00","BRIDGE ROAD SURGERY","D83011","THE SURGERY","1A BRIDGE RD,OULTON BROAD","LOWESTOFT","SUFFOLK","NR32 3LJ","0409010N0","Co-careldopa (Carbidopa/levodopa)","0409010N0AAAGAG","Co-careldopa 25mg/100mg modified-release tablets","04: Central Nervous System","28.","2","56.","28.","10.82","10.5059","N","39109011000001105"
"2026-07","NORTH WEST","Y62","NHS GREATER MANCHESTER INTEGRATED CARE BOARD","QOP","NHS GREATER MANCHESTER ICB - 02A","02A00","PARTINGTON FAMILY PRACTICE","P91026","PARTINGTON HEALTH CENTRE","CENTRAL ROAD","PARTINGTON","MANCHESTER","M31 4FL","0402010AB","Quetiapine","0402010ABAAAVAV","Quetiapine 50mg modified-release tablets","04: Central Nervous System","21.","3","63.","10.5","71.04","67.839","N","14042811000001105"
"2026-07","NORTH WEST","Y62","NHS CHESHIRE AND MERSEYSIDE INTEGRATED CARE BOARD","QYG","NHS CHESHIRE AND MERSEYSIDE ICB - 01T","01T00","EASTVIEW SURGERY","N84011","EASTVIEW SURGERY","81 CROSBY RD NTH,WATERLOO","LIVERPOOL","","L22 4QD","0601023AG","Dapagliflozin","0601023AGAAABAB","Dapagliflozin 10mg tablets","06: Endocrine System","56.","1","56.","0.","4.98","4.9924","N","39689811000001104"
"2026-07","LONDON","Y56","NHS WEST AND NORTH LONDON INTEGRATED CARE BOARD","Z9B2Z","NHS WEST AND NORTH LONDON ICB - W2U3Z","W2U3Z","THE WARREN PRACTICE","E86019","THE WARREN PRACTICE","THE WARREN, UXBRIDGE ROAD","HAYES","MIDDLESEX","UB4 0SF","0206020A0","Amlodipine","0206020A0AAAAAA","Amlodipine 5mg tablets","02: Cardiovascular System","7.","96","672.","672.","15.36","23.07123","N","39732011000001102"
"2026-07","SOUTH EAST","Y59","NHS SURREY AND SUSSEX INTEGRATED CARE BOARD","S9B9J","NHS SURREY AND SUSSEX ICB - 92A","92A00","HYTHE MEDICAL CENTRE SURGERY","H81122","THE HYTHE MEDICAL CENTRE","ROCHESTER ROAD","OFF THORPE ROAD","STAINES, MIDDLESEX","TW18 3HN","0501013B0","Amoxicillin","0501013B0AAABAB","Amoxicillin 500mg capsules","05: Infections","15.","28","420.","280.","26.04","21.16704","N","39732411000001106"
"2026-07","NORTH EAST AND YORKSHIRE","Y63","NHS NORTH EAST AND NORTH CUMBRIA INTEGRATED CARE BOARD","QHM","NHS NORTH EAST AND NORTH CUMBRIA ICB - 13T","13T00","CHAINBRIDGE MEDICAL PARTNERSHIP","A85010","CHAINBRIDGE MEDICAL PSHIP","SHIBDON ROAD","BLAYDON","TYNE & WEAR","NE21 5AE","0205052I0","Irbesartan","0205052I0AAABAB","Irbesartan 150mg tablets","02: Cardiovascular System","28.","3","84.","84.","7.56","6.08167","N","42375311000001101"
"2026-07","NORTH EAST AND YORKSHIRE","Y63","NHS NORTH EAST AND NORTH CUMBRIA INTEGRATED CARE BOARD","QHM","NHS NORTH EAST AND NORTH CUMBRIA ICB - 16C","16C00","RIVERSIDE MEDICAL PRACTICE","A81629","RIVERSIDE MEDICAL PRACT","ALMA STREET","STOCKTON-ON-TEES","CLEVELAND","TS18 2AP","2122","Emollients","21220000111","Flexitol 25% Urea Heel Balm","21: Appliances","75.","1","75.","0.","4.04","3.6537","N","13131311000001104"
"2026-07","EAST OF ENGLAND","Y61","NHS CENTRAL EAST INTEGRATED CARE BOARD","S1Y5D","NHS CENTRAL EAST ICB - 06H","06H00","CENTRAL MEDICAL CENTRE","D81631","CENTRAL MEDICAL CENTRE","ST.MARTINS STREET","PETERBOROUGH","CAMBRIDGESHIRE","PE1 3BF","0101021B0","Alginic acid compound preparations","0101021B0BEASA0","Gaviscon Double Action Liquid peppermint","01: Gastro-Intestinal System","150.","1","150.","0.","4.4","4.19325","N","10654911000001103"
"2026-07","EAST OF ENGLAND","Y61","NHS CENTRAL EAST INTEGRATED CARE BOARD","S1Y5D","NHS CENTRAL EAST ICB - 06K","06K00","PEARTREE LANE SURGERY","E82040","PEARTREE LANE SURGERY","110 PEARTREE LANE","WELWYN GARDEN CITY","HERTFORDSHIRE","AL7 3UJ","0802010G0","Azathioprine","0802010G0AAADAD","Azathioprine 25mg tablets","08: Malignant Disease and Immunosuppression","7.","8","56.","0.","2.24","2.69015","N","41759011000001103"
"2026-07","SOUTH EAST","Y59","NHS THAMES VALLEY INTEGRATED CARE BOARD","S0E4D","NHS THAMES VALLEY ICB - 14Y","14Y00","PRIORY SURGERY","K82053","PRIORY SURGERY","24-26 PRIORY AVENUE","HIGH WYCOMBE","BUCKINGHAMSHIRE","HP13 6SH","1310020L0","Ketoconazole","1310020L0AAAAAA","Ketoconazole 2% cream","13: Skin","30.","1","30.","0.","4.24","4.04122","N","41902011000001106"
"2026-07","NORTH WEST","Y62","NHS LANCASHIRE AND SOUTH CUMBRIA INTEGRATED CARE BOARD","QE1","NHS LANCASHIRE AND SOUTH CUMBRIA ICB - 01E","01E00","BERRY LANE MEDICAL CENTRE","P81055","BERRY LANE MEDICAL CENTRE","BERRY LANE, LONGRIDGE","PRESTON","LANCASHIRE","PR3 3JJ","0408010U0","Primidone","0408010U0AAAXAX","Primidone 50mg tablets","04: Central Nervous System","100.","2","200.","20.","237.42","237.4448","N","42136011000001103"
"2026-07","NORTH WEST","Y62","NHS GREATER MANCHESTER INTEGRATED CARE BOARD","QOP","NHS GREATER MANCHESTER ICB - 14L","14L00","THE RANGE MEDICAL CENTRE","P84039","THE RANGE MEDICAL CENTRE","121 WITHINGTON ROAD","WHALLEY RANGE","MANCHESTER","M16 8EE","0411000G0","Memantine hydrochloride","0411000G0AAADAD","Memantine 20mg tablets","04: Central Nervous System","56.","1","56.","56.","2.78","2.2351","N","13939111000001104"
"2026-07","NORTH EAST AND YORKSHIRE","Y63","NHS HUMBER AND NORTH YORKSHIRE INTEGRATED CARE BOARD","QOQ","NHS HUMBER AND NORTH YORKSHIRE ICB - 42D","42D00","POSTERNGATE SURGERY","B82074","POSTERNGATE SURGERY","PORTHOLME ROAD","SELBY","NORTH YORKSHIRE","YO8 4QH","0408010H0","Lamotrigine","0408010H0AAAQAQ","Lamotrigine 25mg dispersible tablets sugar free","04: Central Nervous System","112.","1","112.","14.","39.56","31.64193","N","42130811000001107"
"2026-07","SOUTH WEST","Y58","NHS CORNWALL AND THE ISLES OF SCILLY INTEGRATED CARE BOARD","QT6","NHS CORNWALL AND THE ISLES OF SCILLY ICB - 11N","11N00","STENNACK SURGERY","Y01922","THE STENNACK SURGERY","THE OLD STENNACK SCHOOL","ST.IVES","CORNWALL","TR26 1RU","0407010H0","Paracetamol","0407010H0AADSDS","Paracetamol 500mg effervescent tablets","04: Central Nervous System","100.","2","200.","33.33333","12.62","10.11491","N","34878611000001106"
"2026-07","EAST OF ENGLAND","Y61","NHS NORFOLK AND SUFFOLK INTEGRATED CARE BOARD","T6Y0W","NHS NORFOLK AND SUFFOLK ICB - 06L","06L00","CARDINAL MEDICAL PRACTICE","D83050","2 DEBEN ROAD","IPSWICH","SUFFOLK","","IP1 5EN","0403030P0","Paroxetine hydrochloride","0403030P0AAAAAA","Paroxetine 20mg tablets","04: Central Nervous System","56.","1","56.","56.","2.18","1.85538","N","42276511000001105"
"2026-07","NORTH WEST","Y62","NHS LANCASHIRE AND SOUTH CUMBRIA INTEGRATED CARE BOARD","QE1","NHS LANCASHIRE AND SOUTH CUMBRIA ICB - 00R","00R00","ST PAULS MEDICAL CENTRE","P81063","ST PAULS MEDICAL CENTRE","DICKSON ROAD","BLACKPOOL","LANCASHIRE","FY1 2HH","040702040","Tramadol hydrochloride","040702040BNAEAD","Marol 150mg modified-release tablets (Teva)","04: Central Nervous System","56.","1","56.","42.","9.7","9.8124","N","19624611000001106"
"2026-07","SOUTH EAST","Y59","NHS KENT AND MEDWAY INTEGRATED CARE BOARD","QKS","NHS KENT AND MEDWAY ICB - 91Q","91Q00","REDWOOD PRACTICE","G82185","REDWOOD PRACTICE","DARTFORD WEST H/CTR","DARTFORD","KENT","DA1 2HA","0602010V0","Levothyroxine sodium","0602010V0AABXBX","Levothyroxine sodium 50microgram tablets","06: Endocrine System","56.","73","4088.","2044.","105.12","84.95211","N","39698611000001106"
"2026-07","MIDLANDS","Y60","NHS BIRMINGHAM AND SOLIHULL INTEGRATED CARE BOARD","QHL","NHS BIRMINGHAM AND SOLIHULL ICB - 15E","15E00","COTTERILS LANE SURGERY","M85680","75-77 COTTERILLS LANE","ALUM ROCK","BIRMINGHAM","","B8 3RZ","0601060D0","Glucose blood testing reagents","0601060D0EWAAA0","Instant testing strips","06: Endocrine System","50.","1","50.","0.","5.95","5.37521","N","39452011000001105"
"2026-07","SOUTH WEST","Y58","NHS DEVON INTEGRATED CARE BOARD","QJK","NHS DEVON ICB - 15N","15N00","ROWCROFT COMMUNITY SERVICES","Y04579","ROWCROFT HOSPICE","AVENUE ROAD","TORQUAY","DEVON","TQ2 5LS","0407020Q0","Morphine sulfate","0407020Q0BBALCF","MST Continus 15mg tablets","04: Central Nervous System","28.","1","28.","4.2","4.25","4.3624","N","272811000001105"
"2026-07","NORTH WEST","Y62","NHS LANCASHIRE AND SOUTH CUMBRIA INTEGRATED CARE BOARD","QE1","NHS LANCASHIRE AND SOUTH CUMBRIA ICB - 01K","01K00","ASH TREES SURGERY","P81029","ASH TREES SURGERY","MARKET STREET","CARNFORTH","LANCASHIRE","LA5 9JU","0407010F0","Co-codamol (Codeine phosphate/paracetamol)","0407010F0AAAHAH","Co-codamol 30mg/500mg tablets","04: Central Nervous System","30.","4","120.","20.","9.68","7.78908","N","42009811000001101"
"2026-07","MIDLANDS","Y60","NHS HEREFORDSHIRE AND WORCESTERSHIRE INTEGRATED CARE BOARD","QGH","NHS HEREFORDSHIRE AND WORCESTERSHIRE ICB - 18C","18C00","TENBURY SURGERY","M81042","THE SURGERY","34 TEME STREET","TENBURY WELLS","WORCESTERSHIRE","WR15 8AA","0301011R0","Salbutamol","0301011R0BIAGBU","Salamol 100micrograms/dose Easi-Breathe inhaler","03: Respiratory System","2.","1","2.","100.","12.6","11.98485","N","3215311000001107"
"2026-07","EAST OF ENGLAND","Y61","NHS ESSEX INTEGRATED CARE BOARD","D7T5G","NHS ESSEX ICB - 99G","99G00","COMMISCEO PRIMARY CARE SOLUTIONS OOH","Y06364","8 WESTLEY ROAD","","BASILDON","ESSEX","SS16 5PA","1304000V0","Hydrocortisone","1304000V0CHABCI","Canesten HC cream","13: Skin","30.","1","30.","0.","2.42","2.31187","N","125711000001105"
"2026-07","EAST OF ENGLAND","Y61","NHS NORFOLK AND SUFFOLK INTEGRATED CARE BOARD","T6Y0W","NHS NORFOLK AND SUFFOLK ICB - 07K","07K00","IXWORTH SURGERY","D83007","PEDDARS CLOSE","IXWORTH","BURY ST EDMUNDS","SUFFOLK","IP31 2HD","2130","Eye Products","21300000128","Carmize 1% eye drops 0.4ml unit dose preservative free","21: Appliances","60.","2","120.","0.","12.","10.84055","N","18326911000001100"
"2026-07","SOUTH EAST","Y59","NHS KENT AND MEDWAY INTEGRATED CARE BOARD","QKS","NHS KENT AND MEDWAY ICB - 91Q","91Q00","THE COLLEGE PRACTICE","G82099","THE COLLEGE PRACTICE","50-52 COLLEGE ROAD","MAIDSTONE","KENT","ME15 6SB","0501013K0","Co-amoxiclav (Amoxicillin/clavulanic acid)","0501013K0AAAGAG","Co-amoxiclav 250mg/62mg/5ml oral suspension sugar free","05: Infections","200.","3","600.","0.","37.5","35.66948","N","37083611000001104"
"2026-07","NORTH WEST","Y62","NHS CHESHIRE AND MERSEYSIDE INTEGRATED CARE BOARD","QYG","NHS CHESHIRE AND MERSEYSIDE ICB - 99A","99A00","WOOLTON HOUSE MEDICAL CTR","N82066","WOOLTON HOUSE MEDICAL CTR","4/6 WOOLTON ST, WOOLTON","LIVERPOOL","MERSEYSIDE","L25 5JA","0202030X0","Eplerenone","0202030X0AAAAAA","Eplerenone 25mg tablets","02: Cardiovascular System","28.","11","308.","0.","26.4","26.5364","N","42209511000001107"
"2026-07","SOUTH EAST","Y59","NHS SURREY AND SUSSEX INTEGRATED CARE BOARD","S9B9J","NHS SURREY AND SUSSEX ICB - 97R","97R00","HARBOUR MEDICAL PRACTICE","Y00080","HARBOUR MEDICAL PRACTICE","1 PACIFIC DRIVE","EASTBOURNE","EAST SUSSEX","BN23 6DW","0205051I0","Enalapril maleate","0205051I0AAAAAA","Enalapril 2.5mg tablets","02: Cardiovascular System","7.","6","42.","10.5","8.28","8.9544","N","42374111000001102"
"2026-07","SOUTH EAST","Y59","NHS HAMPSHIRE AND ISLE OF WIGHT INTEGRATED CARE BOARD","QRL","NHS HAMPSHIRE AND ISLE OF WIGHT ICB - D9Y0V","D9Y0V","THE OAKLEY HEALTH GROUP","J82049","51 FROGMORE ROAD","BLACKWATER","CAMBERLEY","SURREY","GU17 0DD","0801050P0","Hydroxycarbamide","0801050P0AAAAAA","Hydroxycarbamide 500mg capsules","08: Malignant Disease and Immunosuppression","30.","1","30.","0.","4.79","4.9024","N","41788411000001107"
"2026-07","MIDLANDS","Y60","NHS LEICESTER, LEICESTERSHIRE AND RUTLAND INTEGRATED CARE BOARD","QK1","NHS LEICESTER, LEICESTERSHIRE AND RUTLAND ICB - 04C","04C00","EAST PARK MEDICAL CENTRE (RP PANDYA)","C82037","264-266 EAST PARK ROAD","","LEICESTER","","LE5 5FD","0206030Z0","Ranolazine","0206030Z0AAABAB","Ranolazine 500mg modified-release tablets","02: Cardiovascular System","60.","8","480.","0.","53.76","53.8592","N","15000911000001101"
"2026-07","NORTH EAST AND YORKSHIRE","Y63","NHS NORTH EAST AND NORTH CUMBRIA INTEGRATED CARE BOARD","QHM","NHS NORTH EAST AND NORTH CUMBRIA ICB - 00N","00N00","IMEARY MEDICAL GROUP","A88601","STANHOPE PARADE HTH CTR","GORDON STREET","SOUTH SHIELDS","TYNE & WEAR","NE33 4JP","0603020T0","Prednisolone","0603020T0AAAAAA","Prednisolone 1mg tablets","06: Endocrine System","56.","3","168.","0.","4.08","3.29929","N","42086811000001106"
"2026-07","NORTH WEST","Y62","NHS CHESHIRE AND MERSEYSIDE INTEGRATED CARE BOARD","QYG","NHS CHESHIRE AND MERSEYSIDE ICB - 99A","99A00","PRIMARY CARE 24 OOH","Y06979","PC24,4-6 ENTERPRISE WAY","WAVERTREE TECHNOLOGY PARK","LIVERPOOL","","L13 1FB","0403030E0","Fluoxetine hydrochloride","0403030E0AAAAAA","Fluoxetine 20mg capsules","04: Central Nervous System","7.","2","14.","14.","0.58","0.68853","N","42271711000001106"
"2026-07","SOUTH WEST","Y58","NHS GLOUCESTERSHIRE INTEGRATED CARE BOARD","QR1","NHS GLOUCESTERSHIRE ICB - 11M","11M00","FRITHWOOD SURGERY","L84016","FRITHWOOD SURGERY","45 TANGLEWOOD WAY","BUSSAGE,STROUD","GLOUCESTERSHIRE","GL6 8DE","0401020K0","Diazepam","0401020K0AAAHAH","Diazepam 2mg tablets","04: Central Nervous System","9.","1","9.","1.8","0.22","0.19551","N","42128111000001101"
"2026-07","LONDON","Y56","NHS SOUTH EAST LONDON INTEGRATED CARE BOARD","QKK","NHS SOUTH EAST LONDON ICB - 72Q","72Q00","NEW ELTHAM AND BLACKFEN MEDICAL CENTRE","G83628","THE SURGERY","52 THAXTED ROAD","NEW ELTHAM","LONDON","SE9 3PT","2315","Adhesive Removers (Sprays/Liquids/Wipes)","23150101504","Adapt No-Sting medical adhesive remover aerosol","23: Stoma Appliances","200.","1","200.","0.","23.48","23.48","N","6838811000001100"
"2026-07","NORTH EAST AND YORKSHIRE","Y63","NHS HUMBER AND NORTH YORKSHIRE INTEGRATED CARE BOARD","QOQ","NHS HUMBER AND NORTH YORKSHIRE ICB - 03F","03F00","KINGSTON HEALTH (HULL)","B81011","WHEELER STREET HEALTHCARE","WHEELER STREET","ANLABY ROAD","KINGSTON UPON HULL","HU3 5QE","0408010AE","Pregabalin","0408010AEAAAGAG","Pregabalin 300mg capsules","04: Central Nervous System","168.","1","168.","168.","7.38","7.3924","N","42135511000001104"
"2026-07","SOUTH WEST","Y58","NHS BRISTOL, NORTH SOMERSET AND SOUTH GLOUCESTERSHIRE INTEGRATED CARE BOARD","QUY","NHS BRISTOL, NORTH SOMERSET AND SOUTH GLOUCESTERSHIRE ICB - 15C","15C00","THE ARMADA FAMILY PRACTICE","L81031","THE ARMADA FAMILY PRACT","WHITCHURCH H/C,ARMADA RD","WHITCHURCH,BRISTOL","","BS14 0SU","0402010AB","Quetiapine","0402010ABAAACAC","Quetiapine 100mg tablets","04: Central Nervous System","14.","3","42.","14.","1.65","1.65643","N","42278011000001103"
"2026-07","EAST OF ENGLAND","Y61","NHS CENTRAL EAST INTEGRATED CARE BOARD","S1Y5D","NHS CENTRAL EAST ICB - M1J4Y","M1J4Y","THE TOWN CENTRE PRACTICE","Y02463","14-16 CHAPEL STREET","","LUTON","BEDFORDSHIRE","LU1 2SE","2124","Nasal Products","21240000162","Sterimar Baby 31.8% isotonic nasal spray","21: Appliances","50.","1","50.","0.","2.93","2.65325","N","21245811000001100"
"2026-07","LONDON","Y56","NHS WEST AND NORTH LONDON INTEGRATED CARE BOARD","Z9B2Z","NHS WEST AND NORTH LONDON ICB - W2U3Z","W2U3Z","THE LAW MEDICAL GROUP PRACTICE","E84006","THE LAW MEDICAL GRP PRAC","9-11 WROTTESLEY ROAD","WILLESDEN","LONDON","NW10 5UY","0601023AM","Canagliflozin","0601023AMAAABAB","Canagliflozin 300mg tablets","06: Endocrine System","7.","11","77.","0.","100.65","96.87345","N","24104511000001103"
"2026-07","SOUTH EAST","Y59","NHS SURREY AND SUSSEX INTEGRATED CARE BOARD","S9B9J","NHS SURREY AND SUSSEX ICB - 92A","92A00","GRAYSHOTT SURGERY","H81076","THE GRAYSHOTT SURGERY","BOUNDARY ROAD, GRAYSHOTT","HINDHEAD","SURREY","GU26 6TY","0106020V0","Sennosides","0106020V0BCABAB","Senokot 7.5mg/5ml Syrup 12 Years Plus (Reckitt)","01: Gastro-Intestinal System","500.","1","500.","50.","11.14","10.59756","N","9553811000001103"
"2026-07","NORTH WEST","Y62","NHS CHESHIRE AND MERSEYSIDE INTEGRATED CARE BOARD","QYG","NHS CHESHIRE AND MERSEYSIDE ICB - 99A","99A00","THE VILLAGE SURGERY","N82034","SOUTH LIVERPOOL NHS T.CTR","32 CHURCH ROAD","LIVERPOOL","","L19 2LW","0906040G0","Colecalciferol","0906040G0BXAAAN","Fultium-D3 800unit capsules (Thornton & Ross)","09: Nutrition and Blood","8.","1","8.","0.","0.96","1.02459","N","19920511000001104"
"2026-07","LONDON","Y56","NHS SOUTH WEST LONDON INTEGRATED CARE BOARD","QWE","NHS SOUTH WEST LONDON ICB - 36L","36L00","ROEHAMPTON SURGERY","H85008","191 ROEHAMPTON LANE","ROEHAMPTON","LONDON","","SW15 4HN","0604011G0","Estradiol","0604011G0BFAABL","Evorel 50 patches","06: Endocrine System","16.","1","16.","0.","9.25","8.9017","N","2942311000001102"
"2026-07","SOUTH EAST","Y59","NHS THAMES VALLEY INTEGRATED CARE BOARD","S0E4D","NHS THAMES VALLEY ICB - 14Y","14Y00","HUGHENDEN VALLEY SURGERY","K82049","HUGHENDEN VALLEY SURGERY","VALLEY ROAD","HIGH WYCOMBE","BUCKINGHAMSHIRE","HP14 4LG","0205051M0","Perindopril erbumine","0205051M0AAAFAF","Perindopril erbumine 8mg tablets","02: Cardiovascular System","7.","12","84.","168.","36.84","35.14925","N","17218111000001108"
"2026-07","SOUTH EAST","Y59","NHS SURREY AND SUSSEX INTEGRATED CARE BOARD","S9B9J","NHS SURREY AND SUSSEX ICB - 97R","97R00","HASTINGS OLD TOWN SURGERY","G81095","THE ICE HOUSE","ROCK-A-NORE ROAD","HASTINGS","EAST SUSSEX","TN34 3DW","0704010W0","Solifenacin/tamsulosin","0704010W0BBAAAA","Vesomni 6mg/0.4mg modified-release tablets","07: Obstetrics, Gynaecology and Urinary-Tract Disorders","90.","1","90.","0.","82.86","78.7455","N","23675011000001103"
"2026-07","LONDON","Y56","NHS WEST AND NORTH LONDON INTEGRATED CARE BOARD","Z9B2Z","NHS WEST AND NORTH LONDON ICB - W2U3Z","W2U3Z","HAYES MEDICAL CENTRE","E86017","HAYES MEDICAL CENTRE","157 OLD STATION ROAD","HAYES","MIDDLESEX","UB3 4NA","0302000AB","BeclometDiprop/Formoterol","0302000ABBFAAAB","Luforbec 100micrograms/dose / 6micrograms/dose inhaler","03: Respiratory System","2.","2","4.","0.","55.92","55.9448","N","39817511000001103"
"2026-07","LONDON","Y56","NHS NORTH EAST LONDON INTEGRATED CARE BOARD","QMF","NHS NORTH EAST LONDON ICB - A3A8R","A3A8R","THE VICARAGE LANE SURGERY","F84730","VICARAGE LANE HEALTH CTR","10 VICARAGE LANE","STRATFORD","LONDON","E15 4ES","2101","Other Appliances","21012200120","StatLock all silicone foley catheter stabilisation device","21: Appliances","5.","1","5.","0.","14.41","14.41","N","12078511000001103"
"2026-07","SOUTH EAST","Y59","NHS HAMPSHIRE AND ISLE OF WIGHT INTEGRATED CARE BOARD","QRL","NHS HAMPSHIRE AND ISLE OF WIGHT ICB - D9Y0V","D9Y0V","SHEPHERDS SPRING MEDICAL CENTRE","J82082","SHEPHERD SPRING MED CTR","THE OVAL","ANDOVER","HAMPSHIRE","SP10 5DE","2003","Wound Management & Other Dressings","20030100120","Inadine dressing 5cm x 5cm","20: Dressings","5.","1","5.","0.","1.75","1.5897","N","644011000001106"
"2026-07","MIDLANDS","Y60","NHS BLACK COUNTRY INTEGRATED CARE BOARD","QUA","NHS BLACK COUNTRY ICB - D2P2L","D2P2L","THE SUMMERHILL SURGERY","M87018","THE SURGERY","SUMMERHILL","KINGSWINFORD","WEST MIDLANDS","DY6 9JG","0407041A0","Analgesics with anti-emetics","0407041A0BBAAAA","Migraleve tablets","04: Central Nervous System","24.","1","24.","0.","8.98","8.55754","N","3363411000001108"
"2026-07","NORTH WEST","Y62","NHS CHESHIRE AND MERSEYSIDE INTEGRATED CARE BOARD","QYG","NHS CHESHIRE AND MERSEYSIDE ICB - 99A","99A00","TOWNSEND MEDICAL CENTRE","N82052","TOWNSEND MEDICAL CENTRE","98 TOWNSEND LANE","LIVERPOOL","MERSEYSIDE","L6 0BB","0601022B0","Metformin hydrochloride","0601022B0BMAAAV","Sukkarto SR 1000mg tablets","06: Endocrine System","112.","1","112.","74.66667","10.48","9.97044","N","24568211000001104"
"2026-07","NORTH WEST","Y62","NHS GREATER MANCHESTER INTEGRATED CARE BOARD","QOP","NHS GREATER MANCHESTER ICB - 00T","00T00","BOLTON GENERAL PRACTICE","Y02319","BOLTON GENERAL PRACTICE","2-4 MOOR LANE","BOLTON","","BL1 4TH","0501013K0","Co-amoxiclav (Amoxicillin/clavulanic acid)","0501013K0AAAJAJ","Co-amoxiclav 500mg/125mg tablets","05: Infections","21.","2","42.","14.","4.26","3.43081","N","39732211000001107"
"2026-07","SOUTH EAST","Y59","NHS THAMES VALLEY INTEGRATED CARE BOARD","S0E4D","NHS THAMES VALLEY ICB - 15A","15A00","MILMAN & KENNET SURGERY","K81040","MILMAN ROAD HEALTH CENTRE","1ST FLOOR, 50 MILMAN ROAD","READING","BERKSHIRE","RG2 0AR","0407010F0","Co-codamol (Codeine phosphate/paracetamol)","0407010F0AAAAAA","Co-codamol 8mg/500mg tablets","04: Central Nervous System","100.","6","600.","100.","22.38","17.96795","N","42010211000001106"
"2026-07","LONDON","Y56","NHS NORTH EAST LONDON INTEGRATED CARE BOARD","QMF","NHS NORTH EAST LONDON ICB - A3A8R","A3A8R","HEATHWAY MEDICAL CENTRE","F82634","BROAD STREET RESOURCE CTR","MORELAND ROAD","DAGENHAM","ESSEX","RM10 9HU","0103050P0","Omeprazole","0103050P0AAAAAA","Omeprazole 20mg gastro-resistant capsules","01: Gastro-Intestinal System","35.","1","35.","35.","1.08","0.9759","N","42356411000001102"
"2026-07","NORTH EAST AND YORKSHIRE","Y63","NHS NORTH EAST AND NORTH CUMBRIA INTEGRATED CARE BOARD","QHM","NHS NORTH EAST AND NORTH CUMBRIA ICB - 13T","13T00","CRAWCROOK MEDICAL CENTRE","A85014","PATTINSON DRIVE","CRAWCROOK","RYTON","TYNE & WEAR","NE40 4US","0602020D0","Carbimazole","0602020D0AAABAB","Carbimazole 20mg tablets","06: Endocrine System","56.","2","112.","149.33333","2.36","2.1117","N","42080911000001104"
"2026-07","NORTH WEST","Y62","NHS CHESHIRE AND MERSEYSIDE INTEGRATED CARE BOARD","QYG","NHS CHESHIRE AND MERSEYSIDE ICB - 01J","01J00","THE MACMILLAN SURGERY","N83601","ST CHADS CENTRE","ST CHADS DRIVE","KIRKBY","MERSEYSIDE","L32 8RE","0601023AZ","Tirzepatide","0601023AZBBADAD","Mounjaro KwikPen 15mg/0.6ml inj 2.4ml pre-filled pens","06: Endocrine System","1.","3","3.","0.","990.","990.0372","N","42598711000001100"
"2026-07","EAST OF ENGLAND","Y61","NHS CENTRAL EAST INTEGRATED CARE BOARD","S1Y5D","NHS CENTRAL EAST ICB - M1J4Y","M1J4Y","GOLDINGTON AVENUE SURGERY","E81047","85 GOLDINGTON AVENUE","","BEDFORD","BEDFORDSHIRE","MK40 3DB","0407041M0","Naratriptan hydrochloride","0407041M0AAAAAA","Naratriptan 2.5mg tablets","04: Central Nervous System","12.","2","24.","24.","5.08","4.08643","N","42108011000001107"
"2026-07","LONDON","Y56","NHS SOUTH EAST LONDON INTEGRATED CARE BOARD","QKK","NHS SOUTH EAST LONDON ICB - 72Q","72Q00","WOOLSTONE MEDICAL CENTRE","G85061","WOOLSTONE MEDICAL CENTRE","WOOLSTONE ROAD","LEWISHAM","LONDON","SE23 2SG","040201030","Risperidone","040201030AAAKAK","Risperidone 500microgram tablets","04: Central Nervous System","30.","1","30.","3.","3.54","2.94275","N","42279211000001103"
"2026-07","NORTH WEST","Y62","NHS LANCASHIRE AND SOUTH CUMBRIA INTEGRATED CARE BOARD","QE1","NHS LANCASHIRE AND SOUTH CUMBRIA ICB - 01A","01A00","BRIERCLIFFE SURGERY","P81053","BRIERCLIFFE PRIM CARE CTR","BRIERCLIFFE ROAD","BURNLEY","","BB10 2EZ","0205052AE","Sacubitril/valsartan","0205052AEAAACAC","Sacubitril 24mg / Valsartan 26mg tablets","02: Cardiovascular System","28.","3","84.","0.","137.34","137.3772","N","31142011000001103"
"2026-07","MIDLANDS","Y60","NHS SHROPSHIRE, TELFORD AND WREKIN INTEGRATED CARE BOARD","QOC","NHS SHROPSHIRE, TELFORD AND WREKIN ICB - M2L0M","M2L0M","PLAS FFYNNON MEDICAL CTRE","M82005","PLAS FFYNNON MEDICAL CTRE","MIDDLETON ROAD","OSWESTRY","SHROPSHIRE","SY11 2RB","0407010F0","Co-codamol (Codeine phosphate/paracetamol)","0407010F0AAACAC","Co-codamol 8mg/500mg effervescent tablets","04: Central Nervous System","200.","2","400.","66.66667","33.76","33.7848","N","42010111000001100"
"2026-07","NORTH EAST AND YORKSHIRE","Y63","NHS NORTH EAST AND NORTH CUMBRIA INTEGRATED CARE BOARD","QHM","NHS NORTH EAST AND NORTH CUMBRIA ICB - 84H","84H00","BOWBURN MEDICAL CENTRE","A83635","BOWBURN MEDICAL CENTRE","BOW STREET, BOWBURN","DURHAM","","DH6 5AL","0501050H0","Erythromycin ethylsuccinate","0501050H0AAACAC","Erythromycin ethyl succinate 500mg/5ml oral suspension","05: Infections","200.","1","200.","20.","53.56","50.9048","N","41949211000001102"
"2026-07","SOUTH WEST","Y58","NHS GLOUCESTERSHIRE INTEGRATED CARE BOARD","QR1","NHS GLOUCESTERSHIRE ICB - 11M","11M00","THE HOLTS HEALTH CENTRE","L84037","THE HOLTS HEALTH CENTRE","WATERY LANE","NEWENT","GLOUCESTERSHIRE","GL18 1BA","0206020C0","Diltiazem hydrochloride","0206020C0BFAFAE","Adizem-XL 300mg capsules","02: Cardiovascular System","28.","2","56.","93.33333","18.28","17.39435","N","2886111000001104"
"2026-07","LONDON","Y56","NHS WEST AND NORTH LONDON INTEGRATED CARE BOARD","Z9B2Z","NHS WEST AND NORTH LONDON ICB - 93C","93C00","THE RISE GROUP PRACTICE","F83039","HORNSEY RISE HEALTH CTR","HORNSEY RISE","LONDON","","N19 3YU","1202010U0","Mometasone furoate","1202010U0BBAAAA","Nasonex 50micrograms/dose nasal spray","12: Ear, Nose and Oropharynx","1.","3","3.","52.5","23.04","21.92968","N","123711000001109"
"2026-07","MIDLANDS","Y60","NHS STAFFORDSHIRE AND STOKE-ON-TRENT INTEGRATED CARE BOARD","QNC","NHS STAFFORDSHIRE AND STOKE-ON-TRENT ICB - 05D","05D00","WINSHILL","Y00078","WINSHILL HEALTH CENTRE","MELBOURNE AVENUE","WINSHILL","BURTON ON TRENT","DE15 0EP","2130","Eye Products","21300000171","Xailin HA 0.2% eye drops","21: Appliances","10.","1","10.","0.","7.85","7.0877","N","35279511000001104"
"2026-07","NORTH EAST AND YORKSHIRE","Y63","NHS SOUTH YORKSHIRE INTEGRATED CARE BOARD","QF7","NHS SOUTH YORKSHIRE ICB - 03N","03N00","NORWOOD MEDICAL CENTRE","C88014","NORWOOD MEDICAL CENTRE","360 HERRIES ROAD","SHEFFIELD","SOUTH YORKSHIRE","S5 7HD","0205051R0","Ramipril","0205051R0AAACAC","Ramipril 5mg capsules","02: Cardiovascular System","56.","14","784.","784.","82.6","82.7736","N","42381611000001104"
"2026-07","MIDLANDS","Y60","NHS HEREFORDSHIRE AND WORCESTERSHIRE INTEGRATED CARE BOARD","QGH","NHS HEREFORDSHIRE AND WORCESTERSHIRE ICB - 18C","18C00","WINYATES HEALTH CENTRE","M81019","WINYATES HEALTH CENTRE","WINYATES WAY","REDDITCH","WORCESTERSHIRE","B98 0NR","0601012W0","Biphasic insulin aspart","0601012W0BBABAB","NovoMix 30 FlexPen 100units/ml inj 3ml pre-filled pens","06: Endocrine System","10.","2","20.","0.","119.56","119.5848","N","3277211000001104"
"2026-07","NORTH EAST AND YORKSHIRE","Y63","NHS NORTH EAST AND NORTH CUMBRIA INTEGRATED CARE BOARD","QHM","NHS NORTH EAST AND NORTH CUMBRIA ICB - 84H","84H00","CEDARS MEDICAL GROUP","A83038","CEDARS MEDICAL GROUP","CEDAR CRES, BURNOPFIELD","NEWCASTLE UPON TYNE","","NE16 6HU","0403010X0","Trazodone hydrochloride","0403010X0AAADAD","Trazodone 150mg tablets","04: Central Nervous System","4.","2","8.","8.","0.48","0.60858","N","42280611000001101"
"2026-07","MIDLANDS","Y60","NHS DERBY AND DERBYSHIRE INTEGRATED CARE BOARD","QJ2","NHS DERBY AND DERBYSHIRE ICB - 15M","15M00","THE VALLEYS MEDICAL PARTNERSHIP","C81002","GOSBER ROAD","ECKINGTON","SHEFFIELD","","S21 4BZ","0601060D0","Glucose blood testing reagents","0601060D0CIAAA0","WaveSense JAZZ testing strips","06: Endocrine System","150.","3","450.","0.","78.66","70.93444","N","13911411000001101"
"2026-07","NORTH WEST","Y62","NHS GREATER MANCHESTER INTEGRATED CARE BOARD","QOP","NHS GREATER MANCHESTER ICB - 02H","02H00","ELLIOTT STREET SURGERY","P92028","145 ELLIOTT STREET","TYLDESLEY","MANCHESTER","","M29 8FL","0206030Y0","Ivabradine","0206030Y0AAAAAA","Ivabradine 5mg tablets","02: Cardiovascular System","112.","1","112.","0.","6.28","5.03347","N","9831411000001101"
"2026-07","SOUTH EAST","Y59","NHS KENT AND MEDWAY INTEGRATED CARE BOARD","QKS","NHS KENT AND MEDWAY ICB - 91Q","91Q00","OAK HALL","G82147","OAK HALL SURGERY","41-43 HIGH STREET","NEW ROMNEY","KENT","TN28 8BW","0302000AA","BeclometDiprop/Formoterol/Glycopyrronium (Corticosteroids)","0302000AABBACAC","Trimbow NEXThaler 88microg/5microg/9microg/dose dry pdr inh","03: Respiratory System","1.","2","2.","0.","89.","84.59209","N","39993311000001105"
"2026-07","NORTH WEST","Y62","NHS CHESHIRE AND MERSEYSIDE INTEGRATED CARE BOARD","QYG","NHS CHESHIRE AND MERSEYSIDE ICB - 01T","01T00","FORD MEDICAL PRACTICE","N84029","FORD MEDICAL PRACTICE","91/93 GORSEY LANE","LITHERLAND","LIVERPOOL","L21 0DF","0403030P0","Paroxetine hydrochloride","0403030P0AAALAL","Paroxetine 40mg tablets","04: Central Nervous System","30.","1","30.","60.","6.39","5.12142","N","42276711000001100"
"2026-07","SOUTH EAST","Y59","NHS SURREY AND SUSSEX INTEGRATED CARE BOARD","S9B9J","NHS SURREY AND SUSSEX ICB - 97R","97R00","HAILSHAM MEDICAL GROUP","G81059","","","","","","0208020V0","Warfarin sodium","0208020V0AAADAD","Warfarin 5mg tablets","02: Cardiovascular System","28.","2","56.","0.","1.64","1.33603","N","42217911000001105"
"2026-07","MIDLANDS","Y60","NHS BLACK COUNTRY INTEGRATED CARE BOARD","QUA","NHS BLACK COUNTRY ICB - D2P2L","D2P2L","PEDMORE MEDICAL PRACTICE","M87030","22 PEDMORE ROAD","LYE","STOURBRIDGE","WEST MIDLANDS","DY9 8DJ","0905013A0","Magnesium aspartate","0905013A0BDABAH","Magnaspartate 243mg (magnesium 10mmol) oral powder sachets","09: Nutrition and Blood","14.","1","14.","0.","13.23","12.68347","N","29094711000001102"
"2026-07","NORTH WEST","Y62","NHS GREATER MANCHESTER INTEGRATED CARE BOARD","QOP","NHS GREATER MANCHESTER ICB - 02H","02H00","EXTENDED ACCESS","Y05088","BEVAN HSE,17 BEECHAM CRT","SMITHY BROOK ROAD","WIGAN","","WN3 6PR","0406000T0","Prochlorperazine maleate","0406000T0AAAGAG","Prochlorperazine 5mg tablets","04: Central Nervous System","42.","3","126.","63.","3.96","3.50335","N","42040311000001105"
"2026-07","LONDON","Y56","NHS WEST AND NORTH LONDON INTEGRATED CARE BOARD","Z9B2Z","NHS WEST AND NORTH LONDON ICB - W2U3Z","W2U3Z","ASHCHURCH SURGERY","E85032","THE ASHCHURCH SURGERY","134 ASKEW ROAD","SHEPHERDS BUSH","LONDON","W12 9BP","0106020I0","Docusate sodium","0106020I0AAAIAI","Docusate 50mg/5ml oral solution sugar free","01: Gastro-Intestinal System","600.","1","600.","30.","35.38","28.29988","N","42353411000001107"
"2026-07","NORTH EAST AND YORKSHIRE","Y63","NHS HUMBER AND NORTH YORKSHIRE INTEGRATED CARE BOARD","QOQ","NHS HUMBER AND NORTH YORKSHIRE ICB - 02Y","02Y00","WILLERBY AND SWANLAND SURGERY","B81024","WILLAND PRIMARY CARE CTR","LOWFIELD ROAD, ANLABY","","","HU10 7JR","0304010G0","Chlorphenamine maleate","0304010G0AAACAC","Chlorphenamine 4mg tablets","03: Respiratory System","21.","4","84.","0.","2.16","2.17659","N","39708211000001102"
"2026-07","SOUTH WEST","Y58","NHS DEVON INTEGRATED CARE BOARD","QJK","NHS DEVON ICB - 15N","15N00","MAYFLOWER MEDICAL GROUP","L83006","STIRLING ROAD MEDICAL CTR","STIRLING ROAD","PLYMOUTH","DEVON","PL5 1PL","0605020E0","Desmopressin acetate","0605020E0AABYBY","Desmopressin 120microgram sublingual tablets sugar free","06: Endocrine System","60.","5","300.","0.","136.9","109.51807","N","41556511000001100"
"2026-07","SOUTH WEST","Y58","NHS CORNWALL AND THE ISLES OF SCILLY INTEGRATED CARE BOARD","QT6","NHS CORNWALL AND THE ISLES OF SCILLY ICB - 11N","11N00","RAME GROUP PRACTICE","Y00969","PENNTORR HEALTH","TREVOL ROAD","TORPOINT","CORNWALL","PL11 2TB","040201030","Risperidone","040201030AAATAT","Risperidone 250microgram tablets","04: Central Nervous System","56.","2","112.","5.6","212.8","202.42614","N","38696711000001103"
"2026-07","NORTH EAST AND YORKSHIRE","Y63","NHS SOUTH YORKSHIRE INTEGRATED CARE BOARD","QF7","NHS SOUTH YORKSHIRE ICB - 02P","02P00","HOYLAND MEDICAL PRACTICE","C85022","THE HOYLAND CENTRE","HIGH CROFT, HOYLAND","BARNSLEY","SOUTH YORKSHIRE","S74 9AF","1304000V0","Hydrocortisone","1304000V0AAACAC","Hydrocortisone 0.5% cream","13: Skin","30.","1","30.","0.","88.","83.62949","N","41899811000001104"
"2026-07","SOUTH EAST","Y59","NHS KENT AND MEDWAY INTEGRATED CARE BOARD","QKS","NHS KENT AND MEDWAY ICB - 91Q","91Q00","AYLESHAM MEDICAL PRACTICE","G82211","AYLESHAM HEALTH CENTRE","QUEENS ROAD, AYLESHAM","CANTERBURY","KENT","CT3 3BB","0407020Q0","Morphine sulfate","0407020Q0AACNCN","Morphine sulfate 10mg/5ml oral solution","04: Central Nervous System","600.","1","600.","12.","12.56","10.05453","N","36128311000001101"
"2026-07","LONDON","Y56","NHS NORTH EAST LONDON INTEGRATED CARE BOARD","QMF","NHS NORTH EAST LONDON ICB - A3A8R","A3A8R","ASPIRE MEDICAL CENTRE","F84010","269 BARKING ROAD","","EAST HAM","LONDON","E6 1FL","0407010H0","Paracetamol","0407010H0AAAMAM","Paracetamol 500mg tablets","04: Central Nervous System","60.","13","780.","130.","15.6","13.93391","N","42109611000001109"
"2026-07","LONDON","Y56","NHS NORTH EAST LONDON INTEGRATED CARE BOARD","QMF","NHS NORTH EAST LONDON ICB - A3A8R","A3A8R","E12 HEALTH","F84121","E12 HEALTH CENTRE","THE CENTRE, 30 CHURCH RD","MANOR PARK","LONDON","E12 6AQ","0411000D0","Donepezil hydrochloride","0411000D0AAAEAE","Donepezil 10mg orodispersible tablets sugar free","04: Central Nervous System","28.","7","196.","261.33333","382.41","305.83622","N","11140311000001101"
"2026-07","NORTH WEST","Y62","NHS CHESHIRE AND MERSEYSIDE INTEGRATED CARE BOARD","QYG","NHS CHESHIRE AND MERSEYSIDE ICB - 01X","01X00","PATTERDALE LODGE MED CTRE","N83002","PATTERDALE LODGE MED CTR","LEGH STREET","NEWTON-LE-WILLOWS","MERSEYSIDE","WA12 9NA","0403040W0","Venlafaxine","0403040W0AAAAAA","Venlafaxine 37.5mg tablets","04: Central Nervous System","84.","1","84.","31.5","7.16","7.2724","N","39707611000001104"
"2026-07","SOUTH EAST","Y59","NHS KENT AND MEDWAY INTEGRATED CARE BOARD","QKS","NHS KENT AND MEDWAY ICB - 91Q","91Q00","FAVERSHAM MEDICAL PRACTICE","G82027","THE FAVERSHAM HEALTH CTR","BANK STREET","FAVERSHAM","KENT","ME13 8QR","0401010AD","Melatonin","0401010ADAACPCP","Melatonin 4mg tablets","04: Central Nervous System","30.","1","30.","0.","10.89","10.36002","N","34447811000001100"
"2026-07","LONDON","Y56","NHS WEST AND NORTH LONDON INTEGRATED CARE BOARD","Z9B2Z","NHS WEST AND NORTH LONDON ICB - W2U3Z","W2U3Z","PRESTON MEDICAL CENTRE","E84678","PRESTON MEDICAL CENTRE","23 PRESTON ROAD","WEMBLEY PARK","MIDDLESEX","HA9 8JZ","0604012P0","Norethisterone","0604012P0AAAAAA","Norethisterone 5mg tablets","06: Endocrine System","30.","1","30.","0.","6.36","5.09743","N","42297111000001106"
"2026-07","MIDLANDS","Y60","NHS SHROPSHIRE, TELFORD AND WREKIN INTEGRATED CARE BOARD","QOC","NHS SHROPSHIRE, TELFORD AND WREKIN ICB - M2L0M","M2L0M","LINDEN HALL SURGERY","M82056","LINDEN HALL SURGERY","STATION ROAD","NEWPORT","SHROPSHIRE","TF10 7EN","0407020Q0","Morphine sulfate","0407020Q0AACNCN","Morphine sulfate 10mg/5ml oral solution","04: Central Nervous System","600.","7","4200.","84.","87.92","70.38174","N","36128311000001101"
"2026-07","NORTH EAST AND YORKSHIRE","Y63","NHS HUMBER AND NORTH YORKSHIRE INTEGRATED CARE BOARD","QOQ","NHS HUMBER AND NORTH YORKSHIRE ICB - 02Y","02Y00","MANOR ROAD SURGERY","B81042","MANOR ROAD SURGERY","MANOR ROAD","BEVERLEY","","HU17 7BZ","0202040B0","Co-amilofruse (Amiloride hydrochloride/frusemide)","0202040B0AAAAAA","Co-amilofruse 5mg/40mg tablets","02: Cardiovascular System","28.","1","28.","0.","5.7","5.7124","N","42293411000001108"
"2026-07","NORTH EAST AND YORKSHIRE","Y63","NHS HUMBER AND NORTH YORKSHIRE INTEGRATED CARE BOARD","QOQ","NHS HUMBER AND NORTH YORKSHIRE ICB - 03H","03H00","THE ROXTON PRACTICE","B81039","PILGRIM PRIMARY CARE CTR","PELHAM ROAD, IMMINGHAM","GRIMSBY","","DN40 1JW","0408010N0","Phenobarbital","0408010N0AAAJAJ","Phenobarbital 30mg tablets","04: Central Nervous System","84.","3","252.","84.","29.61","27.42541","N","42133911000001105"
"2026-07","NORTH EAST AND YORKSHIRE","Y63","NHS SOUTH YORKSHIRE INTEGRATED CARE BOARD","QF7","NHS SOUTH YORKSHIRE ICB - 02X","02X00","WHITE HOUSE FARM MEDICAL CENTRE","C86021","WHITE HOUSE FARM MED CTR","CHURCH STREET, ARMTHORPE","DONCASTER","SOUTH YORKSHIRE","DN3 3AH","0204000H0","Bisoprolol fumarate","0204000H0AAAMAM","Bisoprolol 1.25mg tablets","02: Cardiovascular System","14.","1","14.","1.75","1.8","1.9124","N","42371111000001100"
"2026-07","NORTH EAST AND YORKSHIRE","Y63","NHS WEST YORKSHIRE INTEGRATED CARE BOARD","QWO","NHS WEST YORKSHIRE ICB - 15F","15F00","ABBEY GRANGE MEDICAL PRACTICE","B86068","ABBEY MEDICAL CENTRE","NORMAN STREET","LEEDS","WEST YORKSHIRE","LS5 3JN","0206020R0","Nifedipine","0206020R0AAAEAE","Nifedipine 10mg modified-release tablets","02: Cardiovascular System","56.","1","56.","18.66667","9.23","8.78269","N","39022711000001101"
"2026-07","NORTH WEST","Y62","NHS GREATER MANCHESTER INTEGRATED CARE BOARD","QOP","NHS GREATER MANCHESTER ICB - 00Y","00Y00","GTD HEALTHCARE GP SERVICE OOH","Y01083","NEW CENTURY HOUSE","PROGRESS WAY, DENTON","MANCHESTER","","M34 2GP","1001010P0","Naproxen","1001010P0AAAEAE","Naproxen 500mg tablets","10: Musculoskeletal and Joint Diseases","28.","3","84.","56.","3.9","3.15538","N","42107811000001100"
"2026-07","LONDON","Y56","NHS WEST AND NORTH LONDON INTEGRATED CARE BOARD","Z9B2Z","NHS WEST AND NORTH LONDON ICB - W2U3Z","W2U3Z","THE CUCKOO LANE PRACTICE","E85116","1ST FLOOR","20 CHURCH ROAD","HANWELL","LONDON","W7 1DR","0601023AE","Linagliptin","0601023AEAAAAAA","Linagliptin 5mg tablets","06: Endocrine System","7.","33","231.","0.","274.56","264.59453","N","19525211000001103"
"2026-07","NORTH WEST","Y62","NHS CHESHIRE AND MERSEYSIDE INTEGRATED CARE BOARD","QYG","NHS CHESHIRE AND MERSEYSIDE ICB - 27D","27D00","ALDERLEY EDGE MEDICAL CENTRE","N81033","TALBOT ROAD","","ALDERLEY EDGE","CHESHIRE","SK9 7EP","0407010F0","Co-codamol (Codeine phosphate/paracetamol)","0407010F0AAAHAH","Co-codamol 30mg/500mg tablets","04: Central Nervous System","56.","5","280.","46.66667","22.6","18.63145","N","42009811000001101"
"2026-07","MIDLANDS","Y60","NHS LINCOLNSHIRE INTEGRATED CARE BOARD","QJM","NHS LINCOLNSHIRE ICB - 71E","71E00","THE WELBY PRACTICE","C82076","THE WELBY PRACTICE","THE WOLL SURG, WALFORD CL","BOTTESFORD","NOTTINGHAMSHIRE","NG13 0AN","0212000B0","Atorvastatin","0212000B0AAADAD","Atorvastatin 80mg tablets","02: Cardiovascular System","14.","5","70.","280.","3.35","3.02981","N","39733211000001101"
"2026-07","SOUTH WEST","Y58","NHS CORNWALL AND THE ISLES OF SCILLY INTEGRATED CARE BOARD","QT6","NHS CORNWALL AND THE ISLES OF SCILLY ICB - 11N","11N00","PORT ISAAC SURGERY","L82003","THE SURGERY","HILLSON CLOSE","PORT ISAAC","CORNWALL","PL29 3TR","120101050","Dexamethasone","120101050AAABAB","Dexamethasone 0.1%/Neomycin 0.5%/Acetic acid (glacial) 2%","12: Ear, Nose and Oropharynx","5.","5","25.","0.","42.9","40.28534","N","3550411000001106"
"2026-07","MIDLANDS","Y60","NHS NORTHAMPTONSHIRE INTEGRATED CARE BOARD","QPM","NHS NORTHAMPTONSHIRE ICB - 78H","78H00","GREAT OAKLEY MEDICAL CENTRE","K83622","1 BARTH CLOSE","GREAT OAKLEY","CORBY","NORTHAMPTONSHIRE","NN18 8LU","0901020G0","Folic acid","0901020G0AAAGAG","Folic acid 5mg tablets","09: Nutrition and Blood","20.","1","20.","0.","0.5","0.51217","N","42294611000001109"
"2026-07","EAST OF ENGLAND","Y61","NHS CENTRAL EAST INTEGRATED CARE BOARD","S1Y5D","NHS CENTRAL EAST ICB - 06N","06N00","MANOR VIEW PRACTICE","E82073","BUSHEY HEALTH CENTRE","LONDON ROAD","BUSHEY","HERTFORDSHIRE","WD23 2NN","0407020AD","Oxycodone hydrochloride","0407020ADAAAAAA","Oxycodone 5mg/5ml oral solution sugar free","04: Central Nervous System","125.","1","125.","2.08333","4.2","4.3124","N","36131211000001102"
"2026-07","MIDLANDS","Y60","NHS HEREFORDSHIRE AND WORCESTERSHIRE INTEGRATED CARE BOARD","QGH","NHS HEREFORDSHIRE AND WORCESTERSHIRE ICB - 18C","18C00","RYELAND SURGERY","M81016","MARSH COURT HEALTH CENTRE","1, MARSH COURT ROAD","LEOMINSTER","HEREFORDSHIRE","HR6 8FU","0202020L0","Furosemide","0202020L0AABIBI","Furosemide 500mg tablets","02: Cardiovascular System","4.","4","16.","200.","9.52","8.06115","N","42294911000001103"
"2026-07","NORTH WEST","Y62","NHS CHESHIRE AND MERSEYSIDE INTEGRATED CARE BOARD","QYG","NHS CHESHIRE AND MERSEYSIDE ICB - 99A","99A00","THE ELMS MEDICAL CENTRE","N82070","THE ELMS MEDICAL CENTRE","3 THE ELMS, DINGLE","LIVERPOOL","","L8 3SS","0407020AD","Oxycodone hydrochloride","0407020ADBEADAH","Longtec 40mg modified-release tablets","04: Central Nervous System","56.","2","112.","74.66667","75.14","75.1648","N","20938111000001106"
"2026-07","MIDLANDS","Y60","NHS BLACK COUNTRY INTEGRATED CARE BOARD","QUA","NHS BLACK COUNTRY ICB - D2P2L","D2P2L","REGIS MEDICAL CENTRE","M88004","REGIS MEDICAL CENTRE","DARBY STREET","ROWLEY REGIS","WEST MIDLANDS","B65 0BA","1003020AF","Diclofenac diethyl","1003020AFAAABAB","Diclofenac diethylammonium 2.32% gel","10: Musculoskeletal and Joint Diseases","300.","3","900.","0.","110.7","105.2237","N","22480211000001104"
"2026-07","MIDLANDS","Y60","NHS LEICESTER, LEICESTERSHIRE AND RUTLAND INTEGRATED CARE BOARD","QK1","NHS LEICESTER, LEICESTERSHIRE AND RUTLAND ICB - 03W","03W00","THE WYCLIFFE MEDICAL PRACTICE","C82025","LUTTERWORTH HEALTH CENTRE","GILMORTON ROAD","LUTTERWORTH","LEICESTERSHIRE","LE17 4EB","0601022B0","Metformin hydrochloride","0601022B0BMACAT","Sukkarto SR 750mg tablets","06: Endocrine System","56.","2","112.","56.","5.74","5.47892","N","38238111000001109"
"2026-07","NORTH WEST","Y62","NHS CHESHIRE AND MERSEYSIDE INTEGRATED CARE BOARD","QYG","NHS CHESHIRE AND MERSEYSIDE ICB - 27D","27D00","MEADOWSIDE MEDICAL CENTRE","N81118","MEADOWSIDE MEDICAL CENTRE","MEADOWSIDE","MOUNTBATTEN WAY","CONGLETON,CHESHIRE","CW12 1DY","0601023X0","Sitagliptin","0601023X0AAAAAA","Sitagliptin 100mg tablets","06: Endocrine System","28.","20","560.","560.","40.6","32.70904","N","42089711000001108"
"2026-07","LONDON","Y56","NHS SOUTH WEST LONDON INTEGRATED CARE BOARD","QWE","NHS SOUTH WEST LONDON ICB - 36L","36L00","HEATHBRIDGE PRACTICE","H85061","HEATHBRIDGE MED PRACTICE","125 UPPER RICHMOND ROAD","PUTNEY","LONDON","SW15 2TL","0604012S0","Progesterone","0604012S0AABZBZ","Progesterone micronised 200mg vaginal capsules","06: Endocrine System","42.","2","84.","0.","84.","84.0248","N","22683711000001100"
"2026-07","NORTH EAST AND YORKSHIRE","Y63","NHS NORTH EAST AND NORTH CUMBRIA INTEGRATED CARE BOARD","QHM","NHS NORTH EAST AND NORTH CUMBRIA ICB - 84H","84H00","OAKFIELDS HEALTH GROUP","A83618","OAKFIELDS HEALTH CENTRE","HAMSTERLEY COLLIERY","NEWCASTLE UPON TYNE","","NE17 7SB","2380","Skin Fillers And Protectives","23804808007","Esenta Orahesive powder","23: Stoma Appliances","25.","1","25.","0.","2.79","2.79","N","6942811000001107"
"2026-07","LONDON","Y56","NHS WEST AND NORTH LONDON INTEGRATED CARE BOARD","Z9B2Z","NHS WEST AND NORTH LONDON ICB - W2U3Z","W2U3Z","PADDINGTON GREEN HEALTH CENTRE","E87008","PADDINGTON GREEN HLTH CTR","4 PRINCESS LOUISE CLOSE","","LONDON","W2 1LQ","0307000J0","Carbocisteine","0307000J0AAAAAA","Carbocisteine 375mg capsules","03: Respiratory System","120.","9","1080.","0.","29.88","24.00165","N","42292811000001102"
"2026-07","NORTH EAST AND YORKSHIRE","Y63","NHS HUMBER AND NORTH YORKSHIRE INTEGRATED CARE BOARD","QOQ","NHS HUMBER AND NORTH YORKSHIRE ICB - 03H","03H00","SLC MEDICAL GROUP","B81030","SCARTHO MEDICAL PRACTICE","SPRINGFIELD RD, SCARTHO","GRIMSBY","","DN33 3JF","1302010U0","Urea","1302010U0AAANAN","Urea 5% / Lauromacrogols 3% cream","13: Skin","500.","1","500.","0.","19.12","18.18011","N","41749611000001108"
"2026-07","MIDLANDS","Y60","NHS BIRMINGHAM AND SOLIHULL INTEGRATED CARE BOARD","QHL","NHS BIRMINGHAM AND SOLIHULL ICB - 15E","15E00","EDEN COURT MEDICAL PRACTICE","M85079","EDEN COURT MEDICAL PRACT","200 TANGMERE DRIVE","CASTLE VALE","BIRMINGHAM","B35 6EE","0411000G0","Memantine hydrochloride","0411000G0AAABAB","Memantine 10mg/ml oral solution sugar free","04: Central Nervous System","100.","2","200.","100.","29.24","29.2648","N","4652211000001101"
"2026-07","MIDLANDS","Y60","NHS BLACK COUNTRY INTEGRATED CARE BOARD","QUA","NHS BLACK COUNTRY ICB - D2P2L","D2P2L","GREAT BRIDGE HEALTH CENTRE","Y02701","18 THE GREAT BRIDGE CTR","CHARLES STREET","WEST BROMWICH","WEST MIDLANDS","B70 0BF","0102000N0","Hyoscine butylbromide","0102000N0AAABAB","Hyoscine butylbromide 10mg tablets","01: Gastro-Intestinal System","224.","4","896.","112.","105.6","84.48029","N","42037011000001109"
"2026-07","LONDON","Y56","NHS WEST AND NORTH LONDON INTEGRATED CARE BOARD","Z9B2Z","NHS WEST AND NORTH LONDON ICB - 93C","93C00","THE EVERGLADE MEDICAL PRACTICE","E83011","GRAHAME PARK HEALTH CTR","THE CONCOURSE","GRAHAME PARK ESTATE","COLINDALE, LONDON","NW9 5XT","0208020Z0","Apixaban","0208020Z0AAAAAA","Apixaban 2.5mg tablets","02: Cardiovascular System","60.","10","600.","0.","22.","22.124","N","42206411000001101"
"2026-07","LONDON","Y56","NHS SOUTH WEST LONDON INTEGRATED CARE BOARD","QWE","NHS SOUTH WEST LONDON ICB - 36L","36L00","HAMPTON WICK SURGERY","H84032","HAMPTON WICK SURGERY","26 UPPER TEDDINGTON ROAD","HAMPTON WICK","SURREY","KT1 4DY","0403010V0","Nortriptyline","0403010V0AAAEAE","Nortriptyline 25mg tablets","04: Central Nervous System","112.","1","112.","37.33333","2.8","2.35109","N","39701511000001109"
"2026-07","SOUTH EAST","Y59","NHS KENT AND MEDWAY INTEGRATED CARE BOARD","QKS","NHS KENT AND MEDWAY ICB - 91Q","91Q00","THE LIMES MEDICAL CENTRE","G82052","THE LIMES MEDICAL CENTRE","TRINITY SQUARE","MARGATE","KENT","CT9 1QY","0408010H0","Lamotrigine","0408010H0AAACAC","Lamotrigine 25mg tablets","04: Central Nervous System","56.","8","448.","56.","13.44","13.5392","N","42130911000001102"
"2026-07","SOUTH EAST","Y59","NHS THAMES VALLEY INTEGRATED CARE BOARD","S0E4D","NHS THAMES VALLEY ICB - U2G6B","U2G6B","CLAREMONT HOLYPORT SURGERY","K81020","CLAREMONT SURGERY","2 COOKHAM ROAD","MAIDENHEAD","BERKSHIRE","SL6 8AN","100302010","Ketoprofen","100302010AAAAAA","Ketoprofen 2.5% gel","10: Musculoskeletal and Joint Diseases","50.","1","50.","0.","4.95","3.97009","N","41741511000001108"
"2026-07","SOUTH WEST","Y58","NHS BATH AND NORTH EAST SOMERSET, SWINDON AND WILTSHIRE INTEGRATED CARE BOARD","QOX","NHS BATH AND NORTH EAST SOMERSET, SWINDON AND WILTSHIRE ICB - 92G","92G00","NORTHLANDS SURGERY","J83039","NORTHLANDS SURGERY","NORTH STREET","CALNE","WILTSHIRE","SN11 0HH","2122","Emollients","21220000321","Epimax moisturising cream","21: Appliances","500.","3","1500.","0.","9.21","8.33829","N","39646611000001102"
"2026-07","MIDLANDS","Y60","NHS DERBY AND DERBYSHIRE INTEGRATED CARE BOARD","QJ2","NHS DERBY AND DERBYSHIRE ICB - 15M","15M00","APPLETREE MEDICAL PRACTICE","C81048","APPLETREE MEDICAL CENTRE","47A TOWN STREET, DUFFIELD","BELPER","DERBYSHIRE","DE56 4GG","0604020K0","Testosterone","0604020K0BHACBS","Testogel 40.5mg/2.5g transdermal gel sachets","06: Endocrine System","12.","1","12.","0.","15.98","15.2965","N","40472111000001106"
"2026-07","SOUTH EAST","Y59","NHS THAMES VALLEY INTEGRATED CARE BOARD","S0E4D","NHS THAMES VALLEY ICB - 14Y","14Y00","MARLOW MEDICAL GROUP","K82023","THE DOCTORS HOUSE SURGERY","VICTORIA ROAD","MARLOW","BUCKINGHAMSHIRE","SL7 1DN","1001010AJ","Etoricoxib","1001010AJAAADAD","Etoricoxib 30mg tablets","10: Musculoskeletal and Joint Diseases","56.","1","56.","28.","2.78","2.2351","N","13132911000001109"
"2026-07","MIDLANDS","Y60","NHS DERBY AND DERBYSHIRE INTEGRATED CARE BOARD","QJ2","NHS DERBY AND DERBYSHIRE ICB - 15M","15M00","THE MOIR MEDICAL CENTRE","C81010","THE MOIR MEDICAL CENTRE","REGENT STREET, LONG EATON","NOTTINGHAM","","NG10 1QQ","0501080D0","Co-trimoxazole(Trimethoprim/sulfamethoxazole)","0501080D0AAAHAH","Co-trimoxazole 80mg/400mg tablets","05: Infections","56.","1","56.","14.","4.3","4.3124","N","41947411000001107"
"2026-07","MIDLANDS","Y60","NHS SHROPSHIRE, TELFORD AND WREKIN INTEGRATED CARE BOARD","QOC","NHS SHROPSHIRE, TELFORD AND WREKIN ICB - M2L0M","M2L0M","SHIFNAL & PRIORSLEE MEDICAL PRACTICE","M82038","HAUGHTON ROAD","","SHIFNAL","SHROPSHIRE","TF11 8DD","0603010I0","Fludrocortisone acetate","0603010I0AAACAC","Fludrocortisone 100microgram tablets","06: Endocrine System","30.","4","120.","0.","11.24","9.03635","N","42082611000001106"
"2026-07","SOUTH EAST","Y59","NHS SURREY AND SUSSEX INTEGRATED CARE BOARD","S9B9J","NHS SURREY AND SUSSEX ICB - 92A","92A00","LONGCROFT CLINIC","H81080","THE LONGCROFT CLINIC","5 WOODMANSTERNE LANE","BANSTEAD","SURREY","SM7 3HH","0404000M0","Methylphenidate hydrochloride","0404000M0AAAJAJ","Methylphenidate 5mg tablets","04: Central Nervous System","30.","1","30.","0.","3.03","3.0424","N","42014511000001100"
"2026-07","MIDLANDS","Y60","NHS LEICESTER, LEICESTERSHIRE AND RUTLAND INTEGRATED CARE BOARD","QK1","NHS LEICESTER, LEICESTERSHIRE AND RUTLAND ICB - 04C","04C00","VICTORIA PARK HEALTH CENTRE","C82124","VICTORIA PARK HEALTH CTR","203 VICTORIA PARK ROAD","LEICESTER","LEICESTERSHIRE","LE2 1XD","0601023AW","Semaglutide","0601023AWBCADAK","Rybelsus 1.5mg tablets","06: Endocrine System","30.","3","90.","0.","235.44","235.4772","N","45476811000001105"
"2026-07","MIDLANDS","Y60","NHS BIRMINGHAM AND SOLIHULL INTEGRATED CARE BOARD","QHL","NHS BIRMINGHAM AND SOLIHULL ICB - 15E","15E00","CHARLES ROAD SURGERY","M85679","192 CHARLES ROAD","SMALL HEATH","BIRMINGHAM","","B10 9AB","0604011L0","Estradiol with progestogen","0604011L0BRAABA","Kliovance tablets","06: Endocrine System","28.","2","56.","0.","8.8","8.58651","N","3038811000001109"
"2026-07","NORTH EAST AND YORKSHIRE","Y63","NHS NORTH EAST AND NORTH CUMBRIA INTEGRATED CARE BOARD","QHM","NHS NORTH EAST AND NORTH CUMBRIA ICB - 00P","00P00","THE NEW CITY MEDICAL GROUP","A89013","THE NEW CITY MEDICAL CTRE","TATHAM STREET","SUNDERLAND","TYNE & WEAR","SR1 2QB","0208020Z0","Apixaban","0208020Z0AAAAAA","Apixaban 2.5mg tablets","02: Cardiovascular System","60.","17","1020.","0.","37.4","37.6108","N","42206411000001101"
"2026-07","NORTH WEST","Y62","NHS LANCASHIRE AND SOUTH CUMBRIA INTEGRATED CARE BOARD","QE1","NHS LANCASHIRE AND SOUTH CUMBRIA ICB - 01K","01K00","QUEEN SQUARE MEDICAL PRACTICE","P81013","QUEEN SQUARE MED PRACTICE","2 QUEEN SQUARE","LANCASTER","LANCASHIRE","LA1 1RP","0408010W0","Sodium valproate","0408010W0BBAKA1","Epilim Chrono 300 tablets","04: Central Nervous System","120.","1","120.","30.","20.96","19.92847","N","789911000001106"
"2026-07","EAST OF ENGLAND","Y61","NHS CENTRAL EAST INTEGRATED CARE BOARD","S1Y5D","NHS CENTRAL EAST ICB - 06N","06N00","ATTENBOROUGH SURGERY","E82124","ATTENBOROUGH SURGERY","BUSHEY HC, LONDON RD","BUSHEY","HERTFORDSHIRE","WD23 2NN","0409010K0","Co-beneldopa (Benserazide/levodopa)","0409010K0BBANAF","Madopar CR capsules","04: Central Nervous System","100.","5","500.","166.66667","63.85","60.7319","N","27911000001105"
"2026-07","LONDON","Y56","NHS NORTH EAST LONDON INTEGRATED CARE BOARD","QMF","NHS NORTH EAST LONDON ICB - A3A8R","A3A8R","THE LEA SURGERY","F84105","THE LEA SURGERY","ALFRED HEALTH CENTRE","186 HOMERTON HIGH STREET","LONDON","E9 6AG","0101021B0","Alginic acid compound preparations","0101021B0BEAQAP","Gaviscon Advance Mint chewable tablets (Reckitt Benckiser)","01: Gastro-Intestinal System","112.","1","112.","0.","11.8","11.32469","N","21678111000001100"
"2026-07","MIDLANDS","Y60","NHS COVENTRY AND WARWICKSHIRE INTEGRATED CARE BOARD","QWU","NHS COVENTRY AND WARWICKSHIRE ICB - B2M3M","B2M3M","PEAR TREE SURGERY","M84006","PEAR TREE SURGERY","28 MEADOW CLOSE,KINGSBURY","NR.TAMWORTH","STAFFORDSHIRE","B78 2NR","0209000C0","Clopidogrel","0209000C0AAAAAA","Clopidogrel 75mg tablets","02: Cardiovascular System","7.","127","889.","889.","30.48","34.36761","N","39689111000001106"
"2026-07","MIDLANDS","Y60","NHS DERBY AND DERBYSHIRE INTEGRATED CARE BOARD","QJ2","NHS DERBY AND DERBYSHIRE ICB - 15M","15M00","WINGERWORTH MEDICAL CENTRE","C81658","WINGERWORTH MEDICAL CTR","ALLENDALE RD,WINGERWORTH","CHESTERFIELD","DERBYSHIRE","S42 6PX","0301011R0","Salbutamol","0301011R0BWAABZ","Easyhaler Salbutamol sulfate 100micrograms/dose dry pdr inh","03: Respiratory System","1.","12","12.","600.","48.6","46.32824","N","9205211000001104"
"2026-07","MIDLANDS","Y60","NHS BLACK COUNTRY INTEGRATED CARE BOARD","QUA","NHS BLACK COUNTRY ICB - D2P2L","D2P2L","REGIS MEDICAL CENTRE","M88004","REGIS MEDICAL CENTRE","DARBY STREET","ROWLEY REGIS","WEST MIDLANDS","B65 0BA","0105010E0","Sulfasalazine","0105010E0AAABAB","Sulfasalazine 500mg gastro-resistant tablets","01: Gastro-Intestinal System","224.","4","896.","224.","74.72","59.79071","N","42298111000001107"
"2026-07","EAST OF ENGLAND","Y61","NHS CENTRAL EAST INTEGRATED CARE BOARD","S1Y5D","NHS CENTRAL EAST ICB - M1J4Y","M1J4Y","OAKRIDGE PARK MEDICAL CENTRE","K82032","OAKRIDGE PARK MEDICAL CTR","30 TEXEL CLOSE, OAKRIDGE","MILTON KEYNES","BUCKINGHAMSHIRE","MK14 6GL","0407020B0","Buprenorphine","0407020B0BMACAJ","Sevodyne 20micrograms/hour transdermal patches","04: Central Nervous System","4.","3","12.","36.36364","54.27","54.3072","N","33481111000001108"
"2026-07","MIDLANDS","Y60","NHS LEICESTER, LEICESTERSHIRE AND RUTLAND INTEGRATED CARE BOARD","QK1","NHS LEICESTER, LEICESTERSHIRE AND RUTLAND ICB - 04C","04C00","COSSINGTON PARK SURGERY","C82107","BELGRAVE HEALTH CENTRE","52 BRANDON STREET","LEICESTER","LEICESTERSHIRE","LE4 6AW","0107010Z0","Zinc oxide","0107010Z0BCAAAE","Anusol cream","01: Gastro-Intestinal System","23.","5","115.","0.","15.7","14.98005","N","911111000001104"
"2026-07","NORTH WEST","Y62","NHS CHESHIRE AND MERSEYSIDE INTEGRATED CARE BOARD","QYG","NHS CHESHIRE AND MERSEYSIDE ICB - 12F","12F00","WEST WIRRAL GROUP PRACTICE","N85008","THE WARRENS MEDICAL CTR","ARROWE PARK ROAD","WIRRAL","","CH49 5PL","0901020G0","Folic acid","0901020G0AAAGAG","Folic acid 5mg tablets","09: Nutrition and Blood","24.","28","672.","0.","16.8","16.57935","N","42294611000001109"
"2026-07","MIDLANDS","Y60","NHS BLACK COUNTRY INTEGRATED CARE BOARD","QUA","NHS BLACK COUNTRY ICB - D2P2L","D2P2L","HEALTH AND BEYOND","M92612","175 STEELHOUSE LANE","","WOLVERHAMPTON","WEST MIDLANDS","WV2 2AU","0404000M0","Methylphenidate hydrochloride","0404000M0AAAZAZ","Methylphenidate 50mg modified-release capsules","04: Central Nervous System","30.","2","60.","0.","125.04","125.0648","N","36124711000001105"
"2026-07","EAST OF ENGLAND","Y61","NHS NORFOLK AND SUFFOLK INTEGRATED CARE BOARD","T6Y0W","NHS NORFOLK AND SUFFOLK ICB - 26A","26A00","ORCHARD SURGERY","D82020","ORCHARD SURGERY","COMMERCIAL ROAD","EAST DEREHAM","NORFOLK","NR19 1AE","0906040G0","Colecalciferol","0906040G0AADRDR","Colecalciferol 20,000unit capsules","09: Nutrition and Blood","4.","1","4.","0.","3.87","3.78965","N","16197311000001105"
"2026-07","MIDLANDS","Y60","NHS NORTHAMPTONSHIRE INTEGRATED CARE BOARD","QPM","NHS NORTHAMPTONSHIRE ICB - 78H","78H00","THE CRESCENT MEDICAL CTR.","K83050","THE CRESCENT MEDICAL CTR","2 THE CRESCENT, KINGSLEY","NORTHAMPTON","","NN1 4SB","1304000F0","Betamethasone valerate","1304000F0AACCCC","Betamethasone valerate 0.1% / Fusidic acid 2% cream","13: Skin","30.","3","90.","0.","19.14","18.22392","N","41892811000001109"
"2026-07","MIDLANDS","Y60","NHS DERBY AND DERBYSHIRE INTEGRATED CARE BOARD","QJ2","NHS DERBY AND DERBYSHIRE ICB - 15M","15M00","GOYT VALLEY MEDICAL PRACTICE","C81080","GOYT VALLEY MEDICAL PRAC","CHAPEL ST, WHALEY BRIDGE","HIGH PEAK","DERBYSHIRE","SK23 7SR","0206020T0","Verapamil hydrochloride","0206020T0AAAHAH","Verapamil 240mg modified-release tablets","02: Cardiovascular System","56.","1","56.","56.","11.1","10.55956","N","38750211000001107"
"2026-07","SOUTH EAST","Y59","NHS SURREY AND SUSSEX INTEGRATED CARE BOARD","S9B9J","NHS SURREY AND SUSSEX ICB - 97R","97R00","BRIDGESIDE SURGERY","G81012","BRIDGESIDE SURGERY","1 WESTERN ROAD","HAILSHAM","EAST SUSSEX","BN27 3DG","0209000Z0","Ticagrelor","0209000Z0AAAAAA","Ticagrelor 90mg tablets","02: Cardiovascular System","56.","11","616.","0.","35.75","35.8864","N","42298811000001100"
"2026-07","MIDLANDS","Y60","NHS NORTHAMPTONSHIRE INTEGRATED CARE BOARD","QPM","NHS NORTHAMPTONSHIRE ICB - 78H","78H00","LANGHAM PLACE SURGERY","K83027","LANGHAM PLACE SURGERY","11 LANGHAM PLACE","NORTHAMPTON","","NN2 6AA","0407010P0","Nefopam hydrochloride","0407010P0AAABAB","Nefopam 30mg tablets","04: Central Nervous System","112.","2","224.","56.","12.46","12.6848","N","42296811000001101"
"2026-07","NORTH EAST AND YORKSHIRE","Y63","NHS SOUTH YORKSHIRE INTEGRATED CARE BOARD","QF7","NHS SOUTH YORKSHIRE ICB - 03N","03N00","MANOR AND PARK GROUP PRACTICE","C88090","MANOR PARK MEDICAL CENTRE","204 HARBOROUGH AVENUE","SHEFFIELD","SOUTH YORKSHIRE","S2 1QU","0802010G0","Azathioprine","0802010G0AAAEAE","Azathioprine 50mg tablets","08: Malignant Disease and Immunosuppression","14.","1","14.","0.","0.38","0.4924","N","41759311000001100"
"2026-07","LONDON","Y56","NHS WEST AND NORTH LONDON INTEGRATED CARE BOARD","Z9B2Z","NHS WEST AND NORTH LONDON ICB - W2U3Z","W2U3Z","CENTRAL UXBRIDGE SURGERY","E86015","CENTRAL UXBRIDGE SURGERY","GEORGE STREET","UXBRIDGE","MIDDLESEX","UB8 1UB","0206020A0","Amlodipine","0206020A0AAAVAV","Amlodipine 2.5mg tablets","02: Cardiovascular System","7.","7","49.","24.5","6.65","6.10369","N","42206211000001100"
"2026-07","MIDLANDS","Y60","NHS LINCOLNSHIRE INTEGRATED CARE BOARD","QJM","NHS LINCOLNSHIRE ICB - 71E","71E00","NAVENBY CLIFF VILLAGES SURGERY","C83002","GRANTHAM ROAD","","NAVENBY","LINCOLNSHIRE","LN5 0JJ","0906040G0","Colecalciferol","0906040G0AACDCD","Colecalciferol 200unit / Calcium carbonate 750mg tablets","09: Nutrition and Blood","56.","1","56.","0.","2.13","2.13631","N","19372511000001108"
"2026-07","LONDON","Y56","NHS SOUTH EAST LONDON INTEGRATED CARE BOARD","QKK","NHS SOUTH EAST LONDON ICB - 72Q","72Q00","FAMILY SURGERY","G84009","THE FAMILY SURGERY","7 HIGH STREET","GREEN STREET GREEN","ORPINGTON, KENT","BR6 6BG","1302010U0","Urea","1302010U0BHAAAN","Balneum Plus cream","13: Skin","100.","1","100.","0.","3.29","3.13854","N","2933211000001103"
"2026-07","SOUTH WEST","Y58","NHS DEVON INTEGRATED CARE BOARD","QJK","NHS DEVON ICB - 15N","15N00","FRIARY HOUSE SURGERY","L83072","FRIARY HOUSE SURGERY","2A BEAUMONT ROAD","ST.JUDES, PLYMOUTH","DEVON","PL4 9BH","0703010F0","Combined ethinylestradiol 30mcg","0703010F0BNAAAC","Levest 150/30 tablets (Morningside)","07: Obstetrics, Gynaecology and Urinary-Tract Disorders","126.","1","126.","0.","3.6","3.4331","N","16614111000001103"
"2026-07","LONDON","Y56","NHS WEST AND NORTH LONDON INTEGRATED CARE BOARD","Z9B2Z","NHS WEST AND NORTH LONDON ICB - W2U3Z","W2U3Z","CASSIDY ROAD MEDICAL CENTRE","E85025","651A FULHAM ROAD","","FULHAM","LONDON","SW6 5PX","0403030E0","Fluoxetine hydrochloride","0403030E0AAAAAA","Fluoxetine 20mg capsules","04: Central Nervous System","60.","4","240.","240.","10.","8.04493","N","42271711000001106"
"2026-07","SOUTH WEST","Y58","NHS BATH AND NORTH EAST SOMERSET, SWINDON AND WILTSHIRE INTEGRATED CARE BOARD","QOX","NHS BATH AND NORTH EAST SOMERSET, SWINDON AND WILTSHIRE ICB - 92G","92G00","LANSDOWNE SURGERY","J83034","THE LANSDOWNE SURGERY","WAIBLINGEN WAY","DEVIZES","WILTSHIRE","SN10 2BU","2101","Other Appliances","21010900697","GlucoRx FinePoint Ultra hypod ins needles for pre-filled/reusable pen injectors screw on 4mm/32gauge","21: Appliances","100.","1","100.","0.","4.5","4.5","N","28974911000001103"
"2026-07","MIDLANDS","Y60","NHS NORTHAMPTONSHIRE INTEGRATED CARE BOARD","QPM","NHS NORTHAMPTONSHIRE ICB - 78H","78H00","SPINNEY BROOK MEDICAL CENTRE","K83028","SPINNEYBROOK MEDICAL CNTR","59 HIGH STREET","IRTHLINGBOROUGH","NORTHAMPTONSHIRE","NN9 5GA","0906040G0","Colecalciferol","0906040G0AABGBG","Colecalciferol 1,000unit tablets","09: Nutrition and Blood","28.","2","56.","0.","5.9","5.63095","N","17334511000001108"
"2026-07","EAST OF ENGLAND","Y61","NHS CENTRAL EAST INTEGRATED CARE BOARD","S1Y5D","NHS CENTRAL EAST ICB - 06H","06H00","BOTTISHAM MEDICAL PRACTICE","D81055","BOTTISHAM MEDICAL PRACT","TUNBRIDGE LANE,BOTTISHAM","CAMBRIDGE","CAMBRIDGESHIRE","CB25 9DU","0304010E0","Fexofenadine hydrochloride","0304010E0AAAAAA","Fexofenadine 120mg tablets","03: Respiratory System","7.","4","28.","28.","1.08","1.3131","N","42189111000001102"
"2026-07","NORTH EAST AND YORKSHIRE","Y63","NHS WEST YORKSHIRE INTEGRATED CARE BOARD","QWO","NHS WEST YORKSHIRE ICB - 15F","15F00","OULTON MEDICAL CENTRE","B86006","OULTON MEDICAL CENTRE","QUARRY HILL, OULTON","LEEDS","","LS26 8SZ","0105010B0","Mesalazine (Systemic)","0105010B0BCAFAT","Pentasa 2g modified-release granules sachets","01: Gastro-Intestinal System","60.","1","60.","75.","73.78","70.11773","N","13701111000001100"
"2026-07","NORTH EAST AND YORKSHIRE","Y63","NHS WEST YORKSHIRE INTEGRATED CARE BOARD","QWO","NHS WEST YORKSHIRE ICB - 15F","15F00","BURLEY PARK MEDICAL CENTRE","B86069","BURLEY PARK MEDICAL CTR","273 BURLEY ROAD","LEEDS","","LS4 2EL","0403040AB","Vortioxetine","0403040ABAAACAC","Vortioxetine 20mg tablets","04: Central Nervous System","28.","2","56.","0.","55.44","52.70357","N","30738711000001101"
"2026-07","NORTH WEST","Y62","NHS GREATER MANCHESTER INTEGRATED CARE BOARD","QOP","NHS GREATER MANCHESTER ICB - 01W","01W00","HEALD GREEN HEALTH CENTRE 2","P88023","HEALD GREEN HEALTH CENTRE","FINNEY LANE, HEALD GREEN","CHEADLE","CHESHIRE","SK8 3JD","0704050R0","Tadalafil","0704050R0AAAAAA","Tadalafil 10mg tablets","07: Obstetrics, Gynaecology and Urinary-Tract Disorders","28.","2","56.","0.","11.62","9.31537","N","42090011000001102"
"2026-07","NORTH WEST","Y62","NHS LANCASHIRE AND SOUTH CUMBRIA INTEGRATED CARE BOARD","QE1","NHS LANCASHIRE AND SOUTH CUMBRIA ICB - 02M","02M00","GARSTANG MEDICAL PRACTICE","P81006","GARSTANG MEDICAL CENTRE","KEPPLE LANE, GARSTANG","PRESTON","LANCASHIRE","PR3 1PB","0304010AC","Levocetirizine","0304010ACAAABAB","Levocetirizine 500micrograms/ml oral solution sugar free","03: Respiratory System","200.","2","400.","40.","12.","11.04579","N","11763111000001106"
"2026-07","LONDON","Y56","NHS NORTH EAST LONDON INTEGRATED CARE BOARD","QMF","NHS NORTH EAST LONDON ICB - A3A8R","A3A8R","BEAM PARK MEDICAL PRACTICE","Y08371","BEAM PARK HEALTH CENTRE","2 HALEWOOD WAY","RAINHAM","ESSEX","RM13 8QZ","0503021C0","Aciclovir","0503021C0AAACAC","Aciclovir 400mg tablets","05: Infections","112.","1","112.","14.93333","5.34","5.3524","N","41485611000001107"
"2026-07","EAST OF ENGLAND","Y61","NHS ESSEX INTEGRATED CARE BOARD","D7T5G","NHS ESSEX ICB - 99E","99E00","THE NEW FOLLY SURGERY","F81163","THE NEW FOLLY SURGERY","BELL MEAD, HIGH STREET","INGATESTONE","ESSEX","CM4 0FA","0103050E0","Esomeprazole","0103050E0AAAAAA","Esomeprazole 20mg gastro-resistant tablets","01: Gastro-Intestinal System","28.","1","28.","28.","2.9","2.9124","N","42353711000001101"
"2026-07","EAST OF ENGLAND","Y61","NHS CENTRAL EAST INTEGRATED CARE BOARD","S1Y5D","NHS CENTRAL EAST ICB - 06H","06H00","BRETTON MEDICAL PRACTICE","Y07057","BRETTON MEDICAL PRACTICE","RIGHTWELL, EAST BRETTON","PETERBOROUGH","","PE3 8DT","1304000D0","Betamethasone esters","1304000D0AACACA","Betamethasone dipropionate 0.064% / Clotrimazole 1% cream","13: Skin","30.","2","60.","0.","12.68","12.07326","N","35910811000001104"
"2026-07","SOUTH WEST","Y58","NHS BRISTOL, NORTH SOMERSET AND SOUTH GLOUCESTERSHIRE INTEGRATED CARE BOARD","QUY","NHS BRISTOL, NORTH SOMERSET AND SOUTH GLOUCESTERSHIRE ICB - 15C","15C00","THE MILTON SURGERY","L81058","THE MILTON SURGERY","232/234 MILTON ROAD","WESTON-SUPER-MARE","NORTH SOMERSET","BS22 8AG","0205051L0","Lisinopril","0205051L0AAACAC","Lisinopril 10mg tablets","02: Cardiovascular System","28.","8","224.","224.","8.32","8.4192","N","42376111000001109"
"2026-07","NORTH EAST AND YORKSHIRE","Y63","NHS SOUTH YORKSHIRE INTEGRATED CARE BOARD","QF7","NHS SOUTH YORKSHIRE ICB - 03L","03L00","BRINSWORTH MEDICAL CENTRE","C87009","BRINSWORTH MEDICAL CENTRE","171 BAWTRY ROAD","BRINSWORTH,ROTHERHAM","SOUTH YORKSHIRE","S60 5ND","0401010AD","Melatonin","0401010ADAABLBL","Melatonin 5mg tablets","04: Central Nervous System","30.","1","30.","0.","10.89","10.36002","N","15914411000001109"
"2026-07","NORTH EAST AND YORKSHIRE","Y63","NHS WEST YORKSHIRE INTEGRATED CARE BOARD","QWO","NHS WEST YORKSHIRE ICB - 15F","15F00","WINDSOR HOUSE GROUP PRACTICE","B86057","WINDSOR HOUSE SURGERY","2 CORPORATION ST, MORLEY","LEEDS","WEST YORKSHIRE","LS27 9NB","1304000F0","Betamethasone valerate","1304000F0AABDBD","Betamethasone valerate 0.1% scalp application","13: Skin","200.","1","200.","0.","7.88","7.49993","N","39110611000001106"
"2026-07","SOUTH WEST","Y58","NHS DORSET INTEGRATED CARE BOARD","QVV","NHS DORSET ICB - 11J","11J00","SHELLEY MANOR HOLDENHURST MEDICAL CENTRE","J81021","SHELLEY MANOR MED CTR","BEECHWOOD AVENUE","BOURNEMOUTH","DORSET","BH5 1LX","0408010W0","Sodium valproate","0408010W0BBAKA1","Epilim Chrono 300 tablets","04: Central Nervous System","30.","2","60.","15.","10.48","9.98284","N","789911000001106"
"2026-07","NORTH WEST","Y62","NHS CHESHIRE AND MERSEYSIDE INTEGRATED CARE BOARD","QYG","NHS CHESHIRE AND MERSEYSIDE ICB - 27D","27D00","WHITBY HEALTH PARTNERSHIP","N81093","114 CHESTER ROAD","WHITBY","ELLESMERE PORT","CHESHIRE","CH65 6TG","2335","Colostomy Bags","23351003882","SenSura Mio light convex colostomy bag with filter, maxi 10-43mm neutral grey","23: Stoma Appliances","40.","1","40.","0.","144.08","144.08","N","35799711000001109"
"2026-07","MIDLANDS","Y60","NHS DERBY AND DERBYSHIRE INTEGRATED CARE BOARD","QJ2","NHS DERBY AND DERBYSHIRE ICB - 15M","15M00","BASLOW HEALTH CENTRE","C81013","BASLOW HEALTH CENTRE","CHURCH LANE, BASLOW","BAKEWELL","DERBYSHIRE","DE45 1SP","0501011P0","Phenoxymethylpenicillin (Penicillin V)","0501011P0AAAJAJ","Phenoxymethylpenicillin 250mg tablets","05: Infections","80.","4","320.","80.","14.16","12.38078","N","41953811000001101"
"2026-07","NORTH EAST AND YORKSHIRE","Y63","NHS WEST YORKSHIRE INTEGRATED CARE BOARD","QWO","NHS WEST YORKSHIRE ICB - X2C4Y","X2C4Y","CROSLAND MOOR SURGERY","Y04266","11 PARK ROAD WEST","CROSLAND MOOR","HUDDERSFIELD","","HD4 5RX","2380","Skin Fillers And Protectives","23803108011","Cavilon Durable barrier cream","23: Stoma Appliances","92.","6","552.","0.","39.3","35.49598","N","6917111000001108"
"2026-07","NORTH WEST","Y62","NHS LANCASHIRE AND SOUTH CUMBRIA INTEGRATED CARE BOARD","QE1","NHS LANCASHIRE AND SOUTH CUMBRIA ICB - 01K","01K00","PARK VIEW SURGERY","P81113","PARK VIEW SURGERY","HAVERSLATT LANE","MILNTHORPE","CUMBRIA","LA7 7PS","0604012P0","Norethisterone","0604012P0AAAAAA","Norethisterone 5mg tablets","06: Endocrine System","30.","1","30.","0.","6.36","5.09743","N","42297111000001106"
"2026-07","NORTH WEST","Y62","NHS CHESHIRE AND MERSEYSIDE INTEGRATED CARE BOARD","QYG","NHS CHESHIRE AND MERSEYSIDE ICB - 01J","01J00","TARBOCK MEDICAL CENTRE","N83047","MANOR FARM PRIMARY CARE R","MANOR FARM ROAD","HUYTON","","L36 0UB","0403030D0","Citalopram hydrobromide","0403030D0AAAAAA","Citalopram 20mg tablets","04: Central Nervous System","42.","1","42.","42.","1.43","1.25573","N","42269411000001107"
"2026-07","SOUTH WEST","Y58","NHS BRISTOL, NORTH SOMERSET AND SOUTH GLOUCESTERSHIRE INTEGRATED CARE BOARD","QUY","NHS BRISTOL, NORTH SOMERSET AND SOUTH GLOUCESTERSHIRE ICB - 15C","15C00","BEECHWOOD MEDICAL PRACTICE","L81087","FISHPONDS HEALTH CENTRE","BEECHWOOD ROAD, FISHPONDS","BRISTOL","","BS16 3TD","0604012M0","Medroxyprogesterone acetate","0604012M0AAAEAE","Medroxyprogesterone 10mg tablets","06: Endocrine System","90.","1","90.","0.","22.17","21.07821","N","41879011000001103"
"2026-07","MIDLANDS","Y60","NHS BIRMINGHAM AND SOLIHULL INTEGRATED CARE BOARD","QHL","NHS BIRMINGHAM AND SOLIHULL ICB - 15E","15E00","SELLY OAK HEALTH CENTRE","M85055","SELLY OAK HEALTH CENTRE","15 KATIE ROAD","SELLY OAK","BIRMINGHAM","B29 6JG","0204000R0","Propranolol hydrochloride","0204000R0AAAJAJ","Propranolol 40mg tablets","02: Cardiovascular System","42.","1","42.","14.","1.76","1.51958","N","42380311000001104"
"2026-07","MIDLANDS","Y60","NHS BLACK COUNTRY INTEGRATED CARE BOARD","QUA","NHS BLACK COUNTRY ICB - D2P2L","D2P2L","MODALITY KINGFISHER DARLASTON PRACTICE","M91028","BENTLEY MEDICAL CENTRE","CHURCHILL ROAD, BENTLEY","WALSALL","WEST MIDLANDS","WS2 0BA","040801050","Topiramate","040801050AAAAAA","Topiramate 50mg tablets","04: Central Nervous System","60.","3","180.","22.5","4.47","3.61111","N","42137711000001103"
"2026-07","MIDLANDS","Y60","NHS BIRMINGHAM AND SOLIHULL INTEGRATED CARE BOARD","QHL","NHS BIRMINGHAM AND SOLIHULL ICB - 15E","15E00","YARDLEY GREEN MEDICAL CENTRE","M85061","YARDLEY GREEN MEDICAL CTR","77 YARDLEY GREEN ROAD","BORDESLEY GREEN","BIRMINGHAM","B9 5PU","0502050C0","Terbinafine hydrochloride","0502050C0AAAAAA","Terbinafine 250mg tablets","05: Infections","84.","1","84.","84.","7.44","5.96093","N","41795011000001105"
"2026-07","MIDLANDS","Y60","NHS SHROPSHIRE, TELFORD AND WREKIN INTEGRATED CARE BOARD","QOC","NHS SHROPSHIRE, TELFORD AND WREKIN ICB - M2L0M","M2L0M","CLEOBURY MORTIMER SURGERY","M82041","VAUGHAN ROAD","CLEOBURY MORTIMER","KIDDERMINSTER","WORCESTERSHIRE","DY14 8DB","0408010G0","Gabapentin","0408010G0AAAAAA","Gabapentin 100mg capsules","04: Central Nervous System","120.","1","120.","10.","1.42","1.5324","N","42129511000001104"
"2026-07","NORTH WEST","Y62","NHS CHESHIRE AND MERSEYSIDE INTEGRATED CARE BOARD","QYG","NHS CHESHIRE AND MERSEYSIDE ICB - 01X","01X00","FOUR ACRE HEALTH CENTRE","N83021","FOUR ACRE HEALTH CENTRE","BURNAGE AVENUE,CLOCK FACE","ST HELENS","MERSEYSIDE","WA9 4QB","0408010G0","Gabapentin","0408010G0AAABAB","Gabapentin 300mg capsules","04: Central Nervous System","3.","6","18.","4.5","0.42","1.0944","N","42129711000001109"
"2026-07","EAST OF ENGLAND","Y61","NHS CENTRAL EAST INTEGRATED CARE BOARD","S1Y5D","NHS CENTRAL EAST ICB - 06H","06H00","ALMOND ROAD SURGERY","D81082","ALMOND ROAD SURGERY","ALMOND ROAD, ST.NEOTS","HUNTINGDON","CAMBRIDGESHIRE","PE19 1DZ","0102000N0","Hyoscine butylbromide","0102000N0AAABAB","Hyoscine butylbromide 10mg tablets","01: Gastro-Intestinal System","56.","6","336.","42.","39.6","31.73591","N","42037011000001109"
"2026-07","MIDLANDS","Y60","NHS COVENTRY AND WARWICKSHIRE INTEGRATED CARE BOARD","QWU","NHS COVENTRY AND WARWICKSHIRE ICB - B2M3M","B2M3M","THE ATHERSTONE SURGERY","M84019","THE SURGERY","1 RATCLIFFE ROAD","ATHERSTONE","WARWICKSHIRE","CV9 1EU","0901011F0","Ferrous fumarate","0901011F0AAAEAE","Ferrous fumarate 210mg tablets","09: Nutrition and Blood","6.","1","6.","0.","0.18","0.25632","N","41984711000001104"
"2026-07","MIDLANDS","Y60","NHS COVENTRY AND WARWICKSHIRE INTEGRATED CARE BOARD","QWU","NHS COVENTRY AND WARWICKSHIRE ICB - B2M3M","B2M3M","MANOR COURT SURGERY","M84022","MANOR COURT SURGERY","5 MANOR COURT AVENUE","NUNEATON","WARWICKSHIRE","CV11 5HX","0403040W0","Venlafaxine","0403040W0AAAEAE","Venlafaxine 150mg modified-release capsules","04: Central Nervous System","28.","18","504.","756.","43.74","35.19477","N","38750411000001106"
"2026-07","EAST OF ENGLAND","Y61","NHS CENTRAL EAST INTEGRATED CARE BOARD","S1Y5D","NHS CENTRAL EAST ICB - 06H","06H00","BOROUGHBURY MEDICAL CENTRE","D81026","CRAIG STREET","","PETERBOROUGH","CAMBRIDGESHIRE","PE1 2EJ","2122","Emollients","21220000232","Cetraben lotion","21: Appliances","200.","1","200.","0.","4.","3.61765","N","23931911000001104"
"2026-07","MIDLANDS","Y60","NHS BIRMINGHAM AND SOLIHULL INTEGRATED CARE BOARD","QHL","NHS BIRMINGHAM AND SOLIHULL ICB - 15E","15E00","SELLY PARK SURGERY","M85042","SELLY PARK SURGERY","2 REAVIEW DRIVE","PERSHORE ROAD, SELLY PARK","BIRMINGHAM","B29 7NT","0205051Z0","Perindopril arginine with diuretic","0205051Z0AAAAAA","Perindopril arginine 5mg / Indapamide 1.25mg tablets","02: Cardiovascular System","60.","1","60.","0.","19.02","18.08509","N","13454311000001101"
"2026-07","NORTH EAST AND YORKSHIRE","Y63","NHS SOUTH YORKSHIRE INTEGRATED CARE BOARD","QF7","NHS SOUTH YORKSHIRE ICB - 03L","03L00","DR RAOLU'S PRACTICE","C87031","MALTBY SERVICES CENTRE","BRAITHWELL RD, MALTBY","ROTHERHAM","","S66 8JE","0901020G0","Folic acid","0901020G0AAAGAG","Folic acid 5mg tablets","09: Nutrition and Blood","16.","1","16.","0.","0.4","0.43221","N","42294611000001109"
"2026-07","MIDLANDS","Y60","NHS LINCOLNSHIRE INTEGRATED CARE BOARD","QJM","NHS LINCOLNSHIRE ICB - 71E","71E00","CHURCH WALK SURGERY","C83062","CHURCH WALK SURGERY","DRURY STREET","METHERINGHAM","LINCOLNSHIRE","LN4 3EZ","0407020C0","Codeine phosphate","0407020C0AAAEAE","Codeine 30mg tablets","04: Central Nervous System","224.","2","448.","149.33333","18.72","18.7448","N","42010411000001105"
"2026-07","SOUTH EAST","Y59","NHS KENT AND MEDWAY INTEGRATED CARE BOARD","QKS","NHS KENT AND MEDWAY ICB - 91Q","91Q00","AYLESHAM MEDICAL PRACTICE","G82211","AYLESHAM HEALTH CENTRE","QUEENS ROAD, AYLESHAM","CANTERBURY","KENT","CT3 3BB","1304000F0","Betamethasone valerate","1304000F0AAAAAA","Betamethasone valerate 0.1% cream","13: Skin","30.","2","60.","0.","4.38","3.52675","N","41893111000001108"
"2026-07","NORTH EAST AND YORKSHIRE","Y63","NHS NORTH EAST AND NORTH CUMBRIA INTEGRATED CARE BOARD","QHM","NHS NORTH EAST AND NORTH CUMBRIA ICB - 16C","16C00","ROCKLIFFE COURT SURGERY","A83048","THE SURGERY","ROCKLIFFE COURT","HURWORTH PLACE","DARLINGTON, CO.DURHAM","DL2 2DS","0411000G0","Memantine hydrochloride","0411000G0AAAAAA","Memantine 10mg tablets","04: Central Nervous System","42.","1","42.","21.","1.62","1.40764","N","42037411000001100"
"2026-07","SOUTH WEST","Y58","NHS GLOUCESTERSHIRE INTEGRATED CARE BOARD","QR1","NHS GLOUCESTERSHIRE ICB - 11M","11M00","ST.GEORGE'S SURGERY","L84008","ST.GEORGE'S SURGERY","ST.PAUL'S MEDICAL CENTRE","121 SWINDON RD,CHELTENHAM","GLOUCESTERSHIRE","GL50 4DP","0901020D0","Cyanocobalamin","0901020D0AAAHAH","Cyanocobalamin 1mg modified-release tablets","09: Nutrition and Blood","56.","1","56.","0.","4.45","4.34076","N","7902511000001100"
"2026-07","NORTH WEST","Y62","NHS CHESHIRE AND MERSEYSIDE INTEGRATED CARE BOARD","QYG","NHS CHESHIRE AND MERSEYSIDE ICB - 12F","12F00","MORETON MEDICAL CENTRE","N85048","MORETON MEDICAL CENTRE","27 UPTON ROAD","MORETON","WIRRAL","CH46 0PE","2101","Other Appliances","21010230116","AeroChamber Plus with mask","21: Appliances","1.","1","1.","0.","8.72","7.87184","N","9519111000001103"
"2026-07","MIDLANDS","Y60","NHS NOTTINGHAM AND NOTTINGHAMSHIRE INTEGRATED CARE BOARD","QT1","NHS NOTTINGHAM AND NOTTINGHAMSHIRE ICB - 52R","52R00","FOREST MEDICAL","C84036","FOREST MEDICAL","ROSEMARY STREET HTH CTR","MANSFIELD","NOTTINGHAMSHIRE","NG19 6AB","0407020C0","Codeine phosphate","0407020C0AAADAD","Codeine 15mg tablets","04: Central Nervous System","100.","25","2500.","416.66667","95.5","95.81","N","42010311000001103"
"2026-07","LONDON","Y56","NHS SOUTH EAST LONDON INTEGRATED CARE BOARD","QKK","NHS SOUTH EAST LONDON ICB - 72Q","72Q00","RIVERSIDE SURGERY","G83630","ERITH HEALTH CENTRE","50 PIER ROAD","ERITH","KENT","DA8 1RQ","0206020R0","Nifedipine","0206020R0AABFBF","Nifedipine 60mg modified-release capsules","02: Cardiovascular System","112.","1","112.","224.","29.36","27.9101","N","38896511000001101"
"2026-07","NORTH EAST AND YORKSHIRE","Y63","NHS WEST YORKSHIRE INTEGRATED CARE BOARD","QWO","NHS WEST YORKSHIRE ICB - 36J","36J00","TOWNHEAD SURGERY","B82007","TOWNHEAD SURGERY","TOWNHEAD","SETTLE","NORTH YORKSHIRE","BD24 9JA","0604020T0","Testosterone undecanoate","0604020T0BDABAD","Nebido 1000mg/4ml solution for injection vials","06: Endocrine System","1.","8","8.","0.","696.88","619.31977","N","22974311000001108"
"2026-07","MIDLANDS","Y60","NHS BLACK COUNTRY INTEGRATED CARE BOARD","QUA","NHS BLACK COUNTRY ICB - D2P2L","D2P2L","MEADOWBROOK SURGERY","M87001","4 MEADOWBROOK ROAD","","HALESOWEN","WEST MIDLANDS","B63 1AB","0208020Z0","Apixaban","0208020Z0AAABAB","Apixaban 5mg tablets","02: Cardiovascular System","112.","5","560.","0.","13.9","13.962","N","42206511000001102"
"2026-07","SOUTH WEST","Y58","NHS GLOUCESTERSHIRE INTEGRATED CARE BOARD","QR1","NHS GLOUCESTERSHIRE ICB - 11M","11M00","CHURCHDOWN SURGERY","L84047","CHURCHDOWN SURGERY","PARTON ROAD, CHURCHDOWN","GLOUCESTER","GLOUCESTERSHIRE","GL3 2JH","0603020T0","Prednisolone","0603020T0AAAAAA","Prednisolone 1mg tablets","06: Endocrine System","1.","1","1.","0.","0.02","0.12839","N","42086811000001106"
"2026-07","LONDON","Y56","NHS SOUTH EAST LONDON INTEGRATED CARE BOARD","QKK","NHS SOUTH EAST LONDON ICB - 72Q","72Q00","GALLIONS REACH HEALTH CENTRE","G83012","THAMESMEAD MED ASSOCIATES","GALLIONS REACH HEALTH CTR","BENTHAM ROAD","THAMESMEAD","SE28 8BE","2122","Emollients","21220000117","Flexitol 10% Urea cream","21: Appliances","150.","1","150.","0.","5.32","4.80738","N","35587011000001103"
"2026-07","LONDON","Y56","NHS NORTH EAST LONDON INTEGRATED CARE BOARD","QMF","NHS NORTH EAST LONDON ICB - A3A8R","A3A8R","CENTRAL PARK SURGERY","F82016","HAROLD HILL HEALTH CENTRE","GOOSHAYS DRIVE","HAROLD HILL, ROMFORD","ESSEX","RM3 9SU","0208020Y0","Rivaroxaban","0208020Y0AAABAB","Rivaroxaban 15mg tablets","02: Cardiovascular System","28.","9","252.","0.","9.27","9.3816","N","19842111000001101"
"2026-07","EAST OF ENGLAND","Y61","NHS ESSEX INTEGRATED CARE BOARD","D7T5G","NHS ESSEX ICB - 99F","99F00","DR PUZEY,DR KOTHARI AND DR NANDA","F81007","THE PUZEY FAMILY PRACTICE","SOUTHWELL HOUSE,BACK LANE","ROCHFORD","ESSEX","SS4 1AY","0408010W0","Sodium valproate","0408010W0AAACAC","Sodium valproate 200mg gastro-resistant tablets","04: Central Nervous System","90.","2","180.","30.","11.94","11.37012","N","42137011000001100"
"2026-07","SOUTH EAST","Y59","NHS SURREY AND SUSSEX INTEGRATED CARE BOARD","S9B9J","NHS SURREY AND SUSSEX ICB - 92A","92A00","PARK ROAD GROUP PRACTICE","H81069","PARK ROAD SURGERY","143 PARK ROAD","CAMBERLEY","SURREY","GU15 2NN","0410020A0","Bupropion hydrochloride","0410020A0AAAAAA","Bupropion 150mg modified-release tablets","04: Central Nervous System","60.","1","60.","0.","41.76","39.69251","N","35914111000001102"
"2026-07","MIDLANDS","Y60","NHS STAFFORDSHIRE AND STOKE-ON-TRENT INTEGRATED CARE BOARD","QNC","NHS STAFFORDSHIRE AND STOKE-ON-TRENT ICB - 05V","05V00","STAFFORD HEALTH AND WELLBEING","M83044","STAFFORD H & WB","WHITGREAVE COURT","STAFFORD","STAFFORDSHIRE","ST16 3EB","0206010K0","Isosorbide mononitrate","0206010K0AAABAB","Isosorbide mononitrate 10mg tablets","02: Cardiovascular System","112.","2","224.","0.","7.04","5.65351","N","42212411000001100"
"2026-07","MIDLANDS","Y60","NHS COVENTRY AND WARWICKSHIRE INTEGRATED CARE BOARD","QWU","NHS COVENTRY AND WARWICKSHIRE ICB - B2M3M","B2M3M","DORDON & POLESWORTH GROUP PRACTICE","M84007","THE SURGERY","162 LONG STREET","DORDON,TAMWORTH","STAFFORDSHIRE","B78 1QA","0102000A0","Alverine citrate","0102000A0AAABAB","Alverine 120mg capsules","01: Gastro-Intestinal System","60.","14","840.","560.","68.6","55.02156","N","42351311000001101"
"2026-07","MIDLANDS","Y60","NHS BLACK COUNTRY INTEGRATED CARE BOARD","QUA","NHS BLACK COUNTRY ICB - D2P2L","D2P2L","BIRCHILLS HEALTH CENTRE","M91629","BIRCHILLS HEALTH CENTRE","23-37 OLD BIRCHILLS","BIRCHILLS, WALSALL","WEST MIDLANDS","WS2 8QH","0501013B0","Amoxicillin","0501013B0AAABAB","Amoxicillin 500mg capsules","05: Infections","21.","3","63.","42.","3.9","3.15538","N","39732411000001106"
"2026-07","NORTH EAST AND YORKSHIRE","Y63","NHS HUMBER AND NORTH YORKSHIRE INTEGRATED CARE BOARD","QOQ","NHS HUMBER AND NORTH YORKSHIRE ICB - 42D","42D00","MILLFIELD SURGERY","B82002","MILLFIELD SURGERY","MILLFIELD LN, EASINGWOLD","YORK","NORTH YORKSHIRE","YO61 3JR","0802020G0","Ciclosporin","0802020G0BCABAC","Neoral 25mg capsules","08: Malignant Disease and Immunosuppression","60.","1","60.","0.","36.74","34.92254","N","660811000001100"
"2026-07","NORTH WEST","Y62","NHS CHESHIRE AND MERSEYSIDE INTEGRATED CARE BOARD","QYG","NHS CHESHIRE AND MERSEYSIDE ICB - 27D","27D00","OLD HALL SURGERY","N81117","OLD HALL SURGERY","26 STANNEY LANE","ELLESMERE PORT","CHESHIRE","CH65 9AD","0205051M0","Perindopril erbumine","0205051M0AAABAB","Perindopril erbumine 4mg tablets","02: Cardiovascular System","28.","3","84.","84.","3.87","3.43139","N","42379311000001104"
"2026-07","MIDLANDS","Y60","NHS STAFFORDSHIRE AND STOKE-ON-TRENT INTEGRATED CARE BOARD","QNC","NHS STAFFORDSHIRE AND STOKE-ON-TRENT ICB - 05V","05V00","CUMBERLAND HOUSE","M83020","CUMBERLAND HOUSE","8 HIGH STREET","STONE","STAFFORDSHIRE","ST15 8AP","0301030S0","Theophylline","0301030S0BKAAAR","Uniphyllin 400mg prolonged-release tablets","03: Respiratory System","112.","1","112.","112.","71.3","67.76125","N","2892211000001108"
"2026-07","MIDLANDS","Y60","NHS BLACK COUNTRY INTEGRATED CARE BOARD","QUA","NHS BLACK COUNTRY ICB - D2P2L","D2P2L","RANGEWAYS ROAD SURGERY","M87041","33 RANGEWAYS ROAD","HIGH ACRES","KINGSWINFORD","WEST MIDLANDS","DY6 8PN","1001040C0","Allopurinol","1001040C0AAAAAA","Allopurinol 100mg tablets","10: Musculoskeletal and Joint Diseases","112.","9","1008.","0.","23.4","18.82067","N","42099411000001101"
"2026-07","NORTH WEST","Y62","NHS GREATER MANCHESTER INTEGRATED CARE BOARD","QOP","NHS GREATER MANCHESTER ICB - 01W","01W00","VERNON PARK SURGERY","P88615","VERNON PARK SURGERY","32 BRINNINGTON ROAD","STOCKPORT","CHESHIRE","SK1 2EX","1302010U0","Urea","1302010U0AAAFAF","Urea 10% cream","13: Skin","150.","1","150.","0.","5.32","4.80738","N","41749411000001105"
"2026-07","LONDON","Y56","NHS SOUTH WEST LONDON INTEGRATED CARE BOARD","QWE","NHS SOUTH WEST LONDON ICB - 36L","36L00","ROSELAWN SURGERY","H84051","ROSELAWN","149 MALDEN ROAD","NEW MALDEN","SURREY","KT3 6AA","0206020R0","Nifedipine","0206020R0AAANAN","Nifedipine 30mg modified-release tablets","02: Cardiovascular System","7.","4","28.","28.","9.72","9.68549","N","39111711000001105"
"2026-07","NORTH EAST AND YORKSHIRE","Y63","NHS WEST YORKSHIRE INTEGRATED CARE BOARD","QWO","NHS WEST YORKSHIRE ICB - 03R","03R00","OSSETT SURGERY","B87031","CHURCH STREET SURGERY","OSSETT HEALTH VILLAGE","OSSETT","WEST YORKSHIRE","WF5 8DF","0206020F0","Felodipine","0206020F0AAACAC","Felodipine 10mg modified-release tablets","02: Cardiovascular System","7.","4","28.","56.","4.8","5.01053","N","39020511000001105"
"2026-07","EAST OF ENGLAND","Y61","NHS NORFOLK AND SUFFOLK INTEGRATED CARE BOARD","T6Y0W","NHS NORFOLK AND SUFFOLK ICB - 26A","26A00","ROUNDWELL MEDICAL CENTRE","D82023","25 DR TORRENS WAY","COSTESSEY","NORWICH","NORFOLK","NR5 0GB","1306010C0","Benzoyl peroxide","1306010C0AAABAB","Benzoyl peroxide 5% gel","13: Skin","30.","1","30.","0.","6.26","5.96062","N","41737111000001107"
"2026-07","NORTH EAST AND YORKSHIRE","Y63","NHS NORTH EAST AND NORTH CUMBRIA INTEGRATED CARE BOARD","QHM","NHS NORTH EAST AND NORTH CUMBRIA ICB - 01H","01H00","CASTLEHEAD MEDICAL CENTRE","A82028","CASTLEHEAD MEDICAL CENTRE","AMBLESIDE ROAD","KESWICK","CUMBRIA","CA12 4DB","0411000E0","Rivastigmine","0411000E0AAAGAG","Rivastigmine 9.5mg/24hours transdermal patches","04: Central Nervous System","30.","3","90.","0.","233.91","222.29714","N","12315211000001104"
"2026-07","LONDON","Y56","NHS SOUTH WEST LONDON INTEGRATED CARE BOARD","QWE","NHS SOUTH WEST LONDON ICB - 36L","36L00","EVERSLEY MEDICAL CENTRE","H83020","EVERSLEY MEDICAL CENTRE","501 LONDON ROAD","THORNTON HEATH","SURREY","CR7 6AR","0604011L0","Estradiol with progestogen","0604011L0BWAABJ","FemSeven Conti patches","06: Endocrine System","12.","1","12.","0.","46.44","44.13942","N","4338711000001100"
"2026-07","LONDON","Y56","NHS WEST AND NORTH LONDON INTEGRATED CARE BOARD","Z9B2Z","NHS WEST AND NORTH LONDON ICB - W2U3Z","W2U3Z","THE EXMOOR SURGERY","E87733","THE EXMOOR SURGERY","EXMOOR STREET","","LONDON","W10 6DZ","0601023X0","Sitagliptin","0601023X0AAAAAA","Sitagliptin 100mg tablets","06: Endocrine System","84.","1","84.","84.","6.09","4.88156","N","42089711000001108"
"2026-07","MIDLANDS","Y60","NHS SHROPSHIRE, TELFORD AND WREKIN INTEGRATED CARE BOARD","QOC","NHS SHROPSHIRE, TELFORD AND WREKIN ICB - M2L0M","M2L0M","CRAVEN ARMS SURGERY","M82046","THE SURGERY","20 SHREWSBURY ROAD","CRAVEN ARMS","SHROPSHIRE","SY7 9PY","040801060","Clobazam","040801060AABTBT","Clobazam 10mg tablets","04: Central Nervous System","30.","2","60.","30.","10.6","8.49985","N","42127011000001103"
"2026-07","MIDLANDS","Y60","NHS COVENTRY AND WARWICKSHIRE INTEGRATED CARE BOARD","QWU","NHS COVENTRY AND WARWICKSHIRE ICB - B2M3M","B2M3M","SOUTHAM SURGERY","M84026","THE SURGERY","STOWE DRIVE, SOUTHAM","LEAMINGTON SPA","WARWICKSHIRE","CV47 1NY","0601012D0","Biphasic isophane insulin","0601012D0BBAVBZ","Humulin M3 KwikPen 100units/ml inj 3ml pre-filled pens","06: Endocrine System","10.","1","10.","0.","43.4","43.4124","N","17609511000001109"
"2026-07","EAST OF ENGLAND","Y61","NHS ESSEX INTEGRATED CARE BOARD","D7T5G","NHS ESSEX ICB - 07G","07G00","HASSENGATE MEDICAL CENTRE","F81153","HASSENGATE MEDICAL CENTRE","SOUTHEND ROAD","STANFORD LE HOPE","ESSEX","SS17 0PH","0104020L0","Loperamide hydrochloride","0104020L0AAAAAA","Loperamide 2mg capsules","01: Gastro-Intestinal System","200.","1","200.","50.","5.2","4.26997","N","42354711000001104"
"2026-07","NORTH WEST","Y62","NHS CHESHIRE AND MERSEYSIDE INTEGRATED CARE BOARD","QYG","NHS CHESHIRE AND MERSEYSIDE ICB - 01X","01X00","ECCLESTON MEDICAL CENTRE","N83614","ECCLESTON MEDICAL CENTRE","4 MILLSFIELD COURT","ECCLESTON, ST HELENS","","WA10 5RG","0406000T0","Prochlorperazine maleate","0406000T0AAAKAK","Prochlorperazine 3mg buccal tablets","04: Central Nervous System","50.","3","150.","50.","91.47","91.5072","N","42040011000001107"
"2026-07","NORTH WEST","Y62","NHS LANCASHIRE AND SOUTH CUMBRIA INTEGRATED CARE BOARD","QE1","NHS LANCASHIRE AND SOUTH CUMBRIA ICB - 01A","01A00","PADIHAM GROUP PRACTICE","P81130","PADIHAM MEDICAL CENTRE","36 BURNLEY RD, PADIHAM","BURNLEY","LANCASHIRE","BB12 8BP","0204000R0","Propranolol hydrochloride","0204000R0AAAHAH","Propranolol 10mg tablets","02: Cardiovascular System","28.","15","420.","35.","10.35","8.46117","N","42380111000001101"
"2026-07","LONDON","Y56","NHS WEST AND NORTH LONDON INTEGRATED CARE BOARD","Z9B2Z","NHS WEST AND NORTH LONDON ICB - 93C","93C00","WENTWORTH GROUP PRACTICE - FINCHLEY","E83035","WENTWORTH MEDICAL PRACT","38 WENTWORTH AVENUE","FINCHLEY CENTRAL","LONDON","N3 1YL","0301020Q0","Tiotropium bromide","0301020Q0BCAAAD","Braltus 10microgram inhalation pdr caps with Zonda inhaler","03: Respiratory System","60.","3","180.","100.","154.8","147.12727","N","33594911000001100"
"2026-07","NORTH EAST AND YORKSHIRE","Y63","NHS HUMBER AND NORTH YORKSHIRE INTEGRATED CARE BOARD","QOQ","NHS HUMBER AND NORTH YORKSHIRE ICB - 42D","42D00","TOLLERTON SURGERY","B82064","10 POND VIEW","TOLLERTON","YORK","","YO61 1AG","0601022B0","Metformin hydrochloride","0601022B0AAABAB","Metformin 500mg tablets","06: Endocrine System","84.","5","420.","140.","9.45","8.39825","N","42084911000001109"
"2026-07","SOUTH EAST","Y59","NHS SURREY AND SUSSEX INTEGRATED CARE BOARD","S9B9J","CHANGE, GROW, LIVE","NMS00","SPECTRUM","Y04223","ST MARTINS HOUSE","14 THE COMMON","HATFIELD","HERTFORDSHIRE","AL10 0UR","0410030C0","Methadone hydrochloride","0410030C0BFABAF","Physeptone 1mg/ml oral solution sugar free","04: Central Nervous System","266.","1","266.","0.","3.42","3.5448","N","797411000001106"
"2026-07","NORTH WEST","Y62","NHS GREATER MANCHESTER INTEGRATED CARE BOARD","QOP","NHS GREATER MANCHESTER ICB - 02H","02H00","THE AVENUE SURGERY","P92615","LEIGH HEALTH CENTRE","THE AVENUE","LEIGH","","WN7 1HR","0302000AB","BeclometDiprop/Formoterol","0302000ABBCABAD","Fostair 200micrograms/dose / 6micrograms/dose inhaler","03: Respiratory System","1.","5","5.","0.","146.6","146.662","N","31063411000001101"
"2026-07","SOUTH EAST","Y59","NHS KENT AND MEDWAY INTEGRATED CARE BOARD","QKS","NHS KENT AND MEDWAY ICB - 91Q","91Q00","MATRIX MEDICAL PRACTICE","G82719","10A BEACON HILL","LUTON","CHATHAM","KENT","ME5 7JX","0401010R0","Nitrazepam","0401010R0AAACAC","Nitrazepam 5mg tablets","04: Central Nervous System","28.","2","56.","56.","3.88","3.12699","N","42132411000001106"
"2026-07","MIDLANDS","Y60","NHS NORTHAMPTONSHIRE INTEGRATED CARE BOARD","QPM","NHS NORTHAMPTONSHIRE ICB - 78H","78H00","THE LONG BUCKBY PRACTICE","K83019","LONG BUCKBY SURGERY","24 STATION ROAD","LONG BUCKBY","NORTHAMPTON","NN6 7QB","0906040G0","Colecalciferol","0906040G0DGAADI","TheiCal-D3 1000mg/880unit chewable tablets","09: Nutrition and Blood","30.","1","30.","0.","3.95","3.76567","N","26395511000001102"
"2026-07","NORTH EAST AND YORKSHIRE","Y63","NHS WEST YORKSHIRE INTEGRATED CARE BOARD","QWO","NHS WEST YORKSHIRE ICB - 15F","15F00","MEANWOOD HEALTH CENTRE","B86059","MEANWOOD HEALTH CENTRE","548 MEANWOOD ROAD","LEEDS","WEST YORKSHIRE","LS6 4JN","0106010E0","Ispaghula husk","0106010E0AAADAD","Ispaghula husk 3.5g efferv gran sach gluten free sugar free","01: Gastro-Intestinal System","60.","6","360.","180.","75.84","72.13713","N","38897111000001108"
"2026-07","NORTH EAST AND YORKSHIRE","Y63","NHS WEST YORKSHIRE INTEGRATED CARE BOARD","QWO","NHS WEST YORKSHIRE ICB - X2C4Y","X2C4Y","UNDERCLIFFE SURGERY","B85012","UNDERCLIFFE SURGERY","16 UNION STREET","HECKMONDWIKE","WEST YORKSHIRE","WF16 0HH","0601023AN","Empagliflozin","0601023ANAAABAB","Empagliflozin 25mg tablets","06: Endocrine System","7.","8","56.","0.","73.2","70.45342","N","25290611000001102"
"2026-07","SOUTH WEST","Y58","NHS DEVON INTEGRATED CARE BOARD","QJK","NHS DEVON ICB - 15N","15N00","AXMINSTER MEDICAL PRACTICE","L83020","THE AXMINSTER MED PRACT","ST THOMAS COURT,CHURCH ST","AXMINSTER","DEVON","EX13 5AG","0403030Q0","Sertraline hydrochloride","0403030Q0AAABAB","Sertraline 100mg tablets","04: Central Nervous System","56.","27","1512.","3024.","59.94","60.01532","N","39704011000001103"
"2026-07","EAST OF ENGLAND","Y61","NHS CENTRAL EAST INTEGRATED CARE BOARD","S1Y5D","NHS CENTRAL EAST ICB - 06K","06K00","SOUTH STREET SURGERY","E82074","SOUTH STREET SURGERY","83 SOUTH STREET","BISHOPS STORTFORD","HERTFORDSHIRE","CM23 3AP","1001040C0","Allopurinol","1001040C0AAAAAA","Allopurinol 100mg tablets","10: Musculoskeletal and Joint Diseases","84.","1","84.","0.","1.95","1.57149","N","42099411000001101"
"2026-07","NORTH WEST","Y62","NHS GREATER MANCHESTER INTEGRATED CARE BOARD","QOP","NHS GREATER MANCHESTER ICB - 14L","14L00","CHORLTON FAMILY PRACTICE","P84068","CHORLTON HEALTH CENTRE","1 NICOLAS ROAD","CHORLTON-CUM-HARDY","MANCHESTER","M21 9NJ","0913541C0","Tablets OTC glucose for diabetic hypo treatment (0913541)","0913541C0BCADAA","Lift Glucose tablets raspberry","09: Nutrition and Blood","40.","1","40.","0.","2.46","2.34988","N","19959011000001103"
"2026-07","LONDON","Y56","NHS WEST AND NORTH LONDON INTEGRATED CARE BOARD","Z9B2Z","NHS WEST AND NORTH LONDON ICB - 93C","93C00","SOMERSET GARDENS FAMILY HEALTH CENTRE","F85030","SOMERSET GDNS FAM HTH CTR","4 CREIGHTON ROAD","TOTTENHAM","LONDON","N17 8NW","2003","Wound Management & Other Dressings","20030900398","Mepilex Border Comfort dressing 10cm x 10cm","20: Dressings","10.","1","10.","0.","20.4","20.4","N","35413711000001101"
"2026-07","SOUTH EAST","Y59","NHS HAMPSHIRE AND ISLE OF WIGHT INTEGRATED CARE BOARD","QRL","NHS HAMPSHIRE AND ISLE OF WIGHT ICB - 10R","10R00","ISLAND CITY PRACTICE","J82085","LAKE ROAD PRACTICE","NUTFIELD PLACE","PORTSMOUTH","HAMPSHIRE","PO1 4JT","020400080","Carvedilol","020400080AAACAC","Carvedilol 25mg tablets","02: Cardiovascular System","112.","2","224.","448.","38.","36.13218","N","7334311000001103"
"2026-07","SOUTH EAST","Y59","NHS KENT AND MEDWAY INTEGRATED CARE BOARD","QKS","NHS KENT AND MEDWAY ICB - 91Q","91Q00","WATERFIELD HOUSE SURGERY","G82155","WATERFIELD HOUSE","186 HENWOOD GREEN ROAD","PEMBURY","TUNBRIDGE WELLS, KENT","TN2 4LR","0205051M0","Perindopril erbumine","0205051M0AAAAAA","Perindopril erbumine 2mg tablets","02: Cardiovascular System","14.","1","14.","7.","0.49","0.50417","N","42379211000001107"
"2026-07","LONDON","Y56","NHS NORTH EAST LONDON INTEGRATED CARE BOARD","QMF","NHS NORTH EAST LONDON ICB - A3A8R","A3A8R","GANTS HILL MED CTR & THE REDBRIDGE SURG","F86008","63/65 ETHELBERT GARDENS","GANTS HILL","ILFORD","ESSEX","IG2 6UW","0408010H0","Lamotrigine","0408010H0BBAAAB","Lamictal 50mg tablets","04: Central Nervous System","112.","2","224.","56.","160.08","152.1319","N","2927711000001103"
"2026-07","MIDLANDS","Y60","NHS NORTHAMPTONSHIRE INTEGRATED CARE BOARD","QPM","NHS NORTHAMPTONSHIRE ICB - 78H","78H00","SPINNEY BROOK MEDICAL CENTRE","K83028","SPINNEYBROOK MEDICAL CNTR","59 HIGH STREET","IRTHLINGBOROUGH","NORTHAMPTONSHIRE","NN9 5GA","1003020AA","Capsaicin","1003020AABDAAAB","Zacin 0.025% cream","10: Musculoskeletal and Joint Diseases","45.","1","45.","0.","17.71","16.84034","N","318011000001101"
"2026-07","NORTH EAST AND YORKSHIRE","Y63","NHS SOUTH YORKSHIRE INTEGRATED CARE BOARD","QF7","NHS SOUTH YORKSHIRE ICB - 02X","02X00","NORTHFIELD SURGERY","C86018","NORTHFIELD SURGERY","THE VERMUYDEN CENTRE","FIELDSIDE, THORNE","DONCASTER","DN8 4BQ","0205052Q0","Telmisartan","0205052Q0AAACAC","Telmisartan 20mg tablets","02: Cardiovascular System","56.","2","112.","56.","6.8","5.46162","N","42382811000001109"
"2026-07","NORTH WEST","Y62","NHS GREATER MANCHESTER INTEGRATED CARE BOARD","QOP","NHS GREATER MANCHESTER ICB - 02A","02A00","LIMELIGHT HEALTH AND WELLBEING HUB","P91020","LIMELIGHT","1 ST BRIDES WAY","OLD TRAFFORD","MANCHESTER","M16 9NW","0906027G0","Vitamin B compound","0906027G0AAAAAA","Vitamin B compound tablets","09: Nutrition and Blood","28.","2","56.","0.","91.7","73.34198","N","34820411000001106"
"2026-07","SOUTH WEST","Y58","NHS DORSET INTEGRATED CARE BOARD","QVV","NHS DORSET ICB - 11J","11J00","POUNDBURY DOCTORS SURGERY","J81082","POUNDBURY DOCTORS SURGERY","3 FREDERICK TREVES HOUSE","DORCHESTER","DORSET","DT1 2FD","2004","Gauzes & Gauze Tissue","20040200644","Cutimed Sorbact Contact swab 7cm x 9cm","20: Dressings","40.","1","40.","0.","122.","109.97252","N","10212611000001106"
"2026-07","MIDLANDS","Y60","NHS STAFFORDSHIRE AND STOKE-ON-TRENT INTEGRATED CARE BOARD","QNC","NHS STAFFORDSHIRE AND STOKE-ON-TRENT ICB - 05G","05G00","TARDIS SURGERY","M83096","THE TARDIS SURGERY","5-9 QUEEN ST, CHEADLE","STOKE-ON-TRENT","STAFFORDSHIRE","ST10 1BH","2305","Adhesive Discs/Rings/Pads/Plasters","23053370503","Secure small security frame","23: Stoma Appliances","240.","1","240.","0.","64.47","64.47","N","18734911000001106"
"2026-07","SOUTH EAST","Y59","NHS THAMES VALLEY INTEGRATED CARE BOARD","S0E4D","NHS THAMES VALLEY ICB - 14Y","14Y00","LITTLE CHALFONT SURGERY","K82621","LITTLE CHALFONT SURGERY","200 WHITE LION ROAD","LITTLE CHALFONT","BUCKINGHAMSHIRE","HP7 9NU","0202010B0","Bendroflumethiazide","0202010B0AAABAB","Bendroflumethiazide 2.5mg tablets","02: Cardiovascular System","56.","9","504.","504.","14.76","14.8716","N","42206611000001103"
"2026-07","SOUTH WEST","Y58","NHS SOMERSET INTEGRATED CARE BOARD","QSL","NHS SOMERSET ICB - 11X","11X00","GROVE HOUSE SURGERY","L85053","GROVE HOUSE SURGERY","WEST SHEPTON","SHEPTON MALLET","SOMERSET","BA4 5UH","0303020G0","Montelukast","0303020G0AAAAAA","Montelukast 5mg chewable tablets sugar free","03: Respiratory System","56.","2","112.","56.","4.04","3.25491","N","42296611000001100"
"2026-07","NORTH EAST AND YORKSHIRE","Y63","NHS WEST YORKSHIRE INTEGRATED CARE BOARD","QWO","NHS WEST YORKSHIRE ICB - 15F","15F00","ONE MEDICARE LLP-THE LIGHT","Y02002","ONE MEDICARE LLP","BALCONY, LEVEL 7","THE LIGHT, THE HEADROW","LEEDS","LS1 8TL","1304000F0","Betamethasone valerate","1304000F0AAAAAA","Betamethasone valerate 0.1% cream","13: Skin","30.","2","60.","0.","4.38","3.52675","N","41893111000001108"
"2026-07","LONDON","Y56","NHS NORTH EAST LONDON INTEGRATED CARE BOARD","QMF","NHS NORTH EAST LONDON ICB - A3A8R","A3A8R","THE BARKANTINE PRACTICE","F84747","BARKANTINE CENTRE","121 WESTFERRY ROAD","","LONDON","E14 8JH","0101021B0","Alginic acid compound preparations","0101021B0AAAHAH","Alginate raft-forming oral suspension sugar free","01: Gastro-Intestinal System","1000.","3","3000.","0.","28.14","26.77567","N","3402111000001102"
"2026-07","SOUTH WEST","Y58","NHS DORSET INTEGRATED CARE BOARD","QVV","NHS DORSET ICB - 11J","11J00","FORDINGTON SURGERY","J81626","THE SURGERY, 91 HIGH ST","FORDINGTON","DORCHESTER","DORSET","DT1 1LD","2003","Wound Management & Other Dressings","20030900354","Biatain Silicone dressing 25cm x 25cm sacral","20: Dressings","20.","2","40.","0.","255.6","230.40027","N","34353411000001101"
"2026-07","SOUTH EAST","Y59","NHS THAMES VALLEY INTEGRATED CARE BOARD","S0E4D","NHS THAMES VALLEY ICB - 15A","15A00","WOOSEHILL PRACTICE","K81092","WOOSEHILL MEDICAL CENTRE","FERNLEA DRIVE, WOOSEHILL","WOKINGHAM","BERKSHIRE","RG41 3DR","0409010W0","Pramipexole","0409010W0AAACAC","Pramipexole 88microgram tablets","04: Central Nervous System","90.","2","180.","6.336","15.36","12.30563","N","42039711000001103"
"2026-07","EAST OF ENGLAND","Y61","NHS CENTRAL EAST INTEGRATED CARE BOARD","S1Y5D","NHS CENTRAL EAST ICB - 06H","06H00","TRUMPINGTON STREET MEDICAL PRACTICE","D81013","TRUMPINGTON ST.MED.CTR","56 TRUMPINGTON STREET","CAMBRIDGE","CAMBRIDGESHIRE","CB2 1RG","1501041T0","Midazolam hydrochloride","1501041T0AAAAAA","Midazolam 10mg/2ml solution for injection ampoules","15: Anaesthesia","5.","1","5.","0.","2.58","2.6924","N","36124911000001107"
"2026-07","NORTH WEST","Y62","NHS LANCASHIRE AND SOUTH CUMBRIA INTEGRATED CARE BOARD","QE1","NHS LANCASHIRE AND SOUTH CUMBRIA ICB - 00X","00X00","REGENT HOUSE SURGERY","P81062","REGENT HOUSE SURGERY","21 REGENT ROAD","CHORLEY","LANCASHIRE","PR7 2DH","1202010A0","Azelastine hydrochloride","1202010A0AAABAB","Azelastine 140micrograms/dose nasal spray","12: Ear, Nose and Oropharynx","22.","2","44.","0.","21.","19.97888","N","42185111000001104"
"2026-07","NORTH WEST","Y62","NHS LANCASHIRE AND SOUTH CUMBRIA INTEGRATED CARE BOARD","QE1","NHS LANCASHIRE AND SOUTH CUMBRIA ICB - 01K","01K00","HAVERTHWAITE SURGERY","A82650","HAVERTHWAITE SURGERY","OAK BANK, BACKBARROW","ULVERSTON","","LA12 8AL","0103050P0","Omeprazole","0103050P0AAAAAA","Omeprazole 20mg gastro-resistant capsules","01: Gastro-Intestinal System","28.","181","5068.","5068.","155.66","136.98558","N","42356411000001102"
"2026-07","SOUTH EAST","Y59","NHS THAMES VALLEY INTEGRATED CARE BOARD","S0E4D","NHS THAMES VALLEY ICB - 14Y","14Y00","MILLBARN MEDICAL CENTRE","K82011","NEW BEACONSFIELD MED CNTR","WALKWOOD RISE","BEACONSFIELD","BUCKINGHAMSHIRE","HP9 1TX","0205052C0","Candesartan cilexetil","0205052C0AAAAAA","Candesartan 2mg tablets","02: Cardiovascular System","84.","2","168.","42.","25.92","25.9448","N","42371811000001107"
"2026-07","NORTH WEST","Y62","NHS CHESHIRE AND MERSEYSIDE INTEGRATED CARE BOARD","QYG","NHS CHESHIRE AND MERSEYSIDE ICB - 02E","02E00","MARSS NHS WARRINGTON CCG","Y07169","17-20 GLACIER BUILDINGS","HARRINGTON ROAD","LIVERPOOL","MERSEYSIDE","L3 4BH","2335","Colostomy Bags","23353353666","Option soft convex colostomy bag with filter, plus 25mm plateau 20-24mm","23: Stoma Appliances","140.","1","140.","0.","490.63","490.63","N","19798211000001101"
"2026-07","LONDON","Y56","NHS NORTH EAST LONDON INTEGRATED CARE BOARD","QMF","NHS NORTH EAST LONDON ICB - A3A8R","A3A8R","STRATFORD VILLAGE SURGERY","F84009","STRATFORD VILLAGE SURGERY","50C ROMFORD ROAD","STRATFORD","LONDON","E15 4BZ","0205051R0","Ramipril","0205051R0AAAAAA","Ramipril 1.25mg capsules","02: Cardiovascular System","7.","12","84.","21.","17.88","19.2288","N","42381011000001106"
"2026-07","NORTH EAST AND YORKSHIRE","Y63","NHS WEST YORKSHIRE INTEGRATED CARE BOARD","QWO","NHS WEST YORKSHIRE ICB - 36J","36J00","VALLEY VIEW SURGERY","B83626","UNDERCLIFFE H/CARE CENTRE","17 LOWTHER STREET","BRADFORD","","BD2 4RA","0302000AA","BeclometDiprop/Formoterol/Glycopyrronium (Corticosteroids)","0302000AABBAAAA","Trimbow 87microg/dose / 5microg/dose / 9microg/dose inh","03: Respiratory System","2.","1","2.","0.","89.","89.0124","N","34681611000001100"
"2026-07","NORTH EAST AND YORKSHIRE","Y63","NHS HUMBER AND NORTH YORKSHIRE INTEGRATED CARE BOARD","QOQ","NHS HUMBER AND NORTH YORKSHIRE ICB - 03Q","03Q00","JORVIK GILLYGATE PRACTICE","B82098","JORVIK GILLYGATE PRACTICE","WOOLPACK HSE,THE STONEBOW","YORK","","YO1 7NP","0102000P0","Mebeverine hydrochloride","0102000P0AAADAD","Mebeverine 200mg modified-release capsules","01: Gastro-Intestinal System","90.","1","90.","44.44444","16.49","13.2967","N","39107911000001102"
"2026-07","MIDLANDS","Y60","NHS BLACK COUNTRY INTEGRATED CARE BOARD","QUA","NHS BLACK COUNTRY ICB - D2P2L","D2P2L","DR ARORA RK","M88619","LYNG CENTRE FOR HEALTH","FRANK FISHER WAY","WEST BROMWICH","WEST MIDLANDS","B70 7AW","0604011G0","Estradiol","0604011G0AAAUAU","Estradiol 0.06% gel (750microgram per actuation)","06: Endocrine System","80.","2","160.","0.","18.3","17.41335","N","41739711000001100"
"2026-07","EAST OF ENGLAND","Y61","NHS CENTRAL EAST INTEGRATED CARE BOARD","S1Y5D","NHS CENTRAL EAST ICB - 06K","06K00","HALL GROVE GROUP PRACTICE","E82062","HALL GROVE PRACTICE","4 HALL GROVE","WELWYN GARDEN CITY","HERTFORDSHIRE","AL7 4PL","1304000V0","Hydrocortisone","1304000V0CFABCF","Nystaform HC cream","13: Skin","30.","1","30.","0.","9.66","9.19128","N","3088811000001101"
"2026-07","NORTH WEST","Y62","NHS CHESHIRE AND MERSEYSIDE INTEGRATED CARE BOARD","QYG","NHS CHESHIRE AND MERSEYSIDE ICB - 12F","12F00","GREASBY GROUP PRACTICE","N85032","GREASBY HEALTH CENTRE","GREASBY ROAD","GREASBY, WIRRAL","MERSEYSIDE","CH49 3AT","0407020C0","Codeine phosphate","0407020C0AAAEAE","Codeine 30mg tablets","04: Central Nervous System","224.","3","672.","224.","28.08","28.1172","N","42010411000001105"
"2026-07","LONDON","Y56","NHS SOUTH EAST LONDON INTEGRATED CARE BOARD","QKK","NHS SOUTH EAST LONDON ICB - 72Q","72Q00","KNIGHTS HILL SURGERY SUITE 1","G85047","SUITE 1","WEST NORWOOD HEALTH & LC","WEST NORWOOD","LONDON","SE27 0DF","1304000G0","Clobetasol propionate","1304000G0AABABA","Clobetasol 0.05% ointment","13: Skin","30.","2","60.","0.","5.38","5.13685","N","41894511000001101"
"2026-07","MIDLANDS","Y60","NHS STAFFORDSHIRE AND STOKE-ON-TRENT INTEGRATED CARE BOARD","QNC","NHS STAFFORDSHIRE AND STOKE-ON-TRENT ICB - 05V","05V00","MANSION HOUSE","M83069","MANSION HOUSE SURGERY","ABBEY STREET","STONE","STAFFORDSHIRE","ST15 8YE","0702020F0","Clotrimazole","0702020F0AAAJAJ","Clotrimazole 2% cream","07: Obstetrics, Gynaecology and Urinary-Tract Disorders","40.","2","80.","0.","25.64","24.38778","N","41894911000001108"
"2026-07","MIDLANDS","Y60","NHS NORTHAMPTONSHIRE INTEGRATED CARE BOARD","QPM","NHS NORTHAMPTONSHIRE ICB - 78H","78H00","WOOTTON MEDICAL CENTRE","K83055","WOOTTON MEDICAL CENTRE","36-38 HIGH STREET,WOOTTON","NORTHAMPTON","","NN4 6LW","0501013B0","Amoxicillin","0501013B0AAASAS","Amoxicillin 125mg/5ml oral suspension sugar free","05: Infections","100.","1","100.","3.33333","0.92","0.74797","N","35901911000001104"
"2026-07","NORTH WEST","Y62","NHS GREATER MANCHESTER INTEGRATED CARE BOARD","QOP","NHS GREATER MANCHESTER ICB - 00T","00T00","SWAN LANE MEDICAL CENTRE","P82004","SWAN LANE MEDICAL CENTRE","SWAN LANE","BOLTON","LANCASHIRE","BL3 6TL","0602010V0","Levothyroxine sodium","0602010V0AABZBZ","Levothyroxine sodium 100microgram tablets","06: Endocrine System","56.","24","1344.","1344.","34.56","27.92946","N","39697911000001101"
"2026-07","EAST OF ENGLAND","Y61","NHS ESSEX INTEGRATED CARE BOARD","D7T5G","NHS ESSEX ICB - 99F","99F00","CHURCH VIEW SURGERY","F81125","THE JONES FAMILY PRACTICE","55 SOUTHEND ROAD","HOCKLEY","ESSEX","SS5 4PZ","0106020M0","Senna","0106020M0AAACAC","Senna 7.5mg tablets","01: Gastro-Intestinal System","56.","2","112.","56.","2.22","1.99976","N","42358311000001108"
"2026-07","LONDON","Y56","NHS WEST AND NORTH LONDON INTEGRATED CARE BOARD","Z9B2Z","NHS WEST AND NORTH LONDON ICB - 93C","93C00","DR ME SILVER'S PRACTICE","F85666","234 FORE STREET","EDMONTON","LONDON","","N18 2LY","0704020N0","Tolterodine","0704020N0AAAAAA","Tolterodine 1mg tablets","07: Obstetrics, Gynaecology and Urinary-Tract Disorders","7.","4","28.","0.","7.04","6.07831","N","42043711000001100"
"2026-07","MIDLANDS","Y60","NHS BIRMINGHAM AND SOLIHULL INTEGRATED CARE BOARD","QHL","NHS BIRMINGHAM AND SOLIHULL ICB - 15E","15E00","KINGSHURST MEDICAL PRACTICE","M89002","KINGSHURST SURGERY","40 GILSON WAY, KINGSHURST","BIRMINGHAM","","B37 6BE","0105010B0","Mesalazine (Systemic)","0105010B0BDAKAZ","Salofalk 3g gastro-resistant modified-release gran sachets","01: Gastro-Intestinal System","60.","1","60.","112.5","97.7","92.84638","N","19641711000001102"
"2026-07","SOUTH EAST","Y59","NHS KENT AND MEDWAY INTEGRATED CARE BOARD","QKS","NHS KENT AND MEDWAY ICB - 91Q","91Q00","WHITSTABLE MEDICAL PRACTICE","G82071","ESTUARY VIEW MEDICAL CENT","BOORMAN WAY","WHITSTABLE","KENT","CT5 3SE","0406000D0","Cinnarizine","0406000D0AAAAAA","Cinnarizine 15mg tablets","04: Central Nervous System","168.","7","1176.","392.","41.02","32.88364","N","42034011000001101"
"2026-07","EAST OF ENGLAND","Y61","NHS ESSEX INTEGRATED CARE BOARD","D7T5G","NHS ESSEX ICB - 07H","07H00","FOREST PRACTICE","F81152","FOREST PRACTICE","26 PYRLES LANE","LOUGHTON","ESSEX","IG10 2NH","0204000E0","Atenolol","0204000E0AAAGAG","Atenolol 25mg tablets","02: Cardiovascular System","56.","4","224.","74.66667","4.96","4.01528","N","42370611000001103"
"2026-07","MIDLANDS","Y60","NHS LINCOLNSHIRE INTEGRATED CARE BOARD","QJM","NHS LINCOLNSHIRE ICB - 71E","71E00","KIRTON MEDICAL CENTRE","C83057","KIRTON MEDICAL CENTRE","BOSTON ROAD,KIRTON","BOSTON","","PE20 1DS","0407020C0","Codeine phosphate","0407020C0AAADAD","Codeine 15mg tablets","04: Central Nervous System","28.","12","336.","56.","12.84","12.72583","N","42010311000001103"
"2026-07","NORTH WEST","Y62","NHS LANCASHIRE AND SOUTH CUMBRIA INTEGRATED CARE BOARD","QE1","NHS LANCASHIRE AND SOUTH CUMBRIA ICB - 00X","00X00","GAB HEALTHCARE","P81127","THE SURGERY CHORLEY","32-34 ST THOMAS'S ROAD","CHORLEY","LANCASHIRE","PR7 1HR","2122","Emollients","21220000300","Epimax oatmeal cream","21: Appliances","500.","3","1500.","0.","9.57","8.96517","N","35336711000001106"
"2026-07","SOUTH EAST","Y59","NHS THAMES VALLEY INTEGRATED CARE BOARD","S0E4D","NHS THAMES VALLEY ICB - U2G6B","U2G6B","GREEN MEADOWS SURGERY","K81076","BROOK HOUSE","HEATHERWOOD HOSPITAL","BROOK AVENUE, ASCOT","","SL5 7GB","0901011F0","Ferrous fumarate","0901011F0AAAEAE","Ferrous fumarate 210mg tablets","09: Nutrition and Blood","84.","12","1008.","0.","30.48","24.51857","N","41984711000001104"
"2026-07","EAST OF ENGLAND","Y61","NHS CENTRAL EAST INTEGRATED CARE BOARD","S1Y5D","NHS CENTRAL EAST ICB - 06K","06K00","SOUTH STREET SURGERY","E82074","SOUTH STREET SURGERY","83 SOUTH STREET","BISHOPS STORTFORD","HERTFORDSHIRE","CM23 3AP","0603020T0","Prednisolone","0603020T0AAAAAA","Prednisolone 1mg tablets","06: Endocrine System","112.","12","1344.","0.","32.64","26.24556","N","42086811000001106"
"2026-07","MIDLANDS","Y60","NHS NORTHAMPTONSHIRE INTEGRATED CARE BOARD","QPM","NHS NORTHAMPTONSHIRE ICB - 78H","78H00","MARSHALLS ROAD SURGERY","K83069","MARSHALLS ROAD SURGERY","7 MARSHALLS ROAD","RAUNDS, WELLINGBOROUGH","NORTHAMPTONSHIRE","NN9 6ET","2102","Catheters","21020001587","Luja pocket size catheter male 8Ch-14Ch","21: Appliances","90.","1","90.","0.","187.29","187.29","N","42395511000001104"
"2026-07","LONDON","Y56","NHS SOUTH EAST LONDON INTEGRATED CARE BOARD","QKK","NHS SOUTH EAST LONDON ICB - 72Q","72Q00","VALLEY ROAD SURGERY","G85044","VALLEY ROAD SURGERY","139 VALLEY ROAD","STREATHAM","LONDON","SW16 2XT","0906040G0","Colecalciferol","0906040G0BNAABY","Adcal-D3 chewable tablets tutti frutti","09: Nutrition and Blood","112.","6","672.","0.","62.","58.98644","N","344111000001101"
"2026-07","MIDLANDS","Y60","NHS BLACK COUNTRY INTEGRATED CARE BOARD","QUA","NHS BLACK COUNTRY ICB - D2P2L","D2P2L","BRACE STREET HC- KUMAR","M91628","BRACE STREET HEALTH CTR","BRACE STREET, CALDMORE","WALSALL","WEST MIDLANDS","WS1 3PS","0304010J0","Hydroxyzine hydrochloride","0304010J0AAACAC","Hydroxyzine 25mg tablets","03: Respiratory System","14.","2","28.","28.","0.86","0.9124","N","42191411000001107"
"2026-07","MIDLANDS","Y60","NHS BIRMINGHAM AND SOLIHULL INTEGRATED CARE BOARD","QHL","NHS BIRMINGHAM AND SOLIHULL ICB - 15E","15E00","HILLCREST SURGERY","M85016","HILLCREST SURGERY","9 TWICKENHAM ROAD","KINGSTANDING","BIRMINGHAM","B44 0NN","0601022B0","Metformin hydrochloride","0601022B0BMAAAV","Sukkarto SR 1000mg tablets","06: Endocrine System","112.","4","448.","298.66667","41.92","39.88174","N","24568211000001104"
"2026-07","NORTH EAST AND YORKSHIRE","Y63","NHS HUMBER AND NORTH YORKSHIRE INTEGRATED CARE BOARD","QOQ","NHS HUMBER AND NORTH YORKSHIRE ICB - 02Y","02Y00","THE RIDINGS MEDICAL GROUP","B81061","BROUGH SURGERY","4 CENTURION WAY","BROUGH","","HU15 1AY","2128","Anal Irrigation System","21280000179","Qufora IrriSedo Flow 30 irrigation set","21: Appliances","1.","3","3.","0.","833.37","833.37","N","40613811000001102"
"2026-07","NORTH WEST","Y62","NHS CHESHIRE AND MERSEYSIDE INTEGRATED CARE BOARD","QYG","NHS CHESHIRE AND MERSEYSIDE ICB - 27D","27D00","KENMORE MEDICAL CENTRE","N81002","KENMORE MEDICAL CENTRE","60-62 ALDERLEY ROAD","WILMSLOW","CHESHIRE","SK9 1PA","1106000AD","Latanoprost and timolol","1106000ADBEABAC","Vizilatan Duo 50micrograms/ml / 5mg/ml eye drops","11: Eye","2.5","3","7.5","0.","40.47","38.49156","N","43036711000001101"
"2026-07","SOUTH EAST","Y59","NHS SURREY AND SUSSEX INTEGRATED CARE BOARD","S9B9J","NHS SURREY AND SUSSEX ICB - 70F","70F00","CATHEDRAL MEDICAL GROUP","H82042","CATHEDRAL MEDICAL GROUP","CAWLEY ROAD","CHICHESTER","WEST SUSSEX","PO19 1XT","2003","Wound Management & Other Dressings","20030900016","Mepitel dressing 12cm x 15cm","20: Dressings","10.","1","10.","0.","60.","60.","N","7630011000001101"
"2026-07","LONDON","Y56","NHS SOUTH EAST LONDON INTEGRATED CARE BOARD","QKK","NHS SOUTH EAST LONDON ICB - 72Q","72Q00","HETHERINGTON GROUP PRACTICE","G85045","HETHERINGTON GROUP PRACT","18 HETHERINGTON ROAD","","LONDON","SW4 7NU","0212000B0","Atorvastatin","0212000B0AAADAD","Atorvastatin 80mg tablets","02: Cardiovascular System","24.","1","24.","96.","1.14","1.02387","N","39733211000001101"
"2026-07","NORTH EAST AND YORKSHIRE","Y63","NHS NORTH EAST AND NORTH CUMBRIA INTEGRATED CARE BOARD","QHM","NHS NORTH EAST AND NORTH CUMBRIA ICB - 01H","01H00","SILLOTH GROUP MEDICAL PRACTICE","A82037","LAWN TERRACE","SILLOTH ON SOLWAY","WIGTON","CUMBRIA","CA7 4AH","0501080W0","Trimethoprim","0501080W0AAAEAE","Trimethoprim 200mg tablets","05: Infections","30.","1","30.","15.","6.35","5.08943","N","41956211000001109"
"2026-07","LONDON","Y56","NHS SOUTH EAST LONDON INTEGRATED CARE BOARD","QKK","NHS SOUTH EAST LONDON ICB - 72Q","72Q00","BEXLEY MEDICAL GROUP","G83053","171 KING HAROLDS WAY","","BEXLEYHEATH","KENT","DA7 5RB","0407010F0","Co-codamol (Codeine phosphate/paracetamol)","0407010F0AAACAC","Co-codamol 8mg/500mg effervescent tablets","04: Central Nervous System","100.","1","100.","16.66667","8.44","8.4524","N","42010111000001100"
"2026-07","EAST OF ENGLAND","Y61","NHS ESSEX INTEGRATED CARE BOARD","D7T5G","NHS ESSEX ICB - 99G","99G00","THE VALKYRIE SURGERY","F81097","VALKYRIE ROAD P.C.C","50 VALKYRIE ROAD","WESTCLIFF-ON-SEA","ESSEX","SS0 8BU","0403040X0","Mirtazapine","0403040X0AAANAN","Mirtazapine 15mg tablets","04: Central Nervous System","8.","1","8.","4.","0.4","0.5124","N","42274511000001104"
"2026-07","MIDLANDS","Y60","NHS STAFFORDSHIRE AND STOKE-ON-TRENT INTEGRATED CARE BOARD","QNC","NHS STAFFORDSHIRE AND STOKE-ON-TRENT ICB - 05V","05V00","GNOSALL","M83070","GNOSALL SURGERY/HLTH CTR","BROOKHOUSE ROAD, GNOSALL","STAFFORD","","ST20 0GP","0403040Y0","Duloxetine hydrochloride","0403040Y0AAABAB","Duloxetine 60mg gastro-resistant capsules","04: Central Nervous System","28.","12","336.","336.","25.92","21.77374","N","42294211000001107"
"2026-07","SOUTH EAST","Y59","NHS SURREY AND SUSSEX INTEGRATED CARE BOARD","S9B9J","NHS SURREY AND SUSSEX ICB - 92A","92A00","WONERSH SURGERY","H81043","WONERSH SURGERY","THE STREET, WONERSH","GUILDFORD","SURREY","GU5 0PE","0404000M0","Methylphenidate hydrochloride","0404000M0BGAIAZ","Medikinet XL 50mg capsules","04: Central Nervous System","30.","1","30.","0.","62.52","62.5324","N","24501411000001108"
"2026-07","LONDON","Y56","NHS NORTH EAST LONDON INTEGRATED CARE BOARD","QMF","NHS NORTH EAST LONDON ICB - A3A8R","A3A8R","DOCKLANDS MEDICAL CENTRE","F84656","DOCKLANDS MEDICAL CENTRE","100 SPINDRIFT AVENUE","ISLE OF DOGS","LONDON","E14 9WU","0204000H0","Bisoprolol fumarate","0204000H0AAABAB","Bisoprolol 10mg tablets","02: Cardiovascular System","7.","40","280.","280.","14.8","19.296","N","42371211000001106"
"2026-07","MIDLANDS","Y60","NHS LINCOLNSHIRE INTEGRATED CARE BOARD","QJM","NHS LINCOLNSHIRE ICB - 71E","71E00","SWINGBRIDGE SURGERY","C83008","SWINGBRIDGE SURGERY","SWINGBRIDGE ROAD","GRANTHAM","LINCOLNSHIRE","NG31 7XT","0407020A0","Fentanyl","0407020A0BEABAE","Matrifen 25micrograms/hour transdermal patches","04: Central Nervous System","10.","1","10.","0.","21.52","21.5324","N","11084911000001106"
"2026-07","EAST OF ENGLAND","Y61","NHS ESSEX INTEGRATED CARE BOARD","D7T5G","NHS ESSEX ICB - 07H","07H00","THE GOLD STREET SURGERY","F81009","THE GOLD STREET SURGERY","GOLD STREET","SAFFRON WALDEN","ESSEX","CB10 1EJ","1304000D0","Betamethasone esters","1304000D0BCABBD","Diprosalic 0.05%/2% scalp application","13: Skin","100.","1","100.","0.","10.1","9.60936","N","531811000001105"
"2026-07","SOUTH EAST","Y59","NHS SURREY AND SUSSEX INTEGRATED CARE BOARD","S9B9J","NHS SURREY AND SUSSEX ICB - 97R","97R00","HIGH GLADES MEDICAL CENTRE","G81074","HIGH GLADES MEDICAL CTR","9A UPPER CHURCH ROAD","ST LEONARDS ON SEA","EAST SUSSEX","TN37 7AT","0107020P0","Prednisolone","0107020P0BCAAAC","Scheriproct ointment","01: Gastro-Intestinal System","30.","3","90.","0.","9.69","9.24458","N","226611000001108"
"2026-07","SOUTH WEST","Y58","NHS DORSET INTEGRATED CARE BOARD","QVV","NHS DORSET ICB - 11J","11J00","WESTBOURNE MEDICAL CENTRE","J81014","WESTBOURNE MEDICAL CENTRE","MILBURN ROAD, WESTBOURNE","BOURNEMOUTH","DORSET","BH4 9HJ","0913011S0","RtS 2-2.4 kcal/ml m/sk higher protein,higher energy(0913011)","0913011S0BFAAAE","Fresubin 2kcal drink (6 flavours)","09: Nutrition and Blood","16800.","1","16800.","0.","209.16","198.75503","N","15456311000001101"
"2026-07","LONDON","Y56","NHS WEST AND NORTH LONDON INTEGRATED CARE BOARD","Z9B2Z","NHS WEST AND NORTH LONDON ICB - 93C","93C00","CLERKENWELL MEDICAL PRACTICE","F83624","CLERKENWELL MED PRACTICE","FINSBURY H/C,17 PINE ST","","LONDON","EC1R 0LP","0501050A0","Azithromycin","0501050A0AAAGAG","Azithromycin 250mg tablets","05: Infections","20.","2","40.","20.","8.7","6.98074","N","11034311000001100"
"2026-07","MIDLANDS","Y60","NHS NORTHAMPTONSHIRE INTEGRATED CARE BOARD","QPM","NHS NORTHAMPTONSHIRE ICB - 78H","78H00","ALBANY HOUSE MEDICAL CENTRE","K83026","ALBANY HOUSE MEDICAL CTR","3 QUEEN STREET","WELLINGBOROUGH","NORTHAMPTONSHIRE","NN8 4RW","0601060D0","Glucose blood testing reagents","0601060D0CUABA0","GlucoRx Nexus testing strips","06: Endocrine System","50.","1","50.","0.","8.95","8.07915","N","18334511000001103"
"2026-07","MIDLANDS","Y60","NHS STAFFORDSHIRE AND STOKE-ON-TRENT INTEGRATED CARE BOARD","QNC","NHS STAFFORDSHIRE AND STOKE-ON-TRENT ICB - 04Y","04Y00","THE COLLIERY PRACTICE","M83638","HEDNESFORD STREET SURGERY","60 HEDNESFORD STREET","CANNOCK","STAFFORDSHIRE","WS11 1DJ","0601012V0","Insulin glargine","0601012V0BBAAAA","Lantus 100units/ml solution for injection 3ml cartridges","06: Endocrine System","1.","1","1.","0.","6.95","7.0624","N","3284211000001102"
"2026-07","SOUTH EAST","Y59","NHS HAMPSHIRE AND ISLE OF WIGHT INTEGRATED CARE BOARD","QRL","NHS HAMPSHIRE AND ISLE OF WIGHT ICB - D9Y0V","D9Y0V","THE FRYERN SURGERY","J82019","THE FRYERN SURGERY","OAKMOUNT ROAD","CHANDLERS FORD,EASTLEIGH","HAMPSHIRE","SO53 2LH","0704050R0","Tadalafil","0704050R0AAADAD","Tadalafil 5mg tablets","07: Obstetrics, Gynaecology and Urinary-Tract Disorders","28.","4","112.","0.","9.16","7.37332","N","42090211000001107"
"2026-07","EAST OF ENGLAND","Y61","NHS NORFOLK AND SUFFOLK INTEGRATED CARE BOARD","T6Y0W","NHS NORFOLK AND SUFFOLK ICB - 07K","07K00","STANTON SURGERY","D83070","10 THE CHASE","STANTON","BURY ST EDMUNDS","SUFFOLK","IP31 2XA","0604011G0","Estradiol","0604011G0BCAEBL","Estraderm MX 50 patches","06: Endocrine System","24.","1","24.","0.","16.53","14.69027","N","2945011000001105"
"2026-07","SOUTH WEST","Y58","NHS DEVON INTEGRATED CARE BOARD","QJK","NHS DEVON ICB - 15N","15N00","DEVONPORT HEALTH CENTRE","L83624","DAMEREL CLOSE","DEVONPORT","PLYMOUTH","DEVON","PL1 4JZ","0603020T0","Prednisolone","0603020T0AAACAC","Prednisolone 5mg tablets","06: Endocrine System","70.","1","70.","0.","1.8","1.55156","N","42087311000001104"
"2026-07","NORTH WEST","Y62","NHS LANCASHIRE AND SOUTH CUMBRIA INTEGRATED CARE BOARD","QE1","NHS LANCASHIRE AND SOUTH CUMBRIA ICB - 01A","01A00","WHALLEY MEDICAL CENTRE","P81017","WHALLEY MEDICAL CENTRE","42 KING STREET, WHALLEY","CLITHEROE","LANCASHIRE","BB7 9SL","0103050P0","Omeprazole","0103050P0AAAMAM","Omeprazole 10mg dispersible gastro-resistant tablets","01: Gastro-Intestinal System","28.","4","112.","56.","39.04","37.14518","N","39021411000001102"
"2026-07","NORTH WEST","Y62","NHS LANCASHIRE AND SOUTH CUMBRIA INTEGRATED CARE BOARD","QE1","NHS LANCASHIRE AND SOUTH CUMBRIA ICB - 02G","02G00","STANLEY COURT SURGERY","P81674","BURSCOUGH HC, STANLEY CRT","LORD STREET, BURSCOUGH","ORMSKIRK","LANCASHIRE","L40 4LA","1108010B0","Carbomer 940/980","1108010B0AAABAB","Carbomer '980' 0.2% eye drops","11: Eye","10.","6","60.","0.","16.8","16.03766","N","42186211000001104"
"2026-07","SOUTH EAST","Y59","NHS HAMPSHIRE AND ISLE OF WIGHT INTEGRATED CARE BOARD","QRL","NHS HAMPSHIRE AND ISLE OF WIGHT ICB - D9Y0V","D9Y0V","SOUTH WIGHT MEDICAL PRACTICE","J84016","BRIGHSTONE SURGERY","NEW ROAD","BRIGHSTONE","ISLE OF WIGHT","PO30 4BB","0604011L0","Estradiol with progestogen","0604011L0BIAAAK","Kliofem tablets","06: Endocrine System","84.","5","420.","0.","57.15","51.50465","N","3043111000001107"
"2026-07","NORTH EAST AND YORKSHIRE","Y63","NHS SOUTH YORKSHIRE INTEGRATED CARE BOARD","QF7","NHS SOUTH YORKSHIRE ICB - 02P","02P00","ST GEORGE'S MEDICAL CENTRE PMS PRACTICE","C85619","ROUNDHOUSE MEDICAL CENTRE","LANGSETT COURT, NEW LODGE","BARNSLEY","","S71 1RY","0604020K0","Testosterone","0604020K0AABMBM","Testosterone 2% transdermal gel (10mg per actuation)","06: Endocrine System","60.","1","60.","0.","28.63","27.21646","N","11564011000001106"
"2026-07","LONDON","Y56","NHS NORTH EAST LONDON INTEGRATED CARE BOARD","QMF","NHS NORTH EAST LONDON ICB - A3A8R","A3A8R","GROVE SURGERY","F86062","GROVE SURGERY","103-105 GROVE ROAD","WALTHAMSTOW","LONDON","E17 9BU","0913011S0","RtS 2-2.4 kcal/ml m/sk higher protein,higher energy(0913011)","0913011S0BDAAAC","Ensure TwoCal liquid (4 flavours)","09: Nutrition and Blood","5600.","1","5600.","0.","87.08","87.0924","N","13965411000001102"
"2026-07","MIDLANDS","Y60","NHS NOTTINGHAM AND NOTTINGHAMSHIRE INTEGRATED CARE BOARD","QT1","NHS NOTTINGHAM AND NOTTINGHAMSHIRE ICB - 52R","52R00","LEEN VIEW SURGERY","C84043","BULWELL RIVERSIDE CENTRE","MAIN STREET, BULWELL","NOTTINGHAM","","NG6 8QJ","0304010W0","Promethazine hydrochloride","0304010W0AAALAL","Promethazine hydrochloride 25mg tablets","03: Respiratory System","28.","12","336.","336.","14.76","13.14991","N","42040711000001109"
"2026-07","LONDON","Y56","NHS SOUTH WEST LONDON INTEGRATED CARE BOARD","QWE","NHS SOUTH WEST LONDON ICB - 36L","36L00","WEST BARNES SURGERY","H85055","WEST BARNES SURGERY","229 WEST BARNES LANE","NEW MALDEN","SURREY","KT3 6JD","0402010AD","Aripiprazole","0402010ADAAADAD","Aripiprazole 5mg tablets","04: Central Nervous System","28.","3","84.","0.","3.12","2.53174","N","42268511000001100"
"2026-07","MIDLANDS","Y60","NHS LINCOLNSHIRE INTEGRATED CARE BOARD","QJM","NHS LINCOLNSHIRE ICB - 71E","71E00","THE SIDINGS MEDICAL PRACTICE","C83060","SLEAFORD ROAD","","BOSTON","LINCOLNSHIRE","PE21 8EG","1001030C0","Hydroxychloroquine sulfate","1001030C0AAAAAA","Hydroxychloroquine 200mg tablets","10: Musculoskeletal and Joint Diseases","120.","1","120.","0.","8.38","8.3924","N","42295211000001108"
"2026-07","NORTH WEST","Y62","NHS GREATER MANCHESTER INTEGRATED CARE BOARD","QOP","NHS GREATER MANCHESTER ICB - 00T","00T00","THE OAKS FAMILY PRACTICE","P82021","CROMPTON HEALTH CENTRE","501 CROMPTON WAY","BOLTON","","BL1 8UP","2335","Colostomy Bags","23351003849","SenSura Mio soft convex colostomy bag with filter, midi 15-33mm neutral grey","23: Stoma Appliances","90.","1","90.","0.","326.88","326.88","N","30893311000001100"
"2026-07","SOUTH EAST","Y59","NHS THAMES VALLEY INTEGRATED CARE BOARD","S0E4D","NHS THAMES VALLEY ICB - 14Y","14Y00","THREEWAYS SURGERY","K82031","THREEWAYS SURGERY","PENNYLETS GREEN","STOKE POGES","BERKSHIRE","SL2 4AZ","1304000F0","Betamethasone valerate","1304000F0AABABA","Betamethasone valerate 0.1% ointment","13: Skin","30.","2","60.","0.","2.84","2.29547","N","41893211000001102"
"2026-07","MIDLANDS","Y60","NHS COVENTRY AND WARWICKSHIRE INTEGRATED CARE BOARD","QWU","NHS COVENTRY AND WARWICKSHIRE ICB - B2M3M","B2M3M","TANWORTH-IN-ARDEN MED CTR","M84047","MEDICAL CENTRE","THE BIRCHES, BROAD LANE","TANWORTH-IN-ARDEN","SOLIHULL, WEST MIDLANDS","B94 5DY","1304000X0","Hydrocortisone acetate","1304000X0AACBCB","Hydrocortisone acetate 1% / Fusidic acid 2% cream","13: Skin","30.","11","330.","0.","66.22","59.99767","N","41900911000001106"
"2026-07","NORTH WEST","Y62","NHS GREATER MANCHESTER INTEGRATED CARE BOARD","QOP","NHS GREATER MANCHESTER ICB - 01Y","01Y00","CLARENDON MEDICAL CENTRE","P89012","CLARENDON MEDICAL CENTRE","CLARENDON STREET","HYDE","CHESHIRE","SK14 2AQ","0602010V0","Levothyroxine sodium","0602010V0AABXBX","Levothyroxine sodium 50microgram tablets","06: Endocrine System","28.","57","1596.","798.","41.04","33.51963","N","39698611000001106"
"2026-07","EAST OF ENGLAND","Y61","NHS CENTRAL EAST INTEGRATED CARE BOARD","S1Y5D","NHS CENTRAL EAST ICB - 06K","06K00","STANHOPE SURGERY","E82638","STANHOPE SURGERY","STANHOPE ROAD","WALTHAM CROSS","HERTFORDSHIRE","EN8 7DJ","0408010AE","Pregabalin","0408010AEAAAEAE","Pregabalin 150mg capsules","04: Central Nervous System","56.","10","560.","280.","20.6","20.724","N","42135111000001108"
"2026-07","LONDON","Y56","NHS SOUTH EAST LONDON INTEGRATED CARE BOARD","QKK","NHS SOUTH EAST LONDON ICB - 72Q","72Q00","THE CORNER SURGERY","G85127","THE CORNER SURGERY","99 COLDHARBOUR LANE","EAST BRIXTON","LONDON","SE5 9NS","0212000L0","Ezetimibe","0212000L0AAAAAA","Ezetimibe 10mg tablets","02: Cardiovascular System","7.","8","56.","56.","9.28","10.1792","N","42209811000001105"
"2026-07","MIDLANDS","Y60","NHS BLACK COUNTRY INTEGRATED CARE BOARD","QUA","NHS BLACK COUNTRY ICB - D2P2L","D2P2L","WARLEY MEDICAL CENTRE","M88003","WARLEY MEDICAL CENTRE","AMBROSE HOUSE, KINGSWAY","OLDBURY","WEST MIDLANDS","B68 0RT","2360","Ileostomy Bags","23604106563","Confidence BE soft convex ileostomy bag with filter and overlap, standard 25mm black","23: Stoma Appliances","30.","1","30.","0.","150.12","150.12","N","37321211000001108"
"2026-07","NORTH WEST","Y62","NHS GREATER MANCHESTER INTEGRATED CARE BOARD","QOP","NHS GREATER MANCHESTER ICB - 01W","01W00","HEATON MERSEY MED.PRACT.","P88008","HEATON MERSEY MED.PRACT","460 DIDSBURY ROAD","HEATON MERSEY","STOCKPORT,CHESHIRE","SK4 3BT","0106040G0","Lactulose","0106040G0AAAAAA","Lactulose 3.1-3.7g/5ml oral solution","01: Gastro-Intestinal System","300.","5","1500.","75.","19.","19.562","N","42354411000001105"
"2026-07","SOUTH EAST","Y59","NHS THAMES VALLEY INTEGRATED CARE BOARD","S0E4D","NHS THAMES VALLEY ICB - 14Y","14Y00","KINGSWOOD SURGERY","K82022","KINGSWOOD SURGERY","HOLLIS ROAD, TOTTERIDGE","HIGH WYCOMBE","BUCKINGHAMSHIRE","HP13 7UN","0501120P0","Ofloxacin","0501120P0AAAAAA","Ofloxacin 200mg tablets","05: Infections","30.","1","30.","15.","30.93","24.74196","N","41953411000001103"
"2026-07","NORTH WEST","Y62","NHS LANCASHIRE AND SOUTH CUMBRIA INTEGRATED CARE BOARD","QE1","NHS LANCASHIRE AND SOUTH CUMBRIA ICB - 02M","02M00","HOLLAND HOUSE SURGERY","P81077","LYTHAM PRIMARY CARE CNTR","VICTORIA STREET","LYTHAM","LANCASHIRE","FY8 5DZ","0906040G0","Colecalciferol","0906040G0AABUBU","Colecalciferol 200unit / Calcium carbonate 1.25g chew tab","09: Nutrition and Blood","28.","1","28.","0.","2.15","2.15532","N","41983711000001101"
"2026-07","LONDON","Y56","NHS SOUTH WEST LONDON INTEGRATED CARE BOARD","QWE","NHS SOUTH WEST LONDON ICB - 36L","36L00","WIMBLEDON MEDICAL PRACTICE","H85028","PATRICK DOODY HEALTH CENT","79 PELHAM ROAD","WIMBLEDON","LONDON","SW19 1NX","0303020G0","Montelukast","0303020G0AAABAB","Montelukast 10mg tablets","03: Respiratory System","7.","8","56.","56.","1.84","2.37034","N","42296311000001105"
"2026-07","NORTH WEST","Y62","NHS GREATER MANCHESTER INTEGRATED CARE BOARD","QOP","NHS GREATER MANCHESTER ICB - 14L","14L00","DRS HANIF &  BANNURU","P84032","CLAYTON HEALTH CENTRE","89 NORTH ROAD, CLAYTON","MANCHESTER","LANCASHIRE","M11 4EJ","0204000H0","Bisoprolol fumarate","0204000H0AAALAL","Bisoprolol 7.5mg tablets","02: Cardiovascular System","56.","1","56.","42.","3.56","3.5724","N","42371611000001108"
"2026-07","NORTH WEST","Y62","NHS LANCASHIRE AND SOUTH CUMBRIA INTEGRATED CARE BOARD","QE1","NHS LANCASHIRE AND SOUTH CUMBRIA ICB - 01E","01E00","ST FILLAN'S MEDICAL CTRE","P81018","ST FILLAN'S MEDICAL CTRE","2 LIVERPOOL RD,PENWORTHAM","PRESTON","LANCASHIRE","PR1 0AD","1502010J0","Lidocaine hydrochloride","1502010J0AAELEL","Lidocaine 700mg medicated plasters","15: Anaesthesia","10.","2","20.","0.","48.26","46.08117","N","116281000001109"
"2026-07","SOUTH EAST","Y59","NHS KENT AND MEDWAY INTEGRATED CARE BOARD","QKS","NHS KENT AND MEDWAY ICB - 91Q","91Q00","LONG CATLIS ROAD SURGERY","G82737","PARKWOOD HEALTH CENTRE","LONG CATLIS ROAD","RAINHAM","KENT","ME8 9PR","0501013K0","Co-amoxiclav (Amoxicillin/clavulanic acid)","0501013K0AAAJAJ","Co-amoxiclav 500mg/125mg tablets","05: Infections","21.","10","210.","70.","21.3","17.15405","N","39732211000001107"
"2026-07","MIDLANDS","Y60","NHS STAFFORDSHIRE AND STOKE-ON-TRENT INTEGRATED CARE BOARD","QNC","NHS STAFFORDSHIRE AND STOKE-ON-TRENT ICB - 05G","05G00","BIDDULPH DOCTORS","M83089","BIDDULPH PRIMARY CARE CTR","WHARF ROAD, BIDDULPH","STOKE ON TRENT","STAFFORDSHIRE","ST8 6AG","0401020K0","Diazepam","0401020K0AAAHAH","Diazepam 2mg tablets","04: Central Nervous System","28.","3","84.","16.8","2.07","1.69223","N","42128111000001101"
"2026-07","SOUTH EAST","Y59","NHS SURREY AND SUSSEX INTEGRATED CARE BOARD","S9B9J","NHS SURREY AND SUSSEX ICB - 97R","97R00","HAILSHAM MEDICAL GROUP","G81059","","","","","","0206030N0","Nicorandil","0206030N0AAAAAA","Nicorandil 10mg tablets","02: Cardiovascular System","120.","1","120.","30.","2.94","2.36303","N","42214811000001109"
"2026-07","EAST OF ENGLAND","Y61","NHS CENTRAL EAST INTEGRATED CARE BOARD","S1Y5D","NHS CENTRAL EAST ICB - 06H","06H00","TRUMPINGTON STREET MEDICAL PRACTICE","D81013","TRUMPINGTON ST.MED.CTR","56 TRUMPINGTON STREET","CAMBRIDGE","CAMBRIDGESHIRE","CB2 1RG","0403030D0","Citalopram hydrobromide","0403030D0AAACAC","Citalopram 40mg tablets","04: Central Nervous System","7.","4","28.","56.","1.04","1.28111","N","42269511000001106"
"2026-07","NORTH EAST AND YORKSHIRE","Y63","NHS NORTH EAST AND NORTH CUMBRIA INTEGRATED CARE BOARD","QHM","NHS NORTH EAST AND NORTH CUMBRIA ICB - 00L","00L00","BURN BRAE MEDICAL GROUP","A84024","HEXHAM PRIMARY CARE CTR","CORBRIDGE ROAD","HEXHAM","NORTHUMBERLAND","NE46 1QJ","1001040C0","Allopurinol","1001040C0AAABAB","Allopurinol 300mg tablets","10: Musculoskeletal and Joint Diseases","56.","32","1792.","0.","49.92","40.30949","N","42099511000001102"
"2026-07","LONDON","Y56","NHS WEST AND NORTH LONDON INTEGRATED CARE BOARD","Z9B2Z","NHS WEST AND NORTH LONDON ICB - W2U3Z","W2U3Z","SRIKRISHNAMURTHY HARROW ROAD SURGERY","E87751","574 HARROW ROAD","","LONDON","","W10 4NJ","0304010E0","Fexofenadine hydrochloride","0304010E0AAABAB","Fexofenadine 180mg tablets","03: Respiratory System","60.","3","180.","270.","18.84","15.1004","N","42189211000001108"
"2026-07","SOUTH WEST","Y58","NHS CORNWALL AND THE ISLES OF SCILLY INTEGRATED CARE BOARD","QT6","NHS CORNWALL AND THE ISLES OF SCILLY ICB - 11N","11N00","CORNWALL HEALTH FOR HOMELESS","Y00049","CWLL HEALTH FOR HOMELESS","ST PETROCS RESOURCE CTR","8 CITY ROAD","TRURO, CORNWALL","TR1 2JJ","0407010F0","Co-codamol (Codeine phosphate/paracetamol)","0407010F0BSAAAH","Zapain 30mg/500mg tablets","04: Central Nervous System","28.","1","28.","4.66667","0.87","0.93907","N","75011000001100"
"2026-07","SOUTH WEST","Y58","NHS DEVON INTEGRATED CARE BOARD","QJK","NHS DEVON ICB - 15N","15N00","MAYFLOWER MEDICAL GROUP","L83006","STIRLING ROAD MEDICAL CTR","STIRLING ROAD","PLYMOUTH","DEVON","PL5 1PL","0501030I0","Doxycycline hyclate","0501030I0AAABAB","Doxycycline 100mg capsules","05: Infections","56.","2","112.","112.","10.22","8.19603","N","41948311000001104"
"2026-07","SOUTH EAST","Y59","NHS SURREY AND SUSSEX INTEGRATED CARE BOARD","S9B9J","NHS SURREY AND SUSSEX ICB - 97R","97R00","THE LIGHTHOUSE MEDICAL PRACTICE","G81003","LIGHTHOUSE MEDICAL PRACT","6 COLLEGE ROAD","EASTBOURNE","EAST SUSSEX","BN21 4HY","0103050R0","Pantoprazole","0103050R0AAABAB","Pantoprazole 20mg gastro-resistant tablets","01: Gastro-Intestinal System","84.","1","84.","56.","2.22","1.78736","N","42357011000001109"
"2026-07","LONDON","Y56","NHS NORTH EAST LONDON INTEGRATED CARE BOARD","QMF","NHS NORTH EAST LONDON ICB - A3A8R","A3A8R","NEWHAM VICARAGE PRACTICE","F84077","VICARAGE LANE HEALTH CTR","10 VICARAGE LANE","STRATFORD","LONDON","E15 4ES","2122","Emollients","21220000324","Ultrabase cream","21: Appliances","500.","1","500.","0.","7.01","6.3306","N","3641411000001107"
"2026-07","EAST OF ENGLAND","Y61","NHS NORFOLK AND SUFFOLK INTEGRATED CARE BOARD","T6Y0W","NHS NORFOLK AND SUFFOLK ICB - 06L","06L00","FELIXSTOWE ROAD MEDICAL PRACTICE","D83004","FELIXSTOWE RD MED PRAC","235 FELIXSTOWE ROAD","IPSWICH","SUFFOLK","IP3 9BN","0411000E0","Rivastigmine","0411000E0AAAFAF","Rivastigmine 4.6mg/24hours transdermal patches","04: Central Nervous System","60.","1","60.","0.","155.94","148.18569","N","44115111000001106"
"2026-07","LONDON","Y56","NHS SOUTH EAST LONDON INTEGRATED CARE BOARD","QKK","NHS SOUTH EAST LONDON ICB - 72Q","72Q00","ELTHAM MEDICAL PRACTICE","G83680","ELTHAM COMMUNITY HOSPITAL","PASSEY PLACE","ELTHAM","LONDON","SE9 5DQ","040201030","Risperidone","040201030AAAAAA","Risperidone 1mg tablets","04: Central Nervous System","7.","5","35.","7.","1.45","1.72132","N","42278711000001101"
"2026-07","MIDLANDS","Y60","NHS DERBY AND DERBYSHIRE INTEGRATED CARE BOARD","QJ2","NHS DERBY AND DERBYSHIRE ICB - 15M","15M00","MATLOCK AND ASHOVER PRACTICE","C81611","MILKEN LANE","ASHOVER","CHESTERFIELD","","S45 0BA","0209000Z0","Ticagrelor","0209000Z0AAAAAA","Ticagrelor 90mg tablets","02: Cardiovascular System","112.","1","112.","0.","6.5","6.5124","N","42298811000001100"
"2026-07","EAST OF ENGLAND","Y61","NHS ESSEX INTEGRATED CARE BOARD","D7T5G","NHS ESSEX ICB - 99E","99E00","ROCKLEIGH COURT SURGERY","F81102","ROCKLEIGH COURT SURGERY","136 HUTTON ROAD","SHENFIELD","ESSEX","CM15 8NN","0407010H0","Paracetamol","0407010H0AAAMAM","Paracetamol 500mg tablets","04: Central Nervous System","100.","24","2400.","400.","48.","38.67518","N","42109611000001109"
"2026-07","MIDLANDS","Y60","NHS LINCOLNSHIRE INTEGRATED CARE BOARD","QJM","NHS LINCOLNSHIRE ICB - 71E","71E00","ABBEY MEDICAL PRACTICE","C83051","ABBEY MEDICAL PRACTICE","95 MONKS ROAD","LINCOLN","LINCOLNSHIRE","LN2 5HR","2127","Lymphoedema Garments","21270000608","Haddenham Microfine (20-36mmHg) toe cap with compressive toes","21: Appliances","4.","1","4.","0.","121.16","121.16","N","16469211000001106"
"2026-07","LONDON","Y56","NHS WEST AND NORTH LONDON INTEGRATED CARE BOARD","Z9B2Z","NHS WEST AND NORTH LONDON ICB - W2U3Z","W2U3Z","THE CHELSEA PRACTICE","E87665","43 CHELSEA MANOR STREET","","","LONDON","SW3 5DD","0403030Q0","Sertraline hydrochloride","0403030Q0AAAZAZ","Sertraline 25mg tablets","04: Central Nervous System","28.","4","112.","56.","21.08","16.90376","N","39134011000001104"
"2026-07","EAST OF ENGLAND","Y61","NHS NORFOLK AND SUFFOLK INTEGRATED CARE BOARD","T6Y0W","NHS NORFOLK AND SUFFOLK ICB - 26A","26A00","HINGHAM SURGERY","D82085","HINGHAM SURGEY","HARDINGHAM ST, HINGHAM","NORWICH","NORFOLK","NR9 4JB","0407041AB","Frovatriptan","0407041ABAAAAAA","Frovatriptan 2.5mg tablets","04: Central Nervous System","6.","1","6.","6.","2.93","2.35503","N","4367711000001105"
"2026-07","SOUTH EAST","Y59","NHS HAMPSHIRE AND ISLE OF WIGHT INTEGRATED CARE BOARD","QRL","NHS HAMPSHIRE AND ISLE OF WIGHT ICB - D9Y0V","D9Y0V","MEON HEALTH PRACTICE","J82154","102 HIGHLANDS ROAD","","FAREHAM","HAMPSHIRE","PO15 6JF","0913261L0","Specialist food replacer pizza bases (0913261)","0913261L0BCAAAB","Mevalia low protein pizza base","09: Nutrition and Blood","680.","1","680.","0.","17.32","16.46976","N","40787111000001106"
"2026-07","LONDON","Y56","NHS WEST AND NORTH LONDON INTEGRATED CARE BOARD","Z9B2Z","NHS WEST AND NORTH LONDON ICB - W2U3Z","W2U3Z","CROWN STREET SURGERY","E85019","CROWN STREET SURGERY","2 LOMBARD CT,CROWN STREET","ACTON","LONDON","W3 8SA","0204000R0","Propranolol hydrochloride","0204000R0AAAKAK","Propranolol 80mg tablets","02: Cardiovascular System","56.","1","56.","37.33333","2.97","2.38701","N","42380511000001105"
"2026-07","NORTH EAST AND YORKSHIRE","Y63","NHS NORTH EAST AND NORTH CUMBRIA INTEGRATED CARE BOARD","QHM","NHS NORTH EAST AND NORTH CUMBRIA ICB - 00P","00P00","KEPIER MEDICAL PRACTICE","A89021","KEPIER MEDICAL PRACTICE","LEYBURN GROVE","HOUGHTON-LE-SPRING","TYNE & WEAR","DH4 5EQ","0206020C0","Diltiazem hydrochloride","0206020C0BJABAU","Angitil SR 120 capsules","02: Cardiovascular System","14.","9","126.","84.","15.57","15.80612","N","298811000001103"
"2026-07","EAST OF ENGLAND","Y61","NHS CENTRAL EAST INTEGRATED CARE BOARD","S1Y5D","NHS CENTRAL EAST ICB - M1J4Y","M1J4Y","WHADDON HEALTHCARE","K82026","WHADDON HEALTHCARE","25 WITHAM COURT,BLETCHLEY","MILTON KEYNES","BUCKINGHAMSHIRE","MK3 7QU","0501021L0","Cefalexin","0501021L0AAABAB","Cefalexin 500mg capsules","05: Infections","10.","1","10.","5.","0.99","0.90394","N","39694811000001102"
"2026-07","EAST OF ENGLAND","Y61","NHS CENTRAL EAST INTEGRATED CARE BOARD","S1Y5D","NHS CENTRAL EAST ICB - 06H","06H00","LAKESIDE HEALTHCARE ST NEOTS","D81057","CEDAR HOUSE SURGERY","14 HUNTINGDON ST,ST NEOTS","HUNTINGDON","CAMBRIDGESHIRE","PE19 1BQ","0301011R0","Salbutamol","0301011R0AABDBD","Salbutamol 5mg/2.5ml nebuliser liquid unit dose vials","03: Respiratory System","40.","1","40.","20.","28.9","23.1189","N","39710011000001108"
"2026-07","SOUTH EAST","Y59","NHS SURREY AND SUSSEX INTEGRATED CARE BOARD","S9B9J","NHS SURREY AND SUSSEX ICB - 70F","70F00","GROVE HOUSE SURGERY","H82043","GROVE HOUSE SURGERY","80 PRYORS LANE,ROSE GREEN","BOGNOR REGIS","WEST SUSSEX","PO21 4JB","2260","Night Drainage Bags","22601006035","Coloplast drainable night drainage bag","22: Incontinence Appliances","20.","1","20.","0.","38.58","38.58","N","6766211000001105"
"2026-07","EAST OF ENGLAND","Y61","NHS ESSEX INTEGRATED CARE BOARD","D7T5G","NHS ESSEX ICB - 99F","99F00","CHURCH VIEW SURGERY","F81125","THE JONES FAMILY PRACTICE","55 SOUTHEND ROAD","HOCKLEY","ESSEX","SS5 4PZ","0409010W0","Pramipexole","0409010W0AAADAD","Pramipexole 350microgram tablets","04: Central Nervous System","30.","1","30.","4.2","4.28","4.2924","N","13133011000001101"
"2026-07","MIDLANDS","Y60","NHS BIRMINGHAM AND SOLIHULL INTEGRATED CARE BOARD","QHL","BIRMINGHAM COMMUNITY HEALTHCARE NHS FOUNDATION TRUST","RYW00","ACS NORTH","Y08841","MEDICINES OPTIMISATION","WEST HEATH HOSPITAL","BIRMINGHAM","","B38 8HR","2003","Wound Management & Other Dressings","20031600075","UrgoStart dressing 6cm x 6cm","20: Dressings","10.","1","10.","0.","48.9","44.08658","N","15905711000001101"
"2026-07","EAST OF ENGLAND","Y61","NHS ESSEX INTEGRATED CARE BOARD","D7T5G","NHS ESSEX ICB - 06Q","06Q00","COLLINGWOOD ROAD SURGERY","F81635","40 COLLINGWOOD ROAD","","WITHAM","ESSEX","CM8 2DZ","0703021Q0","Desogestrel","0703021Q0AAAAAA","Desogestrel 75microgram tablets","07: Obstetrics, Gynaecology and Urinary-Tract Disorders","168.","1","168.","0.","4.16","3.33846","N","41874011000001104"
"2026-07","EAST OF ENGLAND","Y61","NHS CENTRAL EAST INTEGRATED CARE BOARD","S1Y5D","NHS CENTRAL EAST ICB - 06K","06K00","WARDEN LODGE MEDICAL PRACTICE","E82123","WARDEN LODGE MEDICAL PRAC","GLEN LUCE,TURNERS HILL","CHESHUNT","HERTFORDSHIRE","EN8 8NW","0302000K0","Budesonide","0302000K0BDADBB","Symbicort 200microg/dose / 6microg/dose pressurised inh","03: Respiratory System","1.","15","15.","900.","420.","399.26759","N","32926011000001100"
"2026-07","EAST OF ENGLAND","Y61","NHS ESSEX INTEGRATED CARE BOARD","D7T5G","NHS ESSEX ICB - 99E","99E00","DR SIMS AND PARTNERS","Y00469","DIPPLE MED CTR, WEST WING","WICKFORD AVENUE, PITSEA","BASILDON","ESSEX","SS13 3HQ","0408010H0","Lamotrigine","0408010H0AAA1A1","Lamotrigine 200mg tablets","04: Central Nervous System","14.","9","126.","126.","7.92","8.9316","N","42130711000001104"
"2026-07","SOUTH EAST","Y59","NHS HAMPSHIRE AND ISLE OF WIGHT INTEGRATED CARE BOARD","QRL","NHS HAMPSHIRE AND ISLE OF WIGHT ICB - D9Y0V","D9Y0V","WICKHAM SURGERY","J82034","HOUGHTON WAY","MILL LANE","WICKHAM","HAMPSHIRE","PO17 5GU","0501110C0","Metronidazole","0501110C0AAAJAJ","Metronidazole 400mg tablets","05: Infections","5.","2","10.","0.","0.46","0.4088","N","41952111000001102"
"2026-07","NORTH EAST AND YORKSHIRE","Y63","NHS NORTH EAST AND NORTH CUMBRIA INTEGRATED CARE BOARD","QHM","NHS NORTH EAST AND NORTH CUMBRIA ICB - 00L","00L00","WELL CLOSE MEDICAL GROUP","A84026","WELL CLOSE SQUARE SURGERY","WELL CLOSE SQUARE","BERWICK UPON TWEED","NORTHUMBERLAND","TD15 1LL","0906040G0","Colecalciferol","0906040G0AADRDR","Colecalciferol 20,000unit capsules","09: Nutrition and Blood","4.","2","8.","0.","8.41","8.21593","N","16197311000001105"
"2026-07","LONDON","Y56","NHS SOUTH EAST LONDON INTEGRATED CARE BOARD","QKK","NHS SOUTH EAST LONDON ICB - 72Q","72Q00","ST GILES SURGERY","G85042","ST.GILES SURGERY","40 ST.GILES ROAD","CAMBERWELL","LONDON","SE5 7RF","1306010Z0","Adapalene and benzoyl peroxide","1306010Z0AAAAAA","Adapalene 0.1% / Benzoyl peroxide 2.5% gel","13: Skin","60.","1","60.","0.","27.8","26.4278","N","41736111000001109"
"2026-07","EAST OF ENGLAND","Y61","NHS ESSEX INTEGRATED CARE BOARD","D7T5G","NHS ESSEX ICB - 07H","07H00","LISTER MEDICAL CENTRE","F81027","LISTER MEDICAL CENTRE","LISTER HS,ABERCROMBIE WAY","HARLOW","ESSEX","CM18 6YJ","2130","Eye Products","21300000110","Systane eye drops","21: Appliances","10.","4","40.","0.","19.4","17.53506","N","20520711000001103"
"2026-07","SOUTH WEST","Y58","NHS SOMERSET INTEGRATED CARE BOARD","QSL","NHS SOMERSET ICB - 11X","11X00","SUMMERVALE SURGERY","L85054","ILMINSTER MEDICAL CENTRE","CANAL WAY","ILMINSTER","SOMERSET","TA19 9FE","0408010AE","Pregabalin","0408010AEAAAIAI","Pregabalin 225mg capsules","04: Central Nervous System","56.","1","56.","42.","2.2","2.2124","N","42135311000001105"
"2026-07","MIDLANDS","Y60","NHS BIRMINGHAM AND SOLIHULL INTEGRATED CARE BOARD","QHL","NHS BIRMINGHAM AND SOLIHULL ICB - 15E","15E00","FERNLEY MEDICAL CENTRE","M85116","FERNLEY MEDICAL CENTRE","560 STRATFORD ROAD","SPARKHILL","BIRMINGHAM","B11 4AN","0914021D0","Tube feed 1.2 kcal/ml with fibre (0914021)","0914021D0BBAAAA","Compleat Paediatric","09: Nutrition and Blood","24000.","1","24000.","0.","443.52","443.5324","N","38021811000001102"
"2026-07","LONDON","Y56","NHS SOUTH EAST LONDON INTEGRATED CARE BOARD","QKK","NHS SOUTH EAST LONDON ICB - 72Q","72Q00","ST MARKS PMS","G83039","ST.MARKS MEDICAL CENTRE","24 WROTTESLEY ROAD","PLUMSTEAD","LONDON","SE18 3EP","0403030Q0","Sertraline hydrochloride","0403030Q0AAAZAZ","Sertraline 25mg tablets","04: Central Nervous System","56.","2","112.","56.","21.08","16.87896","N","39134011000001104"
"2026-07","NORTH WEST","Y62","NHS LANCASHIRE AND SOUTH CUMBRIA INTEGRATED CARE BOARD","QE1","NHS LANCASHIRE AND SOUTH CUMBRIA ICB - 00X","00X00","REGENT HOUSE SURGERY","P81062","REGENT HOUSE SURGERY","21 REGENT ROAD","CHORLEY","LANCASHIRE","PR7 2DH","0102000N0","Hyoscine butylbromide","0102000N0AAABAB","Hyoscine butylbromide 10mg tablets","01: Gastro-Intestinal System","100.","6","600.","75.","70.74","57.23336","N","42037011000001109"
"2026-07","EAST OF ENGLAND","Y61","NHS CENTRAL EAST INTEGRATED CARE BOARD","S1Y5D","NHS CENTRAL EAST ICB - 06N","06N00","DAVENPORT HOUSE SURGERY","E82077","DAVENPORT HOUSE","BOWERS WAY","HARPENDEN","HERTFORDSHIRE","AL5 4HX","0407020L0","Meptazinol hydrochloride","0407020L0AAABAB","Meptazinol 200mg tablets","04: Central Nervous System","56.","1","56.","18.66667","11.06","10.62155","N","39700411000001101"
"2026-07","MIDLANDS","Y60","NHS DERBY AND DERBYSHIRE INTEGRATED CARE BOARD","QJ2","NHS DERBY AND DERBYSHIRE ICB - 15M","15M00","DRONFIELD MEDICAL PRACTICE","C81025","DRONFIELD MEDICAL CENTRE","HIGH STREET","DRONFIELD","DERBYSHIRE","S18 1PY","0704050R0","Tadalafil","0704050R0AAADAD","Tadalafil 5mg tablets","07: Obstetrics, Gynaecology and Urinary-Tract Disorders","8.","1","8.","0.","0.65","0.6321","N","42090211000001107"
"2026-07","MIDLANDS","Y60","NHS LEICESTER, LEICESTERSHIRE AND RUTLAND INTEGRATED CARE BOARD","QK1","NHS LEICESTER, LEICESTERSHIRE AND RUTLAND ICB - 04C","04C00","GROBY ROAD MEDICAL CENTRE (ID PATCHETT)","C82005","9 GROBY ROAD","","LEICESTER","LEICESTERSHIRE","LE3 9ED","0501013B0","Amoxicillin","0501013B0AAABAB","Amoxicillin 500mg capsules","05: Infections","15.","18","270.","180.","16.74","13.60738","N","39732411000001106"
"2026-07","NORTH EAST AND YORKSHIRE","Y63","NHS NORTH EAST AND NORTH CUMBRIA INTEGRATED CARE BOARD","QHM","NHS NORTH EAST AND NORTH CUMBRIA ICB - 84H","84H00","NORTH HOUSE SURGERY","A83020","NORTH HOUSE SURGERY","HOPE STREET","CROOK","COUNTY DURHAM","DL15 9HU","0601023AQ","Dulaglutide","0601023AQBBACAC","Trulicity 3mg/0.5ml solution for injection pre-filled pens","06: Endocrine System","4.","1","4.","0.","73.25","73.2624","N","39232411000001104"
"2026-07","NORTH EAST AND YORKSHIRE","Y63","NHS HUMBER AND NORTH YORKSHIRE INTEGRATED CARE BOARD","QOQ","NHS HUMBER AND NORTH YORKSHIRE ICB - 42D","42D00","KINGSWOOD SURGERY","B82014","14 WETHERBY ROAD","","HARROGATE","NORTH YORKSHIRE","HG2 7SA","0601022B0","Metformin hydrochloride","0601022B0AAASAS","Metformin 500mg modified-release tablets","06: Endocrine System","84.","2","168.","56.","4.36","3.71076","N","39113511000001101"
"2026-07","SOUTH WEST","Y58","NHS CORNWALL AND THE ISLES OF SCILLY INTEGRATED CARE BOARD","QT6","NHS CORNWALL AND THE ISLES OF SCILLY ICB - 11N","11N00","PERRANPORTH SURGERY","L82013","THE PERRANPORTH SURGERY","","PERRANPORTH","CORNWALL","TR6 0PS","0407041Z0","Zolmitriptan","0407041Z0AAACAC","Zolmitriptan 5mg/0.1ml nasal spray unit dose","04: Central Nervous System","6.","1","6.","6.","40.15","38.1627","N","39721111000001109"
"2026-07","SOUTH EAST","Y59","NHS THAMES VALLEY INTEGRATED CARE BOARD","S0E4D","NHS THAMES VALLEY ICB - 10Q","10Q00","ST BARTHOLOMEWS & HOLLOW WAY MED CENTRE","K84013","ST.BARTHOLOMEWS MED.CTR","MANZIL WAY,COWLEY ROAD","OXFORD","","OX4 1XB","0601023AG","Dapagliflozin","0601023AGAAABAB","Dapagliflozin 10mg tablets","06: Endocrine System","56.","177","9912.","0.","881.46","883.6548","N","39689811000001104"
"2026-07","LONDON","Y56","NHS SOUTH WEST LONDON INTEGRATED CARE BOARD","QWE","NHS SOUTH WEST LONDON ICB - 36L","36L00","CIRCLE GP SURGERY","H85693","GREEN WRYTHE SURGERY","411A GREEN WRYTHE LANE","CARSHALTON","SURREY","SM5 1JF","0103050R0","Pantoprazole","0103050R0AAAAAA","Pantoprazole 40mg gastro-resistant tablets","01: Gastro-Intestinal System","28.","2","56.","74.66667","1.62","1.32004","N","42357111000001105"
"2026-07","SOUTH WEST","Y58","NHS DEVON INTEGRATED CARE BOARD","QJK","NHS DEVON ICB - 15N","15N00","ST NEOTS SURGERY","L83028","ST NEOTS SURGERY","1 NORTH PROSPECT ROAD","PLYMOUTH","DEVON","PL2 3HY","2101","Other Appliances","21010900853","GlucoRx Safety lancets 1.6mm/30gauge","21: Appliances","100.","2","200.","0.","11.","9.93924","N","30737811000001105"
"2026-07","SOUTH EAST","Y59","NHS KENT AND MEDWAY INTEGRATED CARE BOARD","QKS","NHS KENT AND MEDWAY ICB - 91Q","91Q00","AYLESFORD MEDICAL CENTRE","G82058","THE NEW AYLESFORD SURGERY","ADMIRAL MOORE DRIVE","R.B.L.V., AYLESFORD","MAIDSTONE, KENT","ME20 7SE","0408010C0","Carbamazepine","0408010C0BBABAC","Tegretol 200mg tablets","04: Central Nervous System","56.","2","112.","28.","5.1","5.07079","N","443711000001108"
"2026-07","NORTH WEST","Y62","NHS GREATER MANCHESTER INTEGRATED CARE BOARD","QOP","OMNES HEALTHCARE LTD","DXV00","OMNES HEALTHCARE LTD","Y06880","EVERGREEN HOUSE, THE EDGE","CLOWES STREET","MANCHESTER","","M3 5NA","1305030C0","Tacrolimus","1305030C0BBABAC","Protopic 0.03% ointment","13: Skin","30.","2","60.","0.","46.66","44.36086","N","3383011000001101"
"2026-07","MIDLANDS","Y60","NHS LEICESTER, LEICESTERSHIRE AND RUTLAND INTEGRATED CARE BOARD","QK1","NHS LEICESTER, LEICESTERSHIRE AND RUTLAND ICB - 04V","04V00","BIRSTALL MEDICAL CENTRE","C82091","BIRSTALL MEDICAL CENTRE","4 WHILES LANE","BIRSTALL","LEICESTERSHIRE","LE4 4EE","0401020K0","Diazepam","0401020K0AAAHAH","Diazepam 2mg tablets","04: Central Nervous System","14.","14","196.","39.2","4.9","5.49131","N","42128111000001101"
"2026-07","MIDLANDS","Y60","NHS NOTTINGHAM AND NOTTINGHAMSHIRE INTEGRATED CARE BOARD","QT1","NHS NOTTINGHAM AND NOTTINGHAMSHIRE ICB - 52R","52R00","ELMSWOOD SURGERY","C84011","SHERWOOD HEALTH CENTRE","ELMSWOOD GDNS, SHERWOOD","NOTTINGHAM","","NG5 4AD","0209000A0","Aspirin","0209000A0AAABAB","Aspirin 75mg dispersible tablets","02: Cardiovascular System","4.","1","4.","2.","0.42","0.5324","N","42291811000001106"
"2026-07","NORTH EAST AND YORKSHIRE","Y63","NHS HUMBER AND NORTH YORKSHIRE INTEGRATED CARE BOARD","QOQ","NHS HUMBER AND NORTH YORKSHIRE ICB - 02Y","02Y00","EASTGATE MEDICAL GROUP, HORNSEA","B81004","EASTGATE MEDICAL GROUP","37 EASTGATE","HORNSEA","EAST YORKSHIRE","HU18 1LP","1003020P0","Ibuprofen","1003020P0AAAIAI","Ibuprofen 10% gel","10: Musculoskeletal and Joint Diseases","100.","168","16800.","0.","972.72","911.25049","N","41740611000001102"
"2026-07","LONDON","Y56","NHS NORTH EAST LONDON INTEGRATED CARE BOARD","QMF","NHS NORTH EAST LONDON ICB - A3A8R","A3A8R","ABERFELDY PRACTICE","F84698","ABERFELDY H&W CENTRE","19 ABERFELDY SQUARE","","LONDON","E14 0XA","2122","Emollients","21220000241","Epimax original cream","21: Appliances","500.","21","10500.","0.","58.9","55.02994","N","27967011000001107"
"2026-07","NORTH WEST","Y62","NHS CHESHIRE AND MERSEYSIDE INTEGRATED CARE BOARD","QYG","NHS CHESHIRE AND MERSEYSIDE ICB - 27D","27D00","PARK MEDICAL CENTRE","N81046","PARK MEDICAL CENTRE","SHAVINGTON AVE,NEWTON LNE","CHESTER","CHESHIRE","CH2 3RD","0211000P0","Tranexamic acid","0211000P0AAACAC","Tranexamic acid 500mg tablets","02: Cardiovascular System","60.","8","480.","0.","29.68","23.82934","N","41989811000001106"
